world_index,id_fixation,x,y,zoom,etape,id_zoom
536,108,260276.9315414064,6255326.551466742,19.0,1,0
537,108,260275.7536326704,6255324.051246788,19.0,1,0
538,108,260273.9274845913,6255321.126846684,19.0,1,0
539,108,260270.9434680216,6255316.287475979,18.842614741506267,1,0
540,109,260268.82703142936,6255340.715389832,18.842614741506267,1,0
541,109,260249.13630402103,6255334.872418301,18.135590882894885,1,0
542,109,260248.3601444712,6255326.826415523,18.135590882894885,1,0
543,109,260245.33560128408,6255328.867625246,18.135590882894885,1,0
554,111,260053.01517153328,6255115.791155256,15.265371970097933,1,0
555,111,260078.0107806608,6255100.477154244,15.265371970097933,1,0
556,111,260053.3849606285,6255021.703749171,15.047199897849149,1,0
558,112,260018.4263885024,6254934.550312893,15.0,1,0
559,112,260005.1553016337,6254924.04600626,15.0,1,0
560,112,260016.74194347303,6254888.019466649,15.0,1,0
560,113,259812.8753001407,6255105.069004042,15.0,1,0
561,113,259827.8897411436,6255075.398804678,15.0,1,0
562,113,259826.03745300355,6255051.196491015,15.0,1,0
563,113,259827.4310428704,6255015.999667694,15.0,1,0
564,113,259830.5897190006,6255019.213050017,15.0,1,0
564,114,259982.3373861046,6254945.038935491,15.0,1,0
565,114,259978.6995096926,6255000.62777417,15.0,1,0
566,114,259817.75186753017,6254889.926029179,14.515822246412895,1,0
567,114,259817.55494545453,6254893.146708845,14.515822246412895,1,0
567,115,259539.54303566585,6255319.064495415,14.515822246412895,1,0
568,115,259247.13651752955,6255277.729071667,14.070071794497382,1,0
569,115,259281.1791661356,6255214.336968591,14.070071794497382,1,0
569,116,259207.55775910063,6255002.808683206,14.070071794497382,1,0
570,116,259149.83143662737,6254936.965864017,14.000126685728242,1,0
571,116,259173.7499864364,6254946.820724196,14.000126685728242,1,0
572,116,259143.9795838074,6254999.976944552,14.000126685728242,1,0
573,116,259115.7198299484,6255069.172570121,13.933413270118802,1,0
573,117,259682.050870575,6255302.596011089,13.933413270118802,1,0
574,117,259654.1850976614,6255295.563582031,13.933413270118802,1,0
575,117,259268.42901201616,6255268.327996383,13.144889718736874,1,0
576,117,259326.8103229644,6255328.390663968,13.144889718736874,1,0
576,118,258333.03546534356,6255683.217117079,13.144889718736874,1,0
577,118,258321.3464455622,6255731.213847274,13.144889718736874,1,0
578,118,258191.68306358776,6255834.411861093,13.004500650112805,1,0
579,118,258280.99668888448,6255935.299883221,13.004500650112805,1,0
580,118,258263.06234854768,6255970.706525452,13.004500650112805,1,0
581,118,258330.7616105565,6255978.954995022,13.0,1,0
582,118,258404.9597466029,6256027.133895231,13.0,1,0
623,128,258678.08695890225,6255416.099820673,13.0,1,1
624,128,258695.31301991647,6255417.026101423,13.0,1,1
625,128,258706.21024754556,6255403.369303431,13.0,1,1
626,128,258716.7160234897,6255398.819087635,13.0,1,1
627,128,258669.739634427,6255395.716723689,13.0,1,1
629,129,258717.48166102145,6254483.291081396,13.664123480936048,1,1
630,129,258738.8480490001,6254471.118781825,13.664123480936048,1,1
631,129,258748.93953398248,6254483.490589112,13.664123480936048,1,1
631,130,258841.9941420588,6254963.981246588,13.664123480936048,1,1
632,130,259112.25624517043,6255022.699965728,13.979193046552645,1,1
633,130,259094.58442642196,6255032.220259069,13.979193046552645,1,1
634,130,259098.8421277468,6255009.579503523,14.0,1,1
635,130,259108.56554704157,6255036.853120589,14.0,1,1
636,130,259147.98680924263,6255018.208183897,14.0,1,1
637,130,259136.4638603101,6254986.7958263485,14.0,1,1
637,131,259652.72247947703,6255215.0532993125,14.0,1,1
638,131,259640.7569605181,6255237.498693344,14.0,1,1
639,131,259669.8042063505,6255210.135892541,14.0,1,1
640,131,259660.40389871184,6255223.428574859,14.0,1,1
641,131,259655.49435104436,6255240.070875348,14.0,1,1
641,132,259652.4201431897,6255739.60129061,14.0,1,1
642,132,259664.60092410477,6255694.026730671,14.043057180377724,1,1
643,132,259703.44197662728,6255697.687978512,14.043057180377724,1,1
643,133,259624.1111592183,6256020.715941507,14.043057180377724,1,1
644,133,259879.66015956557,6255748.714910736,14.73795573807768,1,1
645,133,259874.6525785832,6255745.557759754,14.73795573807768,1,1
646,133,259878.65805331632,6255756.109746792,14.73795573807768,1,1
647,133,260028.19253154763,6255619.489566112,15.350569387721084,1,1
648,133,260022.29296487285,6255621.32790136,15.350569387721084,1,1
649,133,260024.73164395287,6255606.788362691,15.350569387721084,1,1
649,134,260101.2034745593,6255413.796445639,15.350569387721084,1,1
650,134,260161.43120393285,6255383.346511348,15.906702587025745,1,1
651,134,260163.08922151785,6255383.75726111,15.906702587025745,1,1
652,134,260174.10222990828,6255385.387057539,16.0,1,1
653,134,260171.532098106,6255387.125679126,16.0,1,1
654,134,260177.28099800693,6255391.535661183,16.0,1,1
655,134,260179.68068977748,6255389.222880844,16.0,1,1
691,142,260085.19116906603,6255234.423746031,16.0,1,2
692,142,260085.94755650457,6255231.755153332,16.0,1,2
693,142,260084.2825200434,6255229.105781266,16.0,1,2
694,142,260085.80595596496,6255233.80499541,16.0,1,2
695,142,260085.13417348205,6255233.716426733,16.0,1,2
696,142,260122.9344491962,6255244.989487586,16.27406516067585,1,2
697,142,260122.3200045465,6255243.473340326,16.27406516067585,1,2
697,143,260142.73751647724,6255250.060944854,16.27406516067585,1,2
698,143,260196.7987285824,6255278.56707814,16.859217114935085,1,2
699,143,260197.90321244148,6255278.695663975,16.859217114935085,1,2
700,143,260196.74561028503,6255277.683251832,16.859217114935085,1,2
701,143,260208.36839794012,6255281.643561488,16.99954644181577,1,2
702,143,260206.84277396367,6255281.843672738,16.99954644181577,1,2
703,143,260206.75834749007,6255282.22359187,16.99954644181577,1,2
703,144,260194.9551846756,6255301.232084219,16.99954644181577,1,2
704,144,260195.0091150828,6255301.557548399,17.0,1,2
705,144,260198.0853731383,6255302.444619058,17.0,1,2
706,144,260185.42920984852,6255307.210797887,17.0,1,2
707,144,260195.89603197636,6255299.799859944,17.0,1,2
707,145,260165.799356662,6255232.508731011,17.0,1,2
708,145,260165.5027267671,6255232.570698332,17.0,1,2
709,145,260166.14307283677,6255233.294162962,17.0,1,2
710,145,260164.98781882023,6255233.1487012105,17.0,1,2
711,145,260164.97220312367,6255235.650612579,17.0,1,2
711,146,260191.34779804095,6255198.383457984,17.0,1,2
712,146,260192.0847085713,6255201.507464363,17.0,1,2
713,146,260190.6628942725,6255204.563506584,17.0,1,2
714,146,260194.6071390336,6255211.070229064,17.0,1,2
714,147,260192.17840275075,6255286.544081241,17.0,1,2
715,147,260193.58347374247,6255291.970065963,17.0,1,2
716,147,260193.8475396137,6255297.800606572,17.0,1,2
717,147,260195.51968343783,6255307.438908361,17.0,1,2
718,147,260192.931783228,6255314.110620755,17.0,1,2
719,147,260191.316908348,6255318.951298758,17.0,1,2
720,147,260192.3592304669,6255323.366431946,17.0,1,2
721,147,260191.1631432832,6255324.259653207,17.0,1,2
721,148,260157.3154546393,6255330.563790214,17.0,1,2
722,148,260157.5394049136,6255331.051225469,17.0,1,2
723,148,260158.15080898104,6255327.619496754,17.0,1,2
724,148,260156.64767004809,6255326.218235719,17.0,1,2
725,148,260154.18322610023,6255321.660408552,17.0,1,2
726,148,260157.97527761717,6255318.826749057,17.0,1,2
727,148,260159.9390625141,6255315.4886632655,17.0,1,2
727,149,260152.37761419985,6255353.607022818,17.0,1,2
728,149,260152.6895522612,6255354.396222013,17.0,1,2
729,149,260163.34410271127,6255355.265658487,17.11932827766483,1,2
730,149,260161.57254391364,6255356.10347311,17.11932827766483,1,2
730,150,260235.658499906,6255280.872433806,17.11932827766483,1,2
731,150,260241.9340761325,6255278.451427706,17.11932827766483,1,2
732,150,260264.9308851236,6255295.91539166,17.784645468160214,1,2
733,150,260267.8327803552,6255296.772017851,17.784645468160214,1,2
733,151,260256.71529517445,6255315.026804982,17.784645468160214,1,2
734,151,260250.27676843727,6255313.962560523,17.784645468160214,1,2
735,151,260257.7944142745,6255316.308569775,17.995698554523464,1,2
735,152,260267.9297891081,6255305.103564401,17.995698554523464,1,2
736,152,260268.7002589632,6255304.776223526,17.995698554523464,1,2
737,152,260270.8954016252,6255304.010269835,18.0,1,2
738,152,260271.6110584066,6255301.958313487,18.0,1,2
739,152,260269.58525493348,6255300.025678828,18.0,1,2
740,152,260265.7510034488,6255294.755611882,18.0,1,2
820,169,260236.5187269885,6255275.1875658445,18.0,1,3
821,169,260237.42281431425,6255275.634656991,18.0,1,3
822,169,260238.26346500823,6255275.880315903,18.0,1,3
823,169,260237.29248987936,6255275.09786315,18.0,1,3
824,169,260240.1097563108,6255273.883426668,18.0,1,3
825,169,260240.293129693,6255274.061313628,18.0,1,3
826,169,260199.34433309705,6255236.004926311,17.28182025488812,1,3
826,170,260230.435074616,6255188.974186375,17.28182025488812,1,3
827,170,260229.525993702,6255186.824123867,17.28182025488812,1,3
828,170,260230.512648921,6255187.013748774,17.28182025488812,1,3
829,170,260217.82523240687,6255158.545668713,17.02207633151588,1,3
830,170,260216.53437544245,6255156.62330221,17.02207633151588,1,3
830,171,260278.4148816519,6255110.417756921,17.02207633151588,1,3
831,171,260281.9637960728,6255112.195772737,17.02207633151588,1,3
832,171,260278.6260287997,6255107.307806178,17.0,1,3
833,171,260276.28640791445,6255105.75193437,17.0,1,3
834,171,260275.2433340552,6255106.452680212,17.0,1,3
835,171,260272.129830684,6255106.196200084,17.0,1,3
836,171,260272.86147903212,6255107.667270458,17.0,1,3
954,193,260235.01579619452,6255283.966336363,17.0,1,4
955,193,260235.18076902404,6255286.524218215,17.0,1,4
956,193,260236.3271730068,6255286.592643669,17.0,1,4
957,193,260235.34765537432,6255286.574806921,17.0,1,4
958,194,260236.1799002448,6255373.602373858,17.0,1,4
959,194,260225.1901478435,6255380.720659941,16.77421176441978,1,4
960,194,260223.9439077508,6255379.903219465,16.77421176441978,1,4
961,194,260228.0124492976,6255376.388189454,16.77421176441978,1,4
962,194,260185.94579342645,6255399.279428198,16.11559014446575,1,4
962,195,260216.18660154095,6255317.976765982,16.11559014446575,1,4
963,195,260218.91107368027,6255317.618545078,16.11559014446575,1,4
964,195,260207.76382955845,6255317.805676573,16.001815659991088,1,4
965,195,260206.44051954048,6255322.749455778,16.001815659991088,1,4
966,195,260206.26988435147,6255319.411729099,16.001815659991088,1,4
967,195,260202.0340844633,6255317.396957043,16.0,1,4
968,195,260200.0026087677,6255314.592897322,16.0,1,4
968,196,260197.27556825933,6255328.166815943,16.0,1,4
969,196,260199.15888277243,6255325.335693571,16.0,1,4
970,196,260200.354696596,6255322.95971579,16.0,1,4
971,196,260199.50413659785,6255324.970962837,16.0,1,4
972,196,260199.10926791155,6255322.92296594,16.0,1,4
973,197,259784.40106122955,6255603.885413794,16.0,1,4
974,197,259780.70140543155,6255596.519605897,16.0,1,4
975,197,259778.20426077995,6255597.95331136,16.0,1,4
976,197,259780.95029981635,6255602.224597329,16.0,1,4
977,197,259779.7434832481,6255601.175919588,16.0,1,4
977,198,259784.48177080357,6255749.293654808,16.0,1,4
978,198,259784.9542054225,6255746.975031396,16.0,1,4
979,198,259789.08002964,6255748.675365482,16.0,1,4
980,198,259786.5193287616,6255747.679736689,16.0,1,4
981,198,259786.5024487745,6255750.53361629,16.0,1,4
982,198,259785.54541501147,6255748.835896211,16.0,1,4
983,198,259784.3099639712,6255748.235136103,16.0,1,4
983,199,259765.2266259948,6255730.745128812,16.0,1,4
984,199,259769.95842124743,6255730.322428649,16.0,1,4
985,199,259768.78768821445,6255727.40458278,16.0,1,4
986,199,259767.2941852255,6255725.810961649,16.0,1,4
987,200,260127.4453168124,6255356.990692392,16.0,1,4
988,200,260127.6972181585,6255356.337805927,16.0,1,4
989,200,260127.8404588588,6255358.146236853,16.0,1,4
990,200,260127.9119425289,6255370.455591582,16.0,1,4
991,200,260132.05184479232,6255363.997305097,16.0,1,4
991,201,260052.74884527625,6255302.343664734,16.0,1,4
992,201,260054.63202310927,6255298.898712222,16.0,1,4
993,201,259952.5888050407,6255282.299801253,15.498461041377055,1,4
994,201,259943.69230201663,6255278.707501828,15.498461041377055,1,4
994,202,259750.18192049096,6255139.766799049,15.498461041377055,1,4
995,202,259554.86906134608,6255073.951367296,15.061060752972615,1,4
996,202,259569.1380040099,6255073.354131275,15.061060752972615,1,4
997,202,259564.60655676067,6255075.407609127,15.061060752972615,1,4
998,202,259522.8652917632,6255057.520138279,15.000033655582474,1,4
999,202,259525.4893509728,6255059.223815452,15.000033655582474,1,4
1040,208,259817.6154393567,6255067.356142874,15.0,1,5
1041,208,259813.37425717065,6255063.075938531,15.0,1,5
1042,208,259628.08776609163,6254967.059933623,14.524707749213556,1,5
1043,208,259626.44852747963,6254967.564417049,14.524707749213556,1,5
1044,208,259620.25506711588,6254954.455971016,14.524707749213556,1,5
1044,209,259714.018489654,6254780.0487827165,14.524707749213556,1,5
1045,209,259496.7352702027,6254572.358963438,14.070071794497382,1,5
1046,209,259497.21544830775,6254575.034771553,14.070071794497382,1,5
1047,209,259496.5811132406,6254574.302981683,14.070071794497382,1,5
1048,209,259441.34810297817,6254523.1137443455,14.000126685728242,1,5
1049,209,259441.2874223613,6254529.905258384,14.000126685728242,1,5
1049,210,259445.72366745767,6254419.790234017,14.000126685728242,1,5
1050,210,259434.57633677108,6254446.395837969,14.0,1,5
1051,210,259444.7622813806,6254415.776293095,14.0,1,5
1052,210,259451.59737769896,6254426.097619302,14.0,1,5
1053,210,259450.93529950015,6254426.007820504,14.0,1,5
1054,210,259461.55479325223,6254430.249276049,14.0,1,5
1083,218,260695.66308864017,6253939.839589369,14.0,1,6
1084,218,260767.4556556735,6253958.378120636,14.0,1,6
1085,218,260740.45095662127,6253941.580209902,14.0,1,6
1086,218,260774.61058332652,6253947.447884773,14.0,1,6
1087,218,260770.32394346112,6253921.816765683,13.96605409386268,1,6
1088,218,260717.00453294744,6253906.679942648,13.96605409386268,1,6
1089,218,261079.4137728804,6252863.364208542,13.183054661452704,1,6
1089,219,261311.13315021605,6252875.809685081,13.183054661452704,1,6
1090,219,261330.08874243568,6252868.84905986,13.183054661452704,1,6
1091,219,261288.77574143632,6252909.279522061,13.183054661452704,1,6
1092,219,261445.9325400382,6252649.987093542,13.008130397336986,1,6
1092,220,261400.8206439349,6253780.539771233,13.008130397336986,1,6
1093,220,261386.5901185987,6253721.389121561,13.008130397336986,1,6
1094,220,261323.6085186521,6253702.900338763,13.008130397336986,1,6
1203,243,258220.67596443684,6255093.592438431,13.0,1,7
1204,243,258262.0435506576,6254943.562019571,13.0,1,7
1205,243,258353.08230995585,6254928.111705864,13.0,1,7
1206,243,258294.06550126267,6254788.265454772,13.0,1,7
1207,243,258405.9983761752,6254762.634549922,13.144362994667553,1,7
1207,244,257726.1612162248,6255502.467023891,13.144362994667553,1,7
1208,244,257681.1109672575,6255412.566616277,13.144362994667553,1,7
1209,244,257619.0973132433,6255267.5132535165,13.144362994667553,1,7
1210,244,258557.37053997105,6255265.42908777,13.79765278585334,1,7
1210,245,258974.5550131834,6255809.092354291,13.79765278585334,1,7
1211,245,258958.3478176352,6255747.180505599,13.79765278585334,1,7
1212,245,259132.8552211025,6255681.770819297,13.996685657553629,1,7
1213,245,259169.97824229603,6255692.606598226,13.996685657553629,1,7
1214,245,259181.03944553903,6255726.390654487,13.996685657553629,1,7
1215,245,259211.733307244,6255760.543129213,14.025889040157148,1,7
1216,245,259258.00203287468,6255761.833532729,14.025889040157148,1,7
1218,246,259490.92555121964,6255198.841443214,14.73300665895943,1,7
1219,246,259509.306028248,6255214.415377084,14.73300665895943,1,7
1220,246,259638.67565978423,6255240.715797188,15.001203763883847,1,7
1220,247,259801.743321194,6254935.6357858535,15.001203763883847,1,7
1221,247,259799.4615754425,6254952.962331744,15.001203763883847,1,7
1222,247,259976.32592209283,6255092.891004791,15.724463920552608,1,7
1223,247,259962.8732953712,6255077.807146261,15.724463920552608,1,7
1224,248,260023.6103436461,6255286.110203475,15.724463920552608,1,7
1225,248,260067.6143642868,6255285.206720713,15.989468354896662,1,7
1226,248,260068.09390884667,6255283.426705828,15.989468354896662,1,7
1227,248,260074.2095739195,6255286.63397057,16.0,1,7
1228,248,260074.18442478887,6255289.21091929,16.0,1,7
2088,403,273562.5911472604,6250831.235819303,19.0,3,8
2089,403,273562.3581931873,6250830.30281133,19.0,3,8
2090,403,273562.34050166234,6250830.478141946,19.0,3,8
2091,403,273513.27735587256,6250831.776204555,18.457334334153263,3,8
2092,403,273512.65348674473,6250831.747002687,18.457334334153263,3,8
2092,404,273518.8636823252,6250823.522491029,18.457334334153263,3,8
2093,404,273519.53869438655,6250821.710939262,18.457334334153263,3,8
2094,404,273471.4586556421,6250818.7189017,18.057694009986403,3,8
2095,404,273471.536086383,6250819.038752873,18.057694009986403,3,8
2095,405,273454.5556086276,6250838.81375482,18.057694009986403,3,8
2096,405,273445.4254652772,6250840.141429164,18.000009971942585,3,8
2097,405,273444.4180547912,6250840.742069797,18.000009971942585,3,8
2098,405,273443.7737962946,6250840.539362789,18.0,3,8
2099,405,273443.0207916875,6250839.250504017,18.0,3,8
2177,422,273568.0062643314,6250848.192250062,18.0,3,9
2178,422,273571.9504065824,6250847.599485737,18.0,3,9
2179,422,273571.78823569405,6250853.748896648,18.0,3,9
2180,422,273557.3221621943,6250922.827302549,17.215217813561573,3,9
2180,423,273525.6263369268,6250946.815427508,17.215217813561573,3,9
2181,423,273529.9812449246,6250954.469380236,17.215217813561573,3,9
2182,423,273534.82435520453,6250951.1658025775,17.215217813561573,3,9
2183,423,273524.9404288672,6250975.184663627,17.012734441472915,3,9
2183,424,273562.3342346609,6250900.748746831,17.012734441472915,3,9
2184,424,273562.1693568235,6250899.6423752215,17.012734441472915,3,9
2185,424,273563.1556433117,6250892.137749445,17.012734441472915,3,9
2186,424,273568.5920056622,6250899.514119027,17.012734441472915,3,9
2301,450,274151.87498227187,6251428.924086573,16.0,3,11
2302,450,274162.4309197972,6251431.231177604,16.0,3,11
2303,450,274456.499479914,6251782.4628100535,15.377163003837484,3,11
2304,450,274443.01190627343,6251789.867957759,15.377163003837484,3,11
2304,451,274356.37210432347,6251741.242699634,15.377163003837484,3,11
2305,451,274362.47815592744,6251744.990025451,15.377163003837484,3,11
2306,451,274549.6365472386,6251978.628203602,15.040134904485644,3,11
2307,451,274550.9025735444,6251993.635480567,15.040134904485644,3,11
2336,458,270701.85938757344,6251361.799508479,15.0,3,12
2337,458,270699.8188055691,6251366.9777008,15.0,3,12
2338,458,270698.16597634554,6251368.463993915,15.0,3,12
2339,458,270695.69141807343,6251364.725350131,15.0,3,12
2340,459,269656.87832468026,6251584.261889075,14.489980309253951,3,12
2341,459,269658.2273634925,6251587.544281742,14.489980309253951,3,12
2342,459,268308.8553804522,6251864.279196867,14.066363455540785,3,12
2342,460,268710.61001057766,6251847.77595318,14.066363455540785,3,12
2343,460,268707.46776635066,6251849.813673499,14.066363455540785,3,12
2344,460,268700.7386748791,6251850.373473863,14.066363455540785,3,12
2345,460,268471.84827260446,6251893.995705656,14.00007977747069,3,12
2346,460,268475.65986361227,6251890.298167849,14.00007977747069,3,12
2346,461,268441.6109854437,6252209.280301655,14.00007977747069,3,12
2347,461,268444.2640036716,6252214.268779558,14.00007977747069,3,12
2348,461,268445.03447654453,6252220.306072534,14.0,3,12
2349,461,268442.5954209174,6252225.678623896,14.0,3,12
2351,462,269552.0499319911,6252256.36705552,14.0,3,12
2352,462,269564.21664399473,6252249.808052918,14.0,3,12
2353,462,269574.5474694653,6252251.9503078,14.0,3,12
2354,462,269578.33692406106,6252267.86068658,14.0,3,12
2355,462,269580.86864876724,6252273.883971697,14.0,3,12
2357,463,271431.878830265,6252820.24569014,14.0,3,12
2358,463,271416.5676568572,6252825.247360166,14.0,3,12
2359,463,271422.7811322738,6252824.54311617,14.0,3,12
2360,463,271422.89293656085,6252804.696966792,14.0,3,12
2361,463,271425.678749494,6252793.205180913,14.0,3,12
2361,464,271524.8204493246,6253348.666100829,14.0,3,12
2362,464,271526.8780309111,6253350.626912935,14.0,3,12
2363,464,271520.7397295261,6253356.204279363,14.0,3,12
2364,464,271520.4469608428,6253353.84613833,14.0,3,12
2365,464,271523.94569695625,6253340.758271079,14.0,3,12
2367,465,274351.47365704534,6252850.152380175,14.0,3,12
2368,465,274690.830779845,6253800.500737738,13.441746192368695,3,12
2369,465,274674.00065910263,6253791.0084361285,13.441746192368695,3,12
2369,466,275022.8163027736,6253599.735977554,13.441746192368695,3,12
2370,466,275014.2128635517,6253610.159305407,13.441746192368695,3,12
2371,466,275420.2624849942,6254506.457711621,13.051350212336894,3,12
2372,466,275431.54685623886,6254517.028895619,13.051350212336894,3,12
2373,467,273176.3809855681,6254128.861667008,13.051350212336894,3,12
2374,467,273182.9004293372,6254188.276428091,13.000001246489054,3,12
2375,467,273186.0954596022,6254190.046569987,13.000001246489054,3,12
2782,536,256239.3729522509,6255836.156443234,19.0,4,13
2783,536,256238.54144203576,6255835.7364724,19.0,4,13
2784,536,256238.44581725053,6255834.815112132,19.0,4,13
2785,536,256239.5452374635,6255835.701337082,19.0,4,13
2786,537,256212.37178979523,6255832.776245035,19.0,4,13
2787,537,256192.4908952456,6255810.42818068,18.28182025488812,4,13
2788,537,256192.4917665512,6255810.641741898,18.28182025488812,4,13
2788,538,256188.74211695403,6255800.585044827,18.28182025488812,4,13
2789,538,256188.7929618518,6255800.488983384,18.28182025488812,4,13
2790,538,256178.79953850564,6255788.893788379,18.02474564859568,4,13
2791,538,256178.7643037335,6255788.148429356,18.02474564859568,4,13
2792,538,256176.3354638147,6255785.570676778,18.0,4,13
2793,538,256175.6909490033,6255787.069386424,18.0,4,13
2793,539,256181.814454772,6255808.779706564,18.0,4,13
2794,539,256181.76159375976,6255808.745147865,18.0,4,13
2795,539,256182.71592809167,6255807.086983848,18.0,4,13
2796,539,256182.8865048035,6255807.109241341,18.0,4,13
2797,539,256182.678785286,6255807.65599147,18.0,4,13
2798,540,256236.42647525025,6255742.473308327,18.0,4,13
2799,540,256235.60950437625,6255741.70924972,18.0,4,13
2800,540,256235.66865267116,6255742.522109514,18.0,4,13
2800,541,256245.9727230204,6255755.516795136,18.0,4,13
2801,541,256247.52930385587,6255755.510010253,18.0,4,13
2802,541,256246.32956048063,6255755.09734326,18.0,4,13
2803,541,256242.72602493316,6255753.316532384,18.0,4,13
2806,542,256320.78147722385,6255652.1767922165,18.0,4,13
2807,542,256325.2109020192,6255654.018628603,18.0,4,13
2808,542,256328.378257333,6255654.41351651,18.0,4,13
2809,542,256321.45691589828,6255652.604047669,18.0,4,13
2809,543,256340.50355527925,6255657.623535222,18.0,4,13
2810,543,256344.18339246887,6255657.603372779,18.0,4,13
2811,543,256343.66612679104,6255657.325077232,18.0,4,13
2812,543,256336.568365572,6255659.986442973,18.0,4,13
2813,543,256344.90236374165,6255658.856135203,18.0,4,13
2814,543,256345.8552629329,6255659.324311383,18.0,4,13
2814,544,256324.0448844481,6255663.338002428,18.0,4,13
2815,544,256320.7618636356,6255663.012731654,18.0,4,13
2816,544,256345.40726205427,6255588.137100998,17.571291613175315,4,13
2817,544,256350.4643258122,6255589.3584432285,17.571291613175315,4,13
2821,545,256417.2320989492,6255739.177370418,17.00022683257487,4,13
2822,545,256422.22888287588,6255742.521234785,17.00022683257487,4,13
2823,545,256419.1543383845,6255741.307834808,17.00022683257487,4,13
2824,545,256418.57214009177,6255739.882764818,17.0,4,13
2825,545,256422.03909809177,6255739.705396816,17.0,4,13
2826,545,256414.19065582665,6255738.154753021,17.0,4,13
2849,549,255741.7012636678,6255614.214306198,17.0,4,14
2850,549,255743.07083201452,6255613.603205389,17.0,4,14
2851,549,255743.04933907551,6255614.204695881,17.0,4,14
2852,549,255739.8524266992,6255612.637599224,17.0,4,14
2852,550,255769.13370296016,6255575.047845523,17.0,4,14
2853,550,255493.8121666743,6255407.031548007,16.338714646958913,4,14
2854,550,255498.42552480797,6255408.941407753,16.338714646958913,4,14
2855,550,255499.46800216247,6255407.952767321,16.338714646958913,4,14
2856,550,255323.11149308467,6255300.075409472,16.031809107560655,4,14
2858,551,256057.30249800085,6255545.480912796,16.031809107560655,4,14
2859,551,255942.7195868077,6255330.681990937,15.301801853984744,4,14
2860,551,255942.36898382395,6255329.339537434,15.301801853984744,4,14
2861,551,255939.5568418648,6255330.068518875,15.301801853984744,4,14
2861,552,256222.9591463467,6255221.332404701,15.301801853984744,4,14
2862,552,256220.5020548121,6255090.409779896,15.024108147231384,4,14
2863,552,256221.5959244377,6255085.977006981,15.024108147231384,4,14
2864,552,256211.17379576652,6255072.527291075,15.0,4,14
2865,552,256203.00989592852,6255064.852722929,15.0,4,14
2960,571,254982.1460347981,6255819.615001404,15.0,4,15
2961,571,254225.2263774166,6255797.092221542,14.326646200701802,4,15
2962,571,254227.02989491707,6255804.904466901,14.326646200701802,4,15
3687,697,539832.0788057412,5741106.698809197,10.0,5,16
3688,697,540336.6009817256,5741297.465899133,10.0,5,16
3689,697,540284.115839623,5741373.152754366,10.0,5,16
3690,697,540213.5058284478,5741424.237199239,10.0,5,16
3691,697,540216.4624914529,5741485.880998638,10.0,5,16
3692,698,550118.9742123205,5743677.365303917,10.0,5,16
3693,698,548774.72475279,5743469.484777334,10.0,5,16
3694,698,550633.4164392838,5743824.466303893,10.44684736196669,5,16
3695,699,548320.8833124294,5743879.278775966,10.44684736196669,5,16
3696,699,549512.3710180396,5744236.179319724,10.925278961917558,5,16
3697,699,549399.5775405699,5744261.115305768,10.925278961917558,5,16
3698,699,549560.1471420367,5744293.378699184,10.925278961917558,5,16
3699,699,549449.1723483338,5744314.98918331,11.0,5,16
3700,699,549738.6016644583,5744399.946226767,11.0,5,16
3701,699,549454.5783179703,5744376.500129694,11.0,5,16
3701,700,551619.4373480361,5746419.759833031,11.0,5,16
3702,700,551557.1199893131,5746472.379468311,11.0,5,16
3703,700,551986.750241279,5746482.771526448,11.0,5,16
3704,700,552120.6879501629,5746471.277280327,11.0,5,16
3705,700,552144.2319101577,5746514.424987617,11.0,5,16
3706,700,551819.068959785,5746266.68855625,11.0,5,16
3707,700,551712.6378391248,5746331.998114794,11.0,5,16
3708,700,551874.4145421322,5746460.31444627,11.0,5,16
3708,701,548967.8529789204,5748279.456032187,11.0,5,16
3709,701,549011.2538176774,5748291.909772311,11.0,5,16
3710,701,548978.5205840528,5748154.269127308,11.0,5,16
3711,701,548976.1587526582,5748453.3901529545,11.0,5,16
3712,701,549946.0882662681,5747487.309835101,11.529251422938843,5,16
3712,702,547519.0656288887,5747739.245933379,11.529251422938843,5,16
3713,702,547493.5355041962,5747720.135844049,11.529251422938843,5,16
3714,702,547464.6565205548,5747771.567725859,11.529251422938843,5,16
3715,702,548781.4215533473,5747124.981424937,11.95174675883464,5,16
3716,702,548798.3516189816,5747151.026070785,11.95174675883464,5,16
3717,702,548765.172127456,5747173.440543783,11.95174675883464,5,16
3718,702,548820.4155616479,5746953.894747132,12.0,5,16
3723,703,551860.106600011,5746899.0679486245,12.91308156687064,5,16
3724,703,551869.8711649623,5746949.090294673,12.91308156687064,5,16
3725,703,551864.5615085687,5746963.613459159,12.91308156687064,5,16
3726,703,551892.7164693907,5746872.327585208,13.0,5,16
3727,703,551903.7864606124,5746862.462018654,13.0,5,16
4030,749,544683.4364241527,5744182.170773495,13.0,5,17
4031,749,544620.7377280691,5744159.999081278,13.0,5,17
4032,749,544591.3698308216,5744137.799096289,13.0,5,17
4033,749,544585.5163706766,5744143.5087006735,13.0,5,17
4033,750,543735.4508809368,5743578.396255174,13.0,5,17
4034,750,543738.6084636266,5743595.535524351,13.0,5,17
4035,750,540295.9026607682,5742203.203111887,12.552215587735276,5,17
4036,750,540321.3461735515,5742159.598364862,12.552215587735276,5,17
4037,750,540297.1815290271,5742215.700320638,12.552215587735276,5,17
4040,751,544451.6179265609,5747663.560885429,12.0013759944751,5,17
4041,751,544595.7380040096,5747780.283892368,12.0013759944751,5,17
4042,751,544588.0103800584,5747791.877786191,12.0013759944751,5,17
4043,751,544586.6955697307,5747796.448312642,12.0,5,17
4193,775,537292.0688699761,5755485.24526359,12.0,5,18
4194,775,537280.7266120797,5755379.78949182,12.0,5,18
4195,775,537093.8192441411,5755480.444648038,11.982859048571958,5,18
4196,775,537041.7126132428,5755554.780498138,11.982859048571958,5,18
4196,776,535749.7362741763,5755637.277407807,11.982859048571958,5,18
4197,776,535731.1518967103,5755627.171934716,11.982859048571958,5,18
4198,776,522396.68910036905,5761792.052658588,11.161418268564598,5,18
4199,776,522408.3011840216,5761762.077996075,11.161418268564598,5,18
4202,777,521468.8883541027,5746877.767612421,11.00511467257623,5,18
4203,777,521173.6015827202,5746773.513661343,11.00511467257623,5,18
4204,777,520831.85310969816,5746812.112572735,11.0,5,18
4205,777,520814.5341062448,5746849.754260587,11.0,5,18
4241,784,561894.8439951129,5731507.196651286,11.0,5,19
4242,784,561580.4579939186,5731588.357542825,11.0,5,19
4243,784,561228.0071434145,5731277.57989515,11.0,5,19
4244,784,561720.8470015193,5731505.676222326,11.0,5,19
4247,785,533501.3045462058,5752941.929604071,10.320745800365016,5,19
4248,785,528994.7934285228,5754306.90880202,10.027625734116045,5,19
4249,785,529055.885935249,5754363.77271868,10.027625734116045,5,19
4292,796,527333.1217495841,5740468.35684415,10.0,5,20
4293,796,527733.3122105924,5740076.263309752,10.0,5,20
4294,796,528022.1117050117,5740893.073174687,10.0,5,20
4295,796,527777.111061677,5741184.424759141,10.0,5,20
4296,796,528578.8652254808,5742135.410761018,10.025889040157148,5,20
4296,797,521959.1027096309,5738573.558750582,10.025889040157148,5,20
4297,797,521786.9501001557,5739272.928458076,10.025889040157148,5,20
4298,797,528127.8476589613,5738910.793507207,10.737955738077678,5,20
4299,797,527959.27614519,5739219.355690897,10.737955738077678,5,20
4300,797,529187.238386466,5739528.296355428,10.990445472968666,5,20
4301,797,529887.3028210516,5739256.634406309,10.990445472968666,5,20
4302,798,532890.3788508862,5743705.280852384,10.990445472968666,5,20
4303,798,532702.7120532044,5743533.841501533,11.0,5,20
4304,798,532622.8646570191,5743336.948411417,11.0,5,20
4305,798,532814.0461608896,5743155.948478395,11.0,5,20
4306,798,532679.8678951043,5742775.103166013,11.0,5,20
4307,798,532704.273486182,5742769.356042953,11.0,5,20
4308,798,532428.9582995212,5742591.603628098,11.0,5,20
4308,799,532576.1353855005,5742973.787311603,11.0,5,20
4309,799,532900.6247765495,5743106.468110678,11.0,5,20
4310,799,533252.7300998681,5743230.493781787,11.0,5,20
4311,799,533135.4651711255,5743028.286571034,11.0,5,20
4312,799,533215.671215782,5742373.660715678,11.0,5,20
4313,799,533850.5753617232,5742635.447495218,11.160936109251264,5,20
4314,799,533955.0046194758,5742646.762718654,11.160936109251264,5,20
4314,800,532965.3130440647,5743252.877559705,11.160936109251264,5,20
4315,800,532971.8227572923,5743569.989887286,11.160936109251264,5,20
4316,800,534620.2091461627,5742518.673635231,11.810196943365211,5,20
4317,800,534820.1531671125,5742704.966883361,11.810196943365211,5,20
4318,800,535220.4770935149,5742456.2882799655,11.99750917442338,5,20
4319,800,535170.6023406832,5742356.720325237,11.99750917442338,5,20
4319,801,536035.3477916542,5742927.656941461,11.99750917442338,5,20
4320,801,535981.5627109882,5742795.360528557,11.99750917442338,5,20
4321,801,536097.459580406,5742748.14656793,12.0,5,20
4322,801,536056.2237537608,5742381.622318618,12.0,5,20
4322,802,535634.7418201062,5744357.392689855,12.0,5,20
4323,802,535618.3467738419,5744097.190217159,12.0,5,20
4324,802,535593.8755763366,5744135.478948403,12.0,5,20
4325,802,535622.5915097095,5744154.189081482,12.0,5,20
4325,803,535312.1440810538,5745444.632249474,12.0,5,20
4326,803,535336.728996367,5745402.111903648,12.0,5,20
4327,803,535285.1448492039,5745384.833630852,12.0,5,20
4328,803,535228.8720293462,5745497.999798028,12.0,5,20
4329,803,535259.4774278348,5745449.092666472,12.0,5,20
4330,803,535254.132690864,5745516.3630371215,12.0,5,20
4331,803,535282.1641305087,5745611.817929079,12.0,5,20
4332,804,537335.9296097907,5746035.793727064,12.0,5,20
4333,804,537309.2234199842,5746023.002933918,12.0,5,20
4334,804,537266.5901764305,5746000.609820007,12.0,5,20
4334,805,538420.672844838,5744514.79399086,12.0,5,20
4335,805,538337.8861029809,5743504.387606216,12.49562470404216,5,20
4336,805,538384.9078901623,5743607.597140842,12.49562470404216,5,20
4337,805,538278.5155750562,5742959.762236901,12.940445096000271,5,20
4338,805,538351.5965795766,5743029.47025445,12.940445096000271,5,20
4339,805,538375.1391170128,5743040.64768944,12.940445096000271,5,20
4390,815,538460.0985572834,5744884.448563652,13.0,5,21
4391,815,538473.2832623557,5744783.338807672,13.0,5,21
4392,815,538435.104695238,5744643.117369822,13.0,5,21
4393,815,538469.7984676083,5744613.2389725605,13.0,5,21
4394,816,539258.5517437682,5744982.667536414,13.0,5,21
4395,816,539281.7340133768,5744915.580202147,13.136041053939758,5,21
4396,816,539352.9364452236,5744935.790311468,13.136041053939758,5,21
4397,816,539507.3602536207,5745089.595368497,13.814275389886506,5,21
4398,816,539491.8703915552,5745065.286980583,13.814275389886506,5,21
4398,817,539523.0466149399,5745228.8194426615,13.814275389886506,5,21
4399,817,539484.3026829507,5745228.825039159,13.814275389886506,5,21
4400,817,539518.7792874959,5745199.095565859,13.996685657553629,5,21
4401,817,539519.0034103626,5745218.519456313,13.996685657553629,5,21
4401,818,539222.012117105,5745043.634780568,13.996685657553629,5,21
4402,818,539195.2458984377,5745039.448785259,14.0,5,21
4403,818,539169.5894114733,5744996.710093042,14.0,5,21
4403,819,539565.8434868238,5744925.614662642,14.0,5,21
4404,819,539704.6477883778,5745108.50798024,14.635432049870456,5,21
4405,819,539716.3427367478,5745117.78217214,14.635432049870456,5,21
4406,819,539721.2344905592,5745103.520671989,14.635432049870456,5,21
4407,819,539770.5430145109,5745181.532913142,14.974863450492784,5,21
4408,820,539423.3667744595,5745295.248273654,14.974863450492784,5,21
4409,820,539426.2858347426,5745292.5470163245,14.974863450492784,5,21
4410,820,539438.2360054819,5745304.359250006,15.0,5,21
4411,820,539435.5688308388,5745281.819751754,15.0,5,21
4412,820,539430.8949195904,5745280.320542373,15.0,5,21
4413,820,539661.2129139476,5745318.954392518,15.675263153873164,5,21
4413,821,539667.3974141013,5745295.000987879,15.675263153873164,5,21
4414,821,539662.2735639408,5745294.873691905,15.675263153873164,5,21
4415,821,539764.070738225,5745312.753034301,16.118604621824414,5,21
4416,821,539759.4611658027,5745312.7405708935,16.118604621824414,5,21
4417,821,539753.467022098,5745303.142897253,16.118604621824414,5,21
4418,821,539867.4826852033,5745332.881901727,16.82112716852672,5,21
4419,821,539865.5070437607,5745332.115246012,16.82112716852672,5,21
4419,822,539893.0056549094,5745309.76726238,16.82112716852672,5,21
4420,822,539894.074936608,5745308.883114871,16.82112716852672,5,21
4421,822,539911.8224962067,5745315.537296029,16.999415954301348,5,21
4422,822,539911.4805893367,5745314.181231237,16.999415954301348,5,21
4423,822,539909.5760703053,5745315.919095452,16.999415954301348,5,21
4424,822,539910.7256424769,5745315.4124161815,17.0,5,21
4425,822,539909.3861095727,5745312.29352249,17.0,5,21
4426,823,539944.2978182948,5745407.308185068,17.0,5,21
4427,823,539945.0386925468,5745408.28582335,17.0,5,21
4428,823,539943.141983388,5745405.806054151,17.0,5,21
4429,823,539953.7498524287,5745399.959774212,17.169186530613782,5,21
4430,823,539953.8307476732,5745399.553011226,17.169186530613782,5,21
4431,823,539954.1664842103,5745399.362860298,17.169186530613782,5,21
4432,824,539970.2230281492,5745375.262465057,17.810196943365213,5,21
4433,824,539970.18857461,5745374.707588665,17.810196943365213,5,21
4434,824,539978.662549081,5745373.3838272905,17.997251941935403,5,21
4435,824,539978.7691231458,5745373.402699425,17.997251941935403,5,21
4436,824,539979.510896439,5745373.589456523,17.997251941935403,5,21
4437,824,539979.0093008489,5745373.4340675175,18.0,5,21
4437,825,539954.9857988722,5745369.411227453,18.0,5,21
4438,825,539954.5756561895,5745369.127184937,18.0,5,21
4439,825,539985.2414156661,5745367.86976067,18.658481017067604,5,21
4440,825,539985.5838691983,5745366.893178729,18.658481017067604,5,21
4441,825,539996.5770484173,5745366.808296501,18.97599639217243,5,21
4442,825,539997.6402278988,5745367.084342813,18.97599639217243,5,21
4442,826,540001.0337094683,5745361.5295679,18.97599639217243,5,21
4443,826,540000.5253456184,5745361.529489728,18.97599639217243,5,21
4444,826,540003.6730826066,5745360.988186065,19.0,5,21
4445,826,540003.657381485,5745360.077031953,19.0,5,21
4483,829,540026.427612759,5745356.315630939,19.0,5,22
4484,829,540026.3106146298,5745357.116266411,19.0,5,22
4485,829,540026.828871238,5745358.730222971,19.0,5,22
4486,829,540043.0827078403,5745368.991831883,18.276584438644992,5,22
4486,830,540069.2382096219,5745445.054480154,18.276584438644992,5,22
4487,830,540068.7277991978,5745447.211820333,18.276584438644992,5,22
4488,830,540081.7001689266,5745476.786930404,18.022943227659127,5,22
4489,830,540079.6629095582,5745491.746684482,18.022943227659127,5,22
4757,878,554601.2832018691,5995601.0007037725,11.0,6,23
4758,878,554485.6015749132,5995780.878766882,11.0,6,23
4759,878,554295.6840882151,5995637.554965086,11.0,6,23
4760,878,554221.1595601913,5995693.879723365,11.0,6,23
4761,878,554189.9965070679,5995975.483832834,11.0,6,23
4762,878,554365.5895456282,5996163.787656615,11.034482467118504,6,23
4763,878,554182.7881439158,5996385.855423756,11.034482467118504,6,23
4763,879,559022.8573182597,5989103.461451372,11.034482467118504,6,23
4764,879,559028.5669261204,5989344.847187744,11.034482467118504,6,23
4765,879,560233.7941049885,5992056.557747603,11.742854173197308,6,23
4766,879,560181.734451343,5992003.712390188,11.742854173197308,6,23
4766,880,561523.8589284448,5993434.39466621,11.742854173197308,6,23
4767,880,561550.31084644,5993421.583937769,11.742854173197308,6,23
4768,880,561405.7756591019,5993536.951892467,11.991040602888232,6,23
4855,899,561664.5462435815,5992635.480172946,12.0,6,24
4856,899,561485.4713124894,5992491.725828968,12.0,6,24
4857,899,561504.3440948371,5992668.248123305,12.0,6,24
4858,899,561282.0235935334,5992853.678950434,12.0,6,24
4859,900,560140.8380226012,5991343.441588817,12.185613211839309,6,24
4860,900,560171.3424370261,5991159.450302095,12.185613211839309,6,24
4861,900,560274.4563568151,5991115.475099611,12.185613211839309,6,24
4862,900,560775.1186518264,5991619.60962927,12.81830238886036,6,24
4863,900,560801.9416877972,5991741.809669414,12.81830238886036,6,24
4864,900,560785.0290864686,5991785.105578458,12.81830238886036,6,24
4864,901,561602.899766259,5991350.406643062,12.81830238886036,6,24
4865,901,561725.292022237,5991535.39429923,12.997974539821527,6,24
4866,901,561775.4890375176,5991471.027738408,12.997974539821527,6,24
4867,901,561745.2633016406,5991320.124418909,12.997974539821527,6,24
4868,901,561663.0222593384,5991142.759986176,13.0,6,24
4920,911,558932.9654225206,5989849.858066962,13.0,6,25
4921,911,558927.0110924932,5989837.526723829,13.0,6,25
4922,911,558925.1861403646,5989772.521620114,13.0,6,25
4923,911,558960.8044166442,5989783.227358982,13.0,6,25
4924,911,558964.7539235874,5989750.897946588,13.0,6,25
4925,911,558986.4335675972,5989745.768344028,13.0,6,25
4926,911,559008.5686295587,5989763.167783695,13.0,6,25
4926,912,558872.8218234329,5989449.942196189,13.0,6,25
4927,912,558906.933338758,5989458.528437405,13.0,6,25
4928,912,556945.5944049074,5987567.56014643,12.287134966256064,6,25
4929,912,556927.4644084724,5987670.076687103,12.287134966256064,6,25
4930,912,555904.5977860996,5986634.547201519,12.022076331515878,6,25
4930,913,557986.2646859835,5987127.977747291,12.022076331515878,6,25
4931,913,557966.780418276,5987136.844279002,12.022076331515878,6,25
4932,913,558068.3841872207,5987174.467981056,12.022076331515878,6,25
4933,913,558021.2589050317,5987119.737934574,12.0,6,25
4934,913,558061.9633196131,5987051.788537399,12.0,6,25
4935,913,558046.2746358864,5987136.713597722,12.0,6,25
4936,913,558013.3270879315,5987055.764286913,12.0,6,25
4962,919,557979.2839126352,5992697.493081399,12.0,6,26
4963,919,557963.7242548828,5992703.131953853,12.0,6,26
4964,919,557926.5625873932,5992609.930642685,12.0,6,26
4965,919,557914.3816606635,5992612.3416789,12.0,6,26
4965,920,557308.3750886619,5991098.001815181,12.0,6,26
4966,920,558705.1434397758,5991379.37741079,12.48188668714789,6,26
4967,920,558673.3095663089,5991326.086266417,12.48188668714789,6,26
4968,920,558665.4432900423,5991318.803677714,12.48188668714789,6,26
4969,920,559723.4239765847,5991441.401223134,12.936334137612944,6,26
4970,920,559660.5931014406,5991479.244766283,12.936334137612944,6,26
5400,1000,559403.1631075136,5992623.566577291,14.0,6,28
5401,1000,559429.7823688035,5992658.350080119,14.0,6,28
5402,1000,559436.5786479855,5992655.816646913,14.0,6,28
5403,1000,559352.0917839264,5992676.166530643,14.0,6,28
5404,1000,559426.3409641056,5992690.435966554,14.094092452317314,6,28
5405,1000,559412.8147578614,5992691.829281555,14.094092452317314,6,28
5406,1000,559439.4584338843,5992704.902125814,14.094092452317314,6,28
5407,1001,559507.6533860378,5992984.804549733,14.77117562675878,6,28
5408,1001,559501.9771903829,5993011.00297648,14.77117562675878,6,28
5409,1001,559550.0528800552,5993038.996483245,14.994533299844193,6,28
5409,1002,559684.0789690092,5993574.016727243,14.994533299844193,6,28
5410,1002,559660.2853779722,5993564.069563131,14.994533299844193,6,28
5411,1002,559685.64056748,5993576.201689152,14.994533299844193,6,28
5412,1002,559676.7544803324,5993575.966653773,15.0,6,28
5698,1053,559648.2861018797,5993405.029516628,15.0,6,29
5699,1053,559645.3548613653,5993409.423814649,15.0,6,29
5700,1053,559692.2314796486,5993424.409150376,15.127696023897585,6,29
5701,1053,559700.0050778682,5993429.00318329,15.127696023897585,6,29
5701,1054,559750.8646117217,5993417.438582943,15.127696023897585,6,29
5702,1054,559743.304687997,5993395.950128393,15.127696023897585,6,29
5703,1054,559927.0325760236,5993445.16088478,15.789032677209216,6,29
5704,1054,559923.7085886298,5993453.432746298,15.789032677209216,6,29
5705,1054,559959.4035499071,5993451.354294991,15.996046666304466,6,29
5705,1055,559878.055450155,5993426.613141225,15.996046666304466,6,29
5706,1055,559883.8739876947,5993433.304856855,15.996046666304466,6,29
5707,1055,559879.195174594,5993432.223453657,16.0,6,29
6049,1126,559906.8258181936,5992603.091449854,16.0,6,30
6050,1126,559904.456811096,5992600.45730053,16.0,6,30
6051,1126,559906.213901576,5992602.019246058,16.0,6,30
6052,1126,559772.6623292188,5992821.990500527,15.552215587735276,6,30
6053,1126,559775.5285041523,5992821.552590681,15.552215587735276,6,30
6054,1126,559779.578750769,5992832.454616345,15.552215587735276,6,30
6054,1127,559923.097037962,5992715.4194350615,15.552215587735276,6,30
6055,1127,559791.8162019748,5993002.991862422,15.073922635495702,6,30
6056,1127,559808.2332659333,5993007.029935809,15.073922635495702,6,30
6057,1127,559771.6299214511,5993034.5491211945,15.00022683257487,6,30
6057,1128,559742.8042561185,5992854.693188159,15.00022683257487,6,30
6058,1128,559757.3335218858,5992853.241259189,15.00022683257487,6,30
6059,1128,559735.9284168645,5992872.0004151575,15.00022683257487,6,30
6060,1128,559756.91706073,5992856.228612716,15.0,6,30
6061,1128,559759.9502645674,5992871.383389968,15.0,6,30
6061,1129,559679.2680265905,5992737.156944463,15.0,6,30
6062,1129,559666.9296444346,5992740.749511436,15.0,6,30
6063,1129,559660.3178833302,5992741.408240973,15.0,6,30
6064,1130,559695.4829285389,5993286.442044318,15.0,6,30
6065,1130,559686.6564037818,5993264.479165059,15.0,6,30
6066,1130,559683.0871407588,5993287.967701291,15.0,6,30
6066,1131,559586.6783586792,5993541.094213237,15.0,6,30
6067,1131,559593.2217797547,5993543.968082298,15.0,6,30
6068,1131,559585.8798737829,5993525.489211876,15.0,6,30
6069,1131,559581.3721654846,5993519.547729773,15.0,6,30
6070,1131,559576.8736147501,5993518.625754445,15.0,6,30
6071,1131,559588.4366109396,5993534.159716347,15.0,6,30
6071,1132,559744.849305088,5993549.111831243,15.0,6,30
6072,1132,559749.2662578282,5993552.961185874,15.0,6,30
6073,1132,559748.5902382635,5993564.410225066,15.0,6,30
6074,1132,559738.8495972815,5993527.308252592,15.0,6,30
6075,1132,559726.478958632,5993541.317172581,15.0,6,30
6076,1132,559732.6481497099,5993536.006742305,15.0,6,30
6077,1132,559737.5205204018,5993529.283518613,15.0,6,30
6077,1133,559723.384795489,5993295.656262058,15.0,6,30
6078,1133,559726.4849725545,5993311.468538728,15.0,6,30
6079,1133,559731.2761552922,5993320.02402693,15.0,6,30
6080,1133,559372.3761857933,5994203.422352997,14.261339272855604,6,30
6081,1133,559362.7717898397,5994171.822403306,14.261339272855604,6,30
6082,1133,559368.091701979,5994167.431354759,14.261339272855604,6,30
6082,1134,559213.9583888579,5993641.3486392265,14.261339272855604,6,30
6083,1134,559022.1507943829,5993981.426795833,14.019609043938528,6,30
6084,1134,559020.9502246401,5993985.11223752,14.019609043938528,6,30
6085,1134,559011.3566012356,5994014.81211238,14.0,6,30
6086,1134,559011.9733016553,5993962.619328921,14.0,6,30
6087,1134,559014.1924390699,5993996.377526296,14.0,6,30
6147,1145,559026.3594062097,5994797.49719947,14.0,6,31
6148,1145,559009.7741013053,5994822.317956222,14.0,6,31
6149,1145,559030.223624797,5994805.528041272,14.0,6,31
6150,1145,559061.6337954644,5994826.552646106,14.0,6,31
6151,1145,559033.8019087039,5994793.88741081,14.0,6,31
6152,1145,559055.6182327712,5994822.491403216,14.0,6,31
6153,1145,559048.0609190286,5994817.444218731,14.0,6,31
6153,1146,559143.7823370988,5995101.767509604,14.0,6,31
6154,1146,559153.2389569213,5995115.232408795,14.0,6,31
6155,1146,559129.8109016152,5995075.282399791,14.0,6,31
6156,1146,559316.6315577695,5994873.466895371,14.509199878143974,6,31
6157,1147,559758.0981711157,5994466.36205921,14.509199878143974,6,31
6158,1147,559749.6430373846,5994460.493911759,14.509199878143974,6,31
6159,1147,559727.1807547184,5994428.879389292,14.942435240080467,6,31
6160,1147,559727.2379367952,5994439.399717935,14.942435240080467,6,31
6161,1147,559739.2387762656,5994445.753969552,14.942435240080467,6,31
6162,1147,559745.4462871316,5994443.458201629,15.0,6,31
6187,1153,560062.7610685993,5994690.543591712,15.0,6,32
6188,1153,560068.3141059778,5994689.66190283,15.0,6,32
6189,1153,560065.6556788583,5994679.264616681,15.0,6,32
6190,1153,560068.9991702429,5994672.279402521,15.351384034899034,6,32
6191,1153,560072.6222336804,5994658.208962792,15.351384034899034,6,32
6192,1153,560081.539867911,5994669.703522051,15.351384034899034,6,32
6193,1153,560093.7434292791,5994644.681375605,15.891103916717288,6,32
6193,1154,560070.6859547087,5994725.479320599,15.891103916717288,6,32
6194,1154,560064.4981169265,5994727.188600055,15.891103916717288,6,32
6195,1154,560064.9943997643,5994724.8473780295,15.891103916717288,6,32
6196,1154,560065.1628632748,5994714.923995025,15.99996833030607,6,32
6197,1154,560061.6354835981,5994707.727632023,15.99996833030607,6,32
6198,1154,560060.9798149691,5994708.439887439,15.99996833030607,6,32
6199,1154,560060.0388823109,5994708.2632168215,16.0,6,32
6200,1154,560062.5447744861,5994705.1330213975,16.0,6,32
6380,1194,559907.2071965582,5993797.523061617,16.0,6,33
6381,1194,559906.6544624055,5993805.956152828,16.0,6,33
6382,1194,559908.6990593865,5993803.63153258,16.0,6,33
6383,1194,559914.1114529858,5993811.748175288,16.0,6,33
6384,1194,559917.5410317543,5993810.478272301,16.094092452317316,6,33
6385,1195,559905.2950721212,5993685.851561185,16.094092452317316,6,33
6386,1195,559915.0645395098,5993688.334303883,16.094092452317316,6,33
6387,1195,559978.3273992835,5993753.438017111,16.77117562675878,6,33
6388,1195,559978.641257441,5993742.985450291,16.77117562675878,6,33
6389,1196,560010.9887493227,5993898.229959056,16.77117562675878,6,33
6390,1196,560018.4735483327,5993890.428383402,16.994533299844193,6,33
6391,1196,560018.5890698502,5993883.629549364,16.994533299844193,6,33
6391,1197,560053.7603641712,5993903.9916316895,16.994533299844193,6,33
6392,1197,560056.484402275,5993910.023478394,17.0,6,33
6393,1197,560059.0619148003,5993912.570442927,17.0,6,33
6394,1197,560057.9073783541,5993912.337027559,17.0,6,33
6443,1207,560054.338216354,5993516.771031985,16.05605994309307,6,34
6444,1207,560039.3104423049,5993513.855460746,16.05605994309307,6,34
6445,1207,560035.7007789982,5993533.019323768,16.05605994309307,6,34
6446,1207,560018.5091981546,5993536.147170781,16.000009971942585,6,34
6446,1208,559956.0587346759,5993441.966873364,16.000009971942585,6,34
6447,1208,559950.1615776739,5993460.659963078,16.000009971942585,6,34
6448,1208,559942.2116700353,5993461.8559942525,16.0,6,34
6449,1208,559946.8529147498,5993471.288865916,16.0,6,34
7032,1316,135230.19243013067,5753317.926222202,11.0,7,35
7033,1316,135139.58995357613,5753463.720105999,11.0,7,35
7034,1316,135264.84137144202,5753578.485429849,11.0,7,35
7035,1316,135061.23401017886,5753247.258258683,11.0,7,35
7036,1316,135180.9569930766,5753575.380605661,11.0,7,35
7037,1316,135190.5836428906,5753528.198103072,11.0,7,35
7038,1316,135119.566871864,5753288.290158682,11.0,7,35
7038,1317,137915.865899042,5750167.922168312,11.0,7,35
7039,1317,137909.4802067529,5750185.045445923,11.0,7,35
7040,1317,137843.25707870495,5750208.609634566,11.0,7,35
7041,1317,137992.50085790717,5750259.214441422,11.043057180377724,7,35
7042,1317,138421.87289095175,5750518.683667227,11.043057180377724,7,35
7043,1317,138913.44322849403,5751247.957208434,11.68620779943448,7,35
7044,1317,138578.0572932783,5751522.9026479935,11.68620779943448,7,35
7045,1317,138972.431510444,5751436.7218852565,11.68620779943448,7,35
7045,1318,139287.8439008568,5752154.433148957,11.68620779943448,7,35
7046,1318,139530.6545247815,5752604.013142941,11.983875385624144,7,35
7047,1318,139585.3151866153,5752687.8675673455,11.983875385624144,7,35
7048,1318,139567.13256082748,5753016.271895361,11.983875385624144,7,35
7048,1319,138049.3101193642,5751066.440703271,11.983875385624144,7,35
7049,1319,138218.20836422968,5751646.359578082,12.0,7,35
7050,1319,138391.7417390681,5752836.333882884,12.0,7,35
7051,1319,138299.91460919782,5753414.101808274,12.0,7,35
7051,1320,135593.62322696386,5751133.780659424,12.0,7,35
7052,1320,135582.96983655752,5751689.106266083,12.0,7,35
7053,1320,135697.83138316803,5752239.184178612,12.0,7,35
7054,1320,135709.200977076,5752653.852884757,12.0,7,35
7054,1321,137208.40516458117,5751693.490415609,12.0,7,35
7055,1321,137335.0299436654,5752319.279785782,12.0,7,35
7056,1321,137444.6582842321,5752715.64675886,12.0,7,35
7057,1321,137580.70414632378,5753110.326006588,12.0,7,35
7058,1321,137603.6226583752,5753274.957955997,12.0,7,35
7058,1322,135969.1883153619,5751655.583021726,12.0,7,35
7059,1322,135981.63396935107,5751967.477055183,12.00864745628103,7,35
7060,1322,136042.17789567768,5752358.442858735,12.00864745628103,7,35
7061,1322,136187.32332629463,5752754.749718496,12.00864745628103,7,35
7062,1322,137586.6696222637,5752785.631355064,12.65279041852049,7,35
7062,1323,137764.50009391204,5751116.501601087,12.65279041852049,7,35
7063,1323,137807.8035601127,5751146.630907123,12.65279041852049,7,35
7064,1323,138201.8996786712,5751453.777742321,12.97709532661014,7,35
7065,1323,138280.5119298179,5751506.63454387,12.97709532661014,7,35
7066,1323,138285.58447636457,5751491.623122244,12.97709532661014,7,35
7067,1323,138301.62703715556,5751478.337547845,13.0,7,35
7068,1323,138266.3001627587,5751446.652103542,13.0,7,35
7068,1324,137738.1634998697,5751230.383385147,13.0,7,35
7069,1324,137759.19254680545,5751287.40439164,13.0,7,35
7070,1324,137751.3892089593,5751243.4472650485,13.0,7,35
7071,1324,137758.94378910068,5751239.967254103,13.0,7,35
7072,1324,137966.1503797568,5751412.696401565,13.16918653061378,7,35
7073,1324,137875.09940884553,5751372.226048394,13.16918653061378,7,35
7074,1324,138666.15380229443,5751834.139541394,13.814275389886506,7,35
7075,1325,138267.0566667038,5752561.883622229,13.814275389886506,7,35
7076,1325,138239.8533348782,5752544.423948419,13.814275389886506,7,35
7077,1325,138473.5113990651,5752566.243247722,13.99750917442338,7,35
7078,1326,138679.134126173,5752128.23580281,13.99750917442338,7,35
7079,1326,138702.22860998902,5752140.195367976,13.99750917442338,7,35
7080,1326,138708.34648125156,5752132.23136947,14.0,7,35
7081,1326,138699.63230750186,5752109.568244106,14.0,7,35
7082,1326,138705.42016121926,5752107.002212705,14.0,7,35
7121,1333,139283.2282705459,5752859.520443826,14.0,7,36
7122,1333,139273.2068887257,5752855.092625021,14.0,7,36
7123,1333,139293.56292305802,5752861.254913757,14.0,7,36
7124,1333,139292.2655559517,5752862.52255295,14.0,7,36
7125,1333,139278.32692368186,5752855.576062385,14.0,7,36
7126,1333,139516.22524888295,5752956.739159176,14.453933167353858,7,36
7127,1333,139511.34864179292,5752991.269153519,14.453933167353858,7,36
7127,1334,139364.38667089975,5752998.243404131,14.453933167353858,7,36
7128,1334,139567.6483897936,5753050.516644972,14.927580171511323,7,36
7129,1334,139569.21403396165,5753049.08997436,14.927580171511323,7,36
7130,1334,139570.95070039516,5753046.772766379,14.927580171511323,7,36
7248,1359,139208.95358226853,5753832.200190391,15.0,7,37
7249,1359,139201.61440989783,5753847.040671851,15.0,7,37
7250,1359,139206.74414913807,5753861.082190034,15.0,7,37
7251,1359,139196.73055808115,5753885.38752629,15.0,7,37
7252,1359,139193.8397748638,5753889.158460737,15.0,7,37
7252,1360,139255.98519007448,5753503.036853924,15.0,7,37
7253,1360,139252.5472765867,5753508.342978778,15.0,7,37
7254,1360,139236.49037678482,5753551.178850518,15.0,7,37
7255,1360,139395.88240306903,5753560.096543228,15.522609511830051,7,37
7257,1361,139370.26548838467,5753682.92309463,15.522609511830051,7,37
7258,1361,139452.26797465686,5753621.906035998,15.955179960615473,7,37
7259,1361,139456.89190822342,5753591.261064504,15.955179960615473,7,37
7260,1361,139472.70272363117,5753563.576642268,16.0,7,37
7261,1361,139472.395945242,5753559.437901785,16.0,7,37
7261,1362,139490.1569036615,5753655.88273323,16.0,7,37
7262,1362,139478.57053518225,5753646.624692447,16.0,7,37
7263,1362,139470.2647614445,5753647.250670025,16.0,7,37
7264,1362,139456.11974228776,5753639.349298407,16.0,7,37
7265,1362,139446.87046611268,5753633.918931381,16.0,7,37
7265,1363,139479.9669953303,5753532.825013203,16.0,7,37
7266,1363,139487.64711610455,5753519.2786185285,16.0,7,37
7267,1363,139484.17995308447,5753512.746986108,16.0,7,37
7268,1363,139475.05464572163,5753511.29159977,16.0,7,37
7269,1363,139466.82930819778,5753527.892076161,16.0,7,37
7270,1363,139456.27460079297,5753536.720497353,16.0,7,37
7271,1363,139450.7693330946,5753549.347223176,16.0,7,37
7271,1364,139534.17840655983,5753543.201694833,16.0,7,37
7272,1364,139530.0885975375,5753557.973904603,16.0,7,37
7273,1364,139531.15518036668,5753572.27297927,16.0,7,37
7274,1365,139623.24774290872,5753454.664385608,16.0,7,37
7275,1365,139640.93108929528,5753480.380752022,16.29758889617428,7,37
7276,1365,139645.06072026934,5753472.854813586,16.29758889617428,7,37
7277,1365,139668.6076247041,5753507.317450452,16.869307865229597,7,37
7278,1365,139668.77237823265,5753500.995679115,16.869307865229597,7,37
7280,1366,139623.41071695677,5753552.478564091,16.99974666191216,7,37
7281,1366,139621.73923640582,5753542.9060074845,16.99974666191216,7,37
7282,1366,139617.85846816952,5753515.767934533,17.0,7,37
7283,1366,139613.5336036182,5753506.3492092565,17.0,7,37
7284,1366,139620.02963088383,5753499.730622692,17.0,7,37
7285,1366,139622.72359481832,5753495.092914574,17.0,7,37
7286,1366,139628.19424829213,5753487.73602505,17.0,7,37
7337,1377,139668.87637946816,5753404.122456583,17.0,7,38
7338,1377,139666.3619789593,5753404.307743487,17.0,7,38
7339,1377,139666.9520609378,5753404.099968443,17.0,7,38
7340,1377,139664.44381103152,5753402.605064483,17.0,7,38
7341,1377,139663.00822621697,5753402.71577533,17.0,7,38
7342,1377,139665.2944051997,5753403.225314314,17.0,7,38
7343,1377,139664.4647230803,5753403.441354229,17.0,7,38
7344,1377,139663.21457893387,5753403.303311642,17.0,7,38
7345,1378,139632.14634760038,5753315.3067557085,17.0,7,38
7346,1378,139632.5702607989,5753316.042829074,17.0,7,38
7347,1378,139595.9933611419,5753253.275052831,16.665160902924182,7,38
7348,1379,139497.06242357215,5753175.340045677,16.665160902924182,7,38
7349,1379,139492.13369493224,5753171.913374726,16.665160902924182,7,38
7350,1379,139359.15489495033,5752989.091472475,16.095438110611056,7,38
7351,1379,139360.5527318127,5752990.75902763,16.095438110611056,7,38
7352,1380,139525.33404986231,5753122.010507126,16.095438110611056,7,38
7353,1380,139506.95944923168,5753085.595472951,16.00072152791746,7,38
7354,1380,139508.92638474068,5753086.495855166,16.00072152791746,7,38
7355,1380,139508.72691690183,5753086.717956961,16.0,7,38
8060,1523,-192629.19570871803,6124212.300657288,12.0,8,39
8061,1523,-192727.6119108031,6124149.837597624,12.0,8,39
8062,1523,-192548.58509109128,6124032.201172484,12.0,8,39
8063,1523,-192586.2092838956,6123963.907341564,12.0,8,39
8064,1523,-192600.7914058764,6124011.8328369465,12.0,8,39
8065,1523,-192590.4911967388,6123902.054421677,12.0,8,39
8066,1523,-192581.3128575136,6123841.517730744,12.0,8,39
8066,1524,-191995.64209119583,6124751.226297201,12.0,8,39
8067,1524,-191520.9596355865,6125274.436769281,12.647051905762687,8,39
8068,1524,-191558.8741011905,6125262.278256031,12.647051905762687,8,39
8068,1525,-192824.06541342704,6125943.08272878,12.647051905762687,8,39
8069,1525,-192240.1162153018,6126028.257644468,13.187866070951134,8,39
8070,1525,-192260.88872829409,6125981.604804456,13.187866070951134,8,39
8071,1525,-192282.25688094128,6125980.078867815,13.187866070951134,8,39
8072,1525,-191705.2062459713,6126066.713623791,13.84391760515747,8,39
8073,1526,-191552.86989880475,6126365.854976312,13.84391760515747,8,39
8074,1526,-191537.4404104676,6126416.314849307,13.84391760515747,8,39
8075,1526,-191422.07532911267,6126496.708709156,13.99969473146094,8,39
8076,1526,-191418.27099157337,6126484.706344119,13.99969473146094,8,39
8077,1526,-191439.7820023351,6126575.919822683,14.0,8,39
8077,1527,-191414.544303067,6126150.099458981,14.0,8,39
8078,1527,-191357.87647784303,6126271.695027007,14.0,8,39
8079,1527,-191305.86643562056,6126086.973979417,14.0,8,39
8080,1527,-191297.0724407172,6125978.963247332,14.0,8,39
8081,1528,-191421.01829067327,6126583.505975917,14.0,8,39
8082,1528,-191404.1334842088,6126612.211947612,14.025889040157148,8,39
8083,1528,-191389.3239156077,6126609.459570077,14.025889040157148,8,39
8083,1529,-191644.7521225652,6126564.396335329,14.025889040157148,8,39
8084,1529,-191622.0728646101,6126682.097930508,14.025889040157148,8,39
8085,1529,-191188.3641246589,6126771.728908165,14.728007053489367,8,39
8086,1529,-191173.300142654,6126778.377287269,14.728007053489367,8,39
8089,1530,-191039.6889819457,6126886.182621874,14.989824733451822,8,39
8090,1530,-191059.40202581172,6126852.809546946,14.989824733451822,8,39
8091,1530,-191048.70862710575,6126843.677718146,15.0,8,39
8092,1530,-191041.66208673836,6126827.743044485,15.0,8,39
8092,1531,-190981.5801303566,6126784.269662788,15.0,8,39
8093,1531,-190975.71108868503,6126746.789735785,15.0,8,39
8094,1531,-190961.51563458703,6126736.015417697,15.0,8,39
8095,1531,-191002.6451241475,6126742.759553437,15.0,8,39
8096,1532,-190024.75084069648,6126788.97456624,15.0,8,39
8097,1532,-190022.0790189313,6126777.229375534,15.0,8,39
8098,1532,-190048.16796159788,6126733.502281479,15.0,8,39
8099,1532,-190049.7471629829,6126724.001138127,15.0,8,39
8100,1532,-190071.2723585276,6126719.720318725,15.0,8,39
8101,1532,-190076.901116658,6126736.177486076,15.0,8,39
8102,1532,-190094.16326120743,6126720.840343457,15.0,8,39
8102,1533,-189834.35224019576,6126652.638156516,15.0,8,39
8103,1533,-189821.4758853333,6126674.758798731,15.0,8,39
8104,1533,-189839.62781705745,6126644.197069521,15.0,8,39
8105,1533,-189838.8771701813,6126660.926093506,15.0,8,39
8105,1534,-189891.3885548549,6126691.438310365,15.0,8,39
8106,1534,-189896.69420132923,6126672.828124578,15.0,8,39
8107,1534,-189901.4438333294,6126697.712540067,15.0,8,39
8108,1534,-189892.05446009533,6126704.646729427,15.0,8,39
8109,1534,-189892.55170214476,6126652.347540543,15.0,8,39
8110,1534,-189879.2084482056,6126652.075683909,15.0,8,39
8110,1535,-189958.3749043442,6126653.648085461,15.0,8,39
8111,1535,-189980.18466776877,6126658.15616963,15.0,8,39
8112,1535,-189724.86990273924,6126649.065486906,14.228329843976889,8,39
8113,1535,-189664.1489815789,6126816.960404336,14.228329843976889,8,39
8118,1536,-184176.7234619196,6125431.640978824,13.111184810136528,8,39
8119,1536,-184042.685973128,6125218.11591543,13.111184810136528,8,39
8120,1536,-183237.87822891332,6125032.396592888,13.001560590173204,8,39
8225,1557,-181013.104804687,6125499.377091009,13.0,8,40
8226,1557,-181138.49290261045,6125439.762990464,13.0,8,40
8227,1557,-181255.32920269255,6125364.195456921,13.0,8,40
8228,1557,-181312.61017465475,6125330.273653516,13.0,8,40
8229,1557,-181370.1830952199,6125270.185956572,13.0,8,40
8230,1557,-180884.81000458257,6125559.829238827,13.418125198475389,8,40
8230,1558,-180879.1430896804,6126073.938203078,13.418125198475389,8,40
8231,1558,-180848.2635180077,6126056.168435515,13.418125198475389,8,40
8232,1558,-180850.21686470395,6125948.87317595,13.418125198475389,8,40
8233,1558,-180483.12447300265,6126091.843708464,13.915614175271095,8,40
8234,1558,-180509.32187350155,6126073.42749238,13.915614175271095,8,40
8235,1558,-180492.5884844165,6126046.359227026,14.0,8,40
8543,1618,-180388.5426676728,6125261.013400658,14.0,8,41
8544,1618,-180372.27227362097,6125279.390786137,14.0,8,41
8545,1618,-180403.40416369124,6125268.481462323,14.0,8,41
8546,1618,-180423.2394332952,6125258.341335413,13.98285904857196,8,41
8547,1618,-180421.71908947465,6125278.455496607,13.98285904857196,8,41
8548,1618,-180425.08177133105,6125293.453124077,13.98285904857196,8,41
8552,1620,-183178.53117603177,6122197.836483455,13.011044878558778,8,41
8553,1620,-183163.3891293664,6122165.322710325,13.011044878558778,8,41
8554,1620,-183174.53633628547,6122121.970133454,13.0,8,41
8555,1620,-183077.0331569849,6122159.468512265,13.0,8,41
8556,1620,-183154.86424896115,6122141.912232232,13.0,8,41
8557,1620,-183056.713752908,6122177.05123989,13.0,8,41
8557,1621,-184335.0457009994,6122681.377895052,13.0,8,41
8558,1621,-184361.8021890671,6122661.655372786,13.0,8,41
8559,1621,-184351.23736733804,6122642.356011979,13.0,8,41
8560,1621,-184356.0643602508,6122634.470939458,13.0,8,41
8561,1621,-184354.350392329,6122639.81704323,13.0,8,41
8561,1622,-184619.0012541788,6123149.8379262695,13.0,8,41
8562,1622,-184621.54186308876,6123164.10916946,13.0,8,41
8563,1622,-185449.6638595938,6122587.5590663925,12.774211764419777,8,41
8564,1622,-185445.63024217932,6122570.659302703,12.774211764419777,8,41
8565,1622,-188776.28318613576,6120233.802238891,12.118307192612308,8,41
8566,1622,-188780.90995252205,6120250.377455701,12.118307192612308,8,41
8568,1623,-185751.5190079776,6121638.714976899,12.002155541658407,8,41
8569,1623,-185776.29868149696,6121621.326160907,12.002155541658407,8,41
8570,1623,-185633.6474203342,6121675.328893402,12.002155541658407,8,41
8571,1623,-185617.29432067025,6121669.520338564,12.002155541658407,8,41
8571,1624,-184851.26656879165,6122188.357308668,12.002155541658407,8,41
8572,1624,-184996.8815364449,6122161.078681898,12.0,8,41
8573,1624,-184994.4300429325,6122154.843200992,12.0,8,41
8574,1624,-185056.01042278527,6122181.479000569,12.0,8,41
8575,1624,-185100.7299507376,6122059.903729531,12.0,8,41
8576,1624,-185110.2909941239,6122036.96075175,12.0,8,41
8577,1624,-185120.37251516944,6122044.115132682,12.0,8,41
8596,1628,-188518.81498920225,6122966.060938053,12.0,8,42
8597,1628,-188509.56885666848,6122962.749453618,12.0,8,42
8598,1628,-188544.0056705305,6122932.563526226,12.0,8,42
8599,1628,-188572.0797543531,6123009.447288724,12.0,8,42
8600,1628,-186814.6949031866,6123667.38398141,12.623623333186629,8,42
8601,1628,-186822.7966705923,6123622.914922977,12.623623333186629,8,42
8602,1628,-186802.8616104639,6123611.84276774,12.623623333186629,8,42
8604,1629,-183483.3045124884,6124798.463577917,12.97125596981796,8,42
8605,1629,-183450.25277735616,6124782.995988293,12.97125596981796,8,42
8606,1629,-183431.0339228938,6124787.04778565,13.0,8,42
8607,1629,-183452.9858335782,6124839.14707995,13.0,8,42
8607,1630,-183857.6211300583,6125154.687754271,13.0,8,42
8608,1630,-183866.68356459463,6125167.564655853,13.0,8,42
8609,1630,-183786.5768724219,6125059.479518184,13.403541860441017,8,42
8610,1630,-183823.08712494397,6125036.668256787,13.403541860441017,8,42
8610,1631,-184670.23790261528,6125483.040440802,13.403541860441017,8,42
8611,1631,-184650.4911026912,6125516.051625351,13.403541860441017,8,42
8612,1631,-184351.3330645371,6125307.582096185,13.9105018491609,8,42
8613,1631,-184346.4222659737,6125311.912420557,13.9105018491609,8,42
8614,1631,-184332.15814709512,6125295.980465463,13.9105018491609,8,42
8615,1631,-184304.58186272864,6125266.307492533,14.0,8,42
8616,1631,-184335.7449158521,6125253.312499381,14.0,8,42
8739,1657,-186668.52330584815,6124575.977270684,14.0,8,43
8740,1657,-186677.64396608903,6124577.861200257,14.0,8,43
8741,1657,-186663.46860395957,6124594.795039309,14.0,8,43
8742,1657,-186693.3654530297,6124589.375128306,14.0,8,43
8743,1657,-186672.32929873097,6124601.475823842,14.0,8,43
8744,1657,-186701.6518181993,6124580.326976836,14.0,8,43
8745,1657,-186588.25092336952,6124974.608352475,14.635432049870456,8,43
8746,1658,-186988.2601100721,6124995.428661865,14.635432049870456,8,43
8747,1658,-186986.80937194635,6124994.47443728,14.635432049870456,8,43
8748,1658,-186862.0448213156,6125139.847749179,14.97369603830518,8,43
8749,1658,-186865.76842503852,6125138.655126971,14.97369603830518,8,43
8749,1659,-186552.7568758343,6125241.825090907,14.97369603830518,8,43
8750,1659,-186551.8682553653,6125244.1727526905,14.97369603830518,8,43
8751,1659,-186563.7385086755,6125251.915739688,15.0,8,43
8752,1659,-186566.5590383433,6125258.161215323,15.0,8,43
8752,1660,-186696.62296103584,6125537.825886031,15.0,8,43
8753,1660,-186705.4623337183,6125534.416299485,15.0,8,43
8754,1660,-186701.5273148612,6125535.144223302,15.0,8,43
8755,1660,-186698.6761688605,6125544.278790738,15.0,8,43
8756,1660,-186703.9726577709,6125538.658062561,15.0,8,43
8757,1660,-186702.77903082827,6125536.958958596,15.0,8,43
8758,1660,-186516.362076662,6125619.5259607,15.728007053489367,8,43
8761,1661,-186338.71630231652,6125587.567006191,15.975996392172432,8,43
8762,1661,-186330.34483659803,6125590.160610318,15.975996392172432,8,43
8763,1661,-186334.4777099544,6125589.438711524,16.0,8,43
8764,1661,-186335.8126640765,6125594.192973561,16.0,8,43
8765,1661,-186336.14800859775,6125595.630830682,16.0,8,43
9595,1799,207294.60816657223,6338757.205074613,10.0,9,44
9596,1799,207232.60134493987,6338775.046742606,10.0,9,44
9597,1799,207223.3464648825,6339133.1692687785,10.0,9,44
9598,1799,207277.36242362967,6339031.344812779,10.0,9,44
9599,1799,207106.41394203983,6339041.933690198,10.0,9,44
9600,1799,206782.94363749996,6339318.632079041,10.0,9,44
9601,1799,207115.75192357224,6339120.307128643,10.0,9,44
9601,1800,206695.1403685242,6341337.112234663,10.0,9,44
9602,1800,206832.18782207769,6341319.851183555,10.0,9,44
9603,1800,216434.88792083837,6342059.984781052,10.696955883732285,9,44
9604,1800,216396.5350949647,6342068.429012975,10.696955883732285,9,44
9605,1801,225984.6198606527,6346963.057572431,10.97249369641737,9,44
9606,1801,225974.6095302253,6347050.437325455,10.97249369641737,9,44
9607,1801,225873.41179882217,6346998.374579881,10.97249369641737,9,44
9608,1801,226094.9713439596,6346911.377125361,11.0,9,44
9659,1810,224640.04602790115,6348625.456578074,11.0,9,45
9660,1810,224656.1699009312,6349061.057014954,11.0,9,45
9661,1810,224282.8234032275,6348925.738837489,11.0,9,45
9662,1810,224478.87946467064,6349166.758810828,11.0,9,45
9663,1810,224538.06520991496,6348932.066577434,11.0,9,45
9664,1811,228589.6069151287,6345822.390855449,11.453933167353856,9,45
9665,1811,228579.73396104627,6345786.016267911,11.453933167353856,9,45
9666,1811,228683.4702263212,6345815.583642,11.453933167353856,9,45
9667,1811,229852.65239397765,6346522.449248335,11.92983598095876,9,45
9668,1811,229803.9685472096,6346453.686041117,11.92983598095876,9,45
9669,1811,229793.77490044467,6346424.022012461,11.92983598095876,9,45
9669,1812,229093.9580913689,6347490.465151149,11.92983598095876,9,45
9670,1812,229423.6065251785,6347558.242818455,12.0,9,45
9671,1812,229345.00127735623,6347471.642333986,12.0,9,45
9672,1812,229434.87224224277,6347567.316187397,12.0,9,45
9673,1812,229336.4855630501,6347436.406761868,12.0,9,45
9674,1812,229359.0290250236,6347426.3738989225,12.0,9,45
9675,1812,229349.07215619055,6347395.2543100575,12.0,9,45
9675,1813,230145.44780580045,6346844.817202337,12.0,9,45
9676,1813,230117.9127881249,6346941.155320828,12.0,9,45
9677,1813,230078.11592912563,6346849.818872364,12.0,9,45
9678,1813,230088.838206281,6346978.991367721,12.0,9,45
9678,1814,230838.97553913895,6346751.328042967,12.0,9,45
9679,1814,230827.64093532576,6346737.722910038,12.0,9,45
9680,1814,230830.24769738351,6346674.937558798,12.0,9,45
9681,1814,230841.0640104185,6346628.279087549,12.0,9,45
9682,1814,230829.54352172697,6346487.804244872,12.0,9,45
9682,1815,229179.6643322095,6349489.817419721,12.0,9,45
9683,1815,229186.2063864845,6349458.252527228,12.0,9,45
9684,1815,229232.2369495489,6349489.450843806,12.0,9,45
9685,1815,229220.1642734249,6349381.815298479,12.0,9,45
9685,1816,229388.6907843948,6350272.20359208,12.0,9,45
9686,1816,229479.3960443526,6350418.511666252,12.0,9,45
9687,1816,229484.53849483817,6350246.74993832,12.0,9,45
9688,1816,229472.27665351448,6350407.41597918,12.0,9,45
9689,1816,229391.9678254548,6350257.700471172,12.0,9,45
9690,1816,229400.4660447136,6350399.412815089,12.0,9,45
9690,1817,228730.05145582845,6349824.7718560565,12.0,9,45
9691,1817,228715.25392607693,6349733.489532896,12.0,9,45
9692,1817,228723.2677512117,6349721.921479545,12.0,9,45
9693,1817,228776.2569693665,6349681.676856676,12.0,9,45
9693,1818,231232.87434373773,6350520.59198732,12.0,9,45
9694,1818,231237.9457205934,6350538.1310456665,12.0,9,45
9695,1818,231170.46035528317,6350405.138185362,12.060149043122037,9,45
9696,1818,231111.4029990825,6350415.028011408,12.060149043122037,9,45
9697,1818,231083.3122118604,6350369.44891571,12.060149043122037,9,45
9699,1819,232894.02517502187,6347685.09219675,12.747701854184715,9,45
9700,1819,232697.4193594937,6347691.881562183,12.992677535534856,9,45
9701,1819,232694.52018595143,6347690.279213804,12.992677535534856,9,45
9702,1819,232708.5599668471,6347688.330679046,12.992677535534856,9,45
9703,1819,232717.85282803988,6347764.188029774,13.0,9,45
9704,1819,232711.74049586587,6347771.167733594,13.0,9,45
9789,1837,230373.3841744968,6347786.154291865,13.0,9,46
9790,1837,230326.15356052705,6347794.709780068,13.0,9,46
9791,1837,230289.00501432305,6347721.780855036,13.0,9,46
9792,1837,230343.4475694413,6347651.8438818725,13.060149043122037,9,46
9794,1838,230499.2861006193,6348158.120878454,13.757244551201438,9,46
9795,1838,230518.84080386185,6348125.259865323,13.757244551201438,9,46
9796,1838,230489.1988805697,6348117.678681929,13.757244551201438,9,46
9797,1838,230672.2559508285,6348057.569014815,13.992677535534856,9,46
9797,1839,230613.61087934868,6348013.914294328,13.992677535534856,9,46
9798,1839,230604.6721272614,6347973.158266569,13.992677535534856,9,46
9799,1839,230569.091860608,6347922.03952049,13.992677535534856,9,46
9799,1840,230755.45607706765,6348148.916472616,13.992677535534856,9,46
9800,1840,230717.4059444452,6348088.982623562,14.0,9,46
9801,1840,230718.83097072528,6348070.6562880855,14.0,9,46
9802,1840,230683.07628774823,6348032.496104435,14.0,9,46
10140,1912,231732.35496602068,6347608.443291769,14.0,9,47
10141,1912,231753.686895964,6347638.711637236,14.0,9,47
10142,1912,231699.6889789844,6347625.20860431,14.0,9,47
10143,1912,231687.55835051596,6347625.249813347,14.0,9,47
10144,1912,231705.957126424,6347619.39197944,14.0,9,47
10145,1912,231714.1010709736,6347623.162913889,14.0,9,47
10146,1912,231739.2168516304,6347648.820152593,14.0,9,47
10146,1913,231666.05857746192,6347625.959592886,14.0,9,47
10147,1913,231618.9908861208,6347604.830427808,14.0,9,47
10148,1913,231624.81509673348,6347621.226089133,14.0,9,47
10149,1913,231968.9532215749,6347609.855444752,14.6697175958591,9,47
10150,1913,231977.98181574437,6347600.9258747045,14.6697175958591,9,47
10151,1913,232076.4931321435,6347596.760356864,14.97249369641737,9,47
10152,1913,232076.2114453237,6347605.731601452,14.97249369641737,9,47
10152,1914,232061.8693790036,6347583.313677098,14.97249369641737,9,47
10153,1914,232055.58143820305,6347561.442722514,14.97249369641737,9,47
10154,1914,232074.8244621464,6347575.280878583,15.0,9,47
10155,1914,232065.79346402324,6347578.820550373,15.0,9,47
10156,1914,232067.1632715601,6347558.636425383,15.0,9,47
10157,1914,232068.52269141257,6347555.924624701,15.0,9,47
10158,1915,232095.81086490417,6347513.7151918365,15.0,9,47
10159,1915,232245.6366325987,6347519.178469545,15.647051905762687,9,47
10160,1915,232242.62576360145,6347517.20225946,15.647051905762687,9,47
10161,1916,232361.1157603895,6347517.747838645,15.978160721038966,9,47
10162,1916,232365.501423075,6347517.730354276,15.978160721038966,9,47
10163,1916,232363.303249286,6347517.866794802,15.978160721038966,9,47
10164,1916,232376.3832350513,6347529.616041928,16.0,9,47
10165,1916,232373.66890578825,6347527.223303755,16.0,9,47
10166,1916,232368.65274767583,6347516.761590044,16.0,9,47
10167,1916,232378.68479054052,6347528.59996238,16.0,9,47
10167,1917,232370.73151467124,6347541.327558084,16.0,9,47
10168,1917,232358.4669397464,6347529.772882294,16.0,9,47
10169,1917,232360.182821189,6347527.995050615,16.0,9,47
10170,1917,232358.8939282462,6347527.919551969,16.0,9,47
10171,1917,232358.30032675623,6347537.958257985,16.0,9,47
10172,1917,232370.2610965498,6347535.068953821,16.034482467118504,9,47
10172,1918,232358.8396121452,6347546.0195363695,16.034482467118504,9,47
10173,1918,232354.3258671313,6347544.05308865,16.034482467118504,9,47
10174,1918,232421.9221929062,6347554.952545005,16.737955738077677,9,47
10175,1918,232426.5170647725,6347556.697718201,16.737955738077677,9,47
10176,1918,232422.52421061203,6347553.278454727,16.737955738077677,9,47
10177,1918,232437.27016162768,6347554.601810518,16.99161064217963,9,47
10178,1918,232436.9555451112,6347554.546982901,16.99161064217963,9,47
10178,1919,232448.38168561136,6347542.409432387,16.99161064217963,9,47
10179,1919,232444.5800980116,6347541.234157196,16.99161064217963,9,47
10180,1919,232445.3105389142,6347541.093123405,17.0,9,47
10181,1919,232445.6871608128,6347541.205986963,17.0,9,47
10182,1919,232440.89215103356,6347542.770008319,17.0,9,47
10183,1919,232449.7674705711,6347546.251249385,17.0,9,47
10184,1919,232448.22018397952,6347545.226174581,17.0,9,47
10185,1919,232443.9476337203,6347540.36435388,17.0,9,47
10469,1973,231922.12742100333,6347632.547741463,17.0,9,48
10470,1973,231924.02310506164,6347628.278685088,17.0,9,48
10471,1973,231894.49740962248,6347603.752940868,16.654035969657127,9,48
10472,1973,231889.64887456587,6347601.419442224,16.654035969657127,9,48
10475,1974,232463.70513987957,6347425.92004197,16.09310940439148,9,48
10476,1974,232492.7981668377,6347398.883533679,16.00072152791746,9,48
10477,1974,232488.80637245145,6347386.907996832,16.00072152791746,9,48
10782,2034,231709.0566040349,6347347.85135438,16.0,9,49
10783,2034,231701.1925802432,6347351.084956809,16.0,9,49
10784,2034,231704.80597882185,6347351.709988322,16.008647456281032,9,49
10785,2034,231712.6463754353,6347348.810038133,16.008647456281032,9,49
10786,2035,232230.34664430583,6347450.64990595,16.008647456281032,9,49
10787,2035,232222.826490835,6347528.685304785,16.675263153873164,9,49
10788,2035,232226.39967960704,6347532.195284228,16.675263153873164,9,49
10789,2035,232225.49275196603,6347531.696066395,16.675263153873164,9,49
10789,2036,232233.06914125688,6347588.134594604,16.675263153873164,9,49
10790,2036,232229.45582691097,6347601.401552558,16.982096376229975,9,49
10791,2036,232228.41944813283,6347601.626751134,16.982096376229975,9,49
10791,2037,232180.69309138527,6347641.404035775,16.982096376229975,9,49
10792,2037,232180.9746835933,6347642.370326982,17.0,9,49
10793,2037,232185.1326276243,6347644.843868696,17.0,9,49
10794,2037,232184.68657225647,6347643.623435377,17.0,9,49
10795,2037,232180.59143271192,6347645.653941498,17.0,9,49
10796,2037,232178.791698054,6347640.638778588,17.0,9,49
10797,2037,232178.26800841343,6347640.473212054,17.0,9,49
10841,2047,232117.9589581161,6347650.223070397,17.0,9,50
10842,2047,232117.1320437679,6347651.048981002,17.0,9,50
10843,2047,232116.63534843872,6347645.056717987,17.0,9,50
10844,2047,232113.3986279957,6347644.993405221,17.0,9,50
10845,2047,232138.7641610394,6347652.251145677,17.32083604191553,9,50
10846,2047,232134.77451295743,6347647.676494839,17.32083604191553,9,50
10847,2047,232167.96198564884,6347653.873849414,17.878946944857802,9,50
10847,2048,232170.41601455657,6347657.526144205,17.878946944857802,9,50
10848,2048,232171.2693393969,6347656.270606468,17.878946944857802,9,50
10849,2048,232165.66432964223,6347654.4733260935,17.878946944857802,9,50
10850,2048,232168.7355472562,6347655.934893846,17.999877110699664,9,50
10851,2048,232172.2208780629,6347658.33840809,17.999877110699664,9,50
10852,2048,232171.9710398073,6347656.304268993,17.999877110699664,9,50
10853,2048,232170.0083423552,6347656.147445041,18.0,9,50
10854,2048,232170.92444044093,6347655.195562407,18.0,9,50
11198,2107,527316.9791763399,5730722.267420104,10.0,10,51
11199,2107,527122.5917050395,5730526.943963769,10.0,10,51
11200,2107,527060.0731532717,5730432.323093522,10.0,10,51
11201,2107,527187.2096624915,5730577.329700187,10.0,10,51
11202,2107,529951.3849548752,5731339.240521455,10.21815928421628,10,51
11203,2107,529975.117790602,5731325.696223689,10.21815928421628,10,51
11204,2108,536346.417603452,5732651.737310704,10.833896546887376,10,51
11205,2108,536371.9904060524,5732581.566688716,10.833896546887376,10,51
11206,2108,536366.214319186,5732633.971058811,10.833896546887376,10,51
11206,2109,537127.3082325411,5738343.703777753,10.833896546887376,10,51
11207,2109,538279.5681235107,5738218.444745198,10.998724160067876,10,51
11208,2109,538319.5490316937,5738350.770147554,10.998724160067876,10,51
11209,2109,538287.5222798852,5738216.794925339,10.998724160067876,10,51
11210,2109,538196.3523414482,5738204.80667678,11.0,10,51
11284,2124,529279.8002575481,5729952.843330991,11.0,10,52
11285,2124,529507.6885576764,5730148.430033117,11.0,10,52
11286,2124,528931.9724733108,5730503.18202907,11.0,10,52
11287,2124,529236.8324212134,5730251.536274697,11.0,10,52
11288,2124,529359.4136574749,5730416.830028946,11.0,10,52
11289,2124,529452.461066899,5730533.81449021,11.0,10,52
11290,2124,529767.6704533546,5731238.781613049,11.077161764562202,10,52
11291,2124,529876.5977665662,5731468.487780323,11.077161764562202,10,52
11291,2125,532677.977911759,5731922.666852544,11.077161764562202,10,52
11292,2125,532526.0837424417,5732042.483839418,11.077161764562202,10,52
11293,2125,534741.7042185845,5735203.103049618,11.761939385130416,10,52
11294,2125,534738.5111432411,5735304.223174076,11.761939385130416,10,52
11296,2126,532248.734844806,5738214.997740581,11.993650346675691,10,52
11297,2126,532365.4774811651,5738138.339311908,12.0,10,52
11298,2126,532367.5353361118,5738189.834617034,12.0,10,52
11299,2126,532424.4882759358,5738308.745447029,12.0,10,52
11441,2158,540471.803742519,5746137.945510964,12.0,10,53
11442,2158,540478.9570300113,5746148.792713692,12.0,10,53
11443,2158,540241.1505643874,5745207.308778316,12.343796208835409,10,53
11444,2159,539971.3530512863,5745915.985402292,12.343796208835409,10,53
11445,2159,539792.3167022517,5744683.697952971,12.88813861805239,10,53
11446,2159,539782.9974597665,5744643.660924003,12.88813861805239,10,53
11447,2159,539869.2361960146,5744626.397372916,12.88813861805239,10,53
11448,2159,539771.7266343565,5744377.212849871,12.999952726543428,10,53
11448,2160,537916.7802456152,5742732.644055109,12.999952726543428,10,53
11449,2160,537965.271545186,5742777.025797412,12.999952726543428,10,53
11450,2160,537895.4167584544,5742782.856238793,13.0,10,53
11451,2160,537903.6405241576,5742864.75151228,13.0,10,53
11452,2160,537886.1389161473,5742863.579207426,13.0,10,53
11453,2160,537867.4077343392,5742810.2903865855,13.0,10,53
11454,2160,537847.3780919843,5742815.378165048,13.0,10,53
11500,2170,542272.8450519899,5748342.387168365,13.0,10,54
11501,2170,542216.9352543651,5748344.578013008,13.0,10,54
11502,2170,542193.7575969246,5748336.01145372,13.0,10,54
11503,2170,542155.9693880511,5748335.199574178,13.0,10,54
11504,2170,542135.2902420628,5748306.301582969,13.0,10,54
11505,2170,542116.8165654831,5748228.36975779,13.0,10,54
11506,2170,542066.4034930532,5748203.969087195,13.0,10,54
11507,2170,542542.9941525864,5748060.70241315,13.574540695234646,10,54
11507,2171,542270.1185064936,5748194.766421241,13.574540695234646,10,54
11508,2171,542206.5813263681,5748194.61443247,13.574540695234646,10,54
11509,2171,542198.0420538874,5748200.181847224,13.574540695234646,10,54
11510,2171,542800.7910866162,5748010.819569961,14.421220814979128,10,54
11511,2171,542775.1564090088,5748015.070598199,14.421220814979128,10,54
11511,2172,542808.773904706,5748221.25258721,14.421220814979128,10,54
11512,2172,542993.6933899279,5748047.142326306,14.95592492690504,10,54
11513,2172,542996.5233482192,5748042.738853709,14.95592492690504,10,54
11514,2172,543000.6889476163,5748055.564348131,14.95592492690504,10,54
11545,2178,542905.3894439652,5747231.429851444,15.0,10,55
11546,2178,542894.7237523537,5747229.147209058,15.0,10,55
11547,2178,542923.7805657901,5747250.38031932,15.0,10,55
11548,2178,542899.1658542244,5747249.5013982095,15.0,10,55
11549,2178,542887.4792837951,5747127.4227054445,14.5337333265161,10,55
11550,2178,542857.3220100076,5747107.540436753,14.5337333265161,10,55
11551,2179,542954.405189258,5747091.079630243,14.049621676240983,10,55
11552,2179,542929.1322930916,5747072.113072821,14.049621676240983,10,55
11553,2179,542894.7711062611,5747053.908660088,14.049621676240983,10,55
11554,2179,542865.0003673472,5746727.701283458,13.16643989751405,10,55
11554,2180,542180.3067166226,5747499.935960197,13.16643989751405,10,55
11555,2180,542232.0945438495,5747404.652189272,13.16643989751405,10,55
11556,2180,542262.8141546494,5747460.679673537,13.16643989751405,10,55
11557,2180,541859.6570429106,5747296.939538238,12.5540957531153,10,55
11558,2180,541946.8434408813,5747317.578277163,12.5540957531153,10,55
11559,2181,542509.5293144707,5747094.741648665,12.072321400987398,10,55
11560,2181,542528.1303642673,5747086.750716294,12.072321400987398,10,55
11561,2181,542527.0446270433,5747016.180136688,12.072321400987398,10,55
11562,2181,542494.389354864,5746960.165838057,12.000104606361203,10,55
11563,2181,542542.9477116166,5746935.083039213,12.000104606361203,10,55
11564,2181,543058.8436245137,5747135.329679376,12.000104606361203,10,55
11638,2195,533213.7670250834,5741073.658276172,12.0,10,56
11639,2195,533341.9051257649,5741061.413656536,12.0,10,56
11640,2195,533362.1862594257,5740995.620660629,12.0,10,56
11641,2195,533239.3579056202,5740977.417337203,12.0,10,56
11642,2195,534271.2179862374,5740014.077976402,12.0,10,56
11643,2195,534290.0120408719,5740125.684350762,12.0,10,56
11643,2196,535209.3702193922,5740900.056287945,12.0,10,56
11644,2196,533795.2411669139,5742301.343155575,12.0,10,56
11645,2196,534108.054800726,5742008.276783119,12.0,10,56
11646,2196,534849.3100073761,5742092.518445325,12.418125198475389,10,56
11647,2196,534689.1175750887,5742094.402029639,12.418125198475389,10,56
11647,2197,536079.7727637922,5741845.262560291,12.418125198475389,10,56
11648,2197,536323.4264395472,5742048.653733442,12.918099941211114,10,56
11649,2197,536286.1020511874,5742029.904017732,12.918099941211114,10,56
11650,2197,536180.8297080545,5741924.484551629,12.918099941211114,10,56
11679,2205,533767.2203046586,5736827.889340939,13.0,10,57
11680,2205,533677.191884346,5736700.927987213,13.0,10,57
11681,2205,533676.3510286318,5736709.992130251,13.0,10,57
11682,2205,533603.2206371952,5736801.915961261,13.0,10,57
11683,2205,533570.3693120008,5736904.372084147,13.0,10,57
11684,2205,534562.4057742619,5737128.877198314,13.635432049870456,10,57
11684,2206,534092.6464218042,5736937.151306133,13.635432049870456,10,57
11685,2206,534084.0461702658,5737000.811944053,13.635432049870456,10,57
11686,2206,534093.0550358178,5736974.350623178,13.635432049870456,10,57
11687,2206,534556.2833238863,5737082.241822047,13.974863450492784,10,57
11688,2207,533466.3125006977,5737273.618330765,13.974863450492784,10,57
11689,2207,533456.0586626509,5737260.869683214,14.0,10,57
11690,2207,533455.2992682512,5737303.426932656,14.0,10,57
11730,2215,534979.2302449693,5736894.964492055,14.0,10,58
11731,2215,534964.8345545869,5736904.02432967,14.0,10,58
11732,2215,534966.247826382,5736902.077048889,14.0,10,58
11733,2215,534981.5461518646,5736902.564176615,14.0,10,58
11734,2215,534984.9926761959,5736895.192986941,14.0,10,58
11735,2215,535079.7996134121,5736920.922761685,14.226229556181892,10,58
11736,2215,535073.7368558495,5736915.893540239,14.226229556181892,10,58
11737,2215,535064.4239891217,5736920.069660609,14.226229556181892,10,58
11737,2216,534818.2733213166,5737098.296540472,14.226229556181892,10,58
11738,2216,535120.5616635176,5737096.278041617,14.837666858961263,10,58
11739,2216,535103.1877720731,5737075.154804562,14.837666858961263,10,58
11740,2216,535159.72430936,5737073.207967039,14.998877027849748,10,58
11741,2216,535160.4832007992,5737078.338640148,14.998877027849748,10,58
11742,2216,535166.3900517399,5737092.124409935,14.998877027849748,10,58
11742,2217,535393.6162102853,5737056.014572246,14.998877027849748,10,58
11743,2217,535388.1071993258,5737043.429373276,15.0,10,58
11744,2217,535388.6243966636,5737048.433503544,15.0,10,58
11745,2217,535364.3759876521,5737053.484532156,15.0,10,58
11745,2218,535654.6560004549,5736962.348439571,15.0,10,58
11746,2218,535653.0497364185,5736962.39180132,15.0,10,58
11747,2218,535658.8075205232,5736971.6885909,15.0,10,58
11748,2218,535656.007492864,5736961.806571484,15.0,10,58
11748,2219,535769.0257722184,5736952.75073176,15.0,10,58
11749,2219,535763.8570791617,5736959.662010125,15.0,10,58
11750,2219,535803.2843552853,5736978.309868353,15.0,10,58
11751,2219,535790.9358588051,5736975.070499734,15.0,10,58
11752,2219,535779.8686011845,5736950.515449014,15.0,10,58
11752,2220,535612.501957183,5737041.771017053,15.0,10,58
11753,2220,535622.2682940158,5737024.126937168,15.0,10,58
11754,2220,535645.9424643194,5737079.571952298,15.641265705359904,10,58
11755,2220,535642.4914985434,5737083.364673665,15.641265705359904,10,58
11756,2220,535665.7565111913,5737093.236731755,15.641265705359904,10,58
11757,2220,535660.1199485954,5737114.787315213,15.975996392172432,10,58
11758,2221,535514.6622921502,5737000.915054878,15.975996392172432,10,58
11759,2221,535512.6380681976,5736995.30175842,16.0,10,58
11760,2221,535512.2267979045,5736983.905921941,16.0,10,58
11761,2221,535507.7312541313,5736972.459266108,16.0,10,58
11909,2254,535154.6587827258,5736733.730052237,16.0,10,59
11910,2254,535162.6365243254,5736736.397414817,16.0,10,59
11911,2254,535180.6796587238,5736741.266385592,16.0,10,59
11912,2254,535169.0454522243,5736731.817522363,16.0,10,59
11913,2254,535174.0494357703,5736740.431594505,16.017277252772164,10,59
11913,2255,535135.9315415903,5736626.661594077,16.017277252772164,10,59
11914,2255,535145.2048196262,5736624.639800274,16.017277252772164,10,59
11915,2255,535146.930526645,5736631.790450573,16.017277252772164,10,59
11916,2255,535137.4867702712,5736670.903433348,16.80188564637237,10,59
11916,2256,535092.1982561866,5736723.133403598,16.80188564637237,10,59
11917,2256,535091.756239574,5736723.216399312,16.80188564637237,10,59
11918,2256,535096.9246257356,5736723.81144469,16.996977617301017,10,59
11919,2256,535099.81503393,5736727.296673567,16.996977617301017,10,59
11920,2256,535110.3739335233,5736729.07191604,16.996977617301017,10,59
11921,2256,535120.7050285453,5736727.837063441,17.0,10,59
