world_index,id_fixation,x,y,zoom,etape,id_pan,x_rel,y_rel,x_pixel,y_pixel
1312,197,261381.15174325704,6250941.182173277,12.0,2,0,0.636400176013205,0.7081358869870503,734.7690010070801,764.8815321922302
1313,197,261492.4333658,6250827.029449445,12.0,2,0,0.6541330066954818,0.7190892775853475,755.0198936462402,771.4535665512085
1314,197,261605.4601193178,6250685.550828425,12.0,2,0,0.6567226583611108,0.7129195531209309,757.9772758483886,767.7517318725586
1315,197,261762.7318476281,6250477.621097022,12.0,2,0,0.6603260441127048,0.7038519700368245,762.0923423767089,762.3111820220947
1316,197,261812.37185765253,6250491.43535044,12.0,2,0,0.6614633884196105,0.7044543941815694,763.3911895751952,762.6726365089417
1317,197,261862.8210136177,6250330.93660597,12.0,2,0,0.6626192717543834,0.6974552234013874,764.7112083435059,758.4731340408325
1318,197,262079.23912331573,6250324.712196149,12.0,2,0,0.667577810337581,0.6971837838490803,770.3738594055176,758.3102703094482
1319,197,261990.4298891164,6250160.606738321,12.0,2,0,0.665543026765466,0.6900273283322652,768.0501365661621,754.0163969993591
1319,198,261010.0927229966,6251483.023198817,12.0,2,0,0.665543026765466,0.6900273283322652,768.0501365661621,754.0163969993591
1320,198,261109.8385486816,6251346.944806872,12.0,2,0,0.6453670528431907,0.7417622049649556,745.0091743469238,785.0573229789734
1321,198,261624.305492758,6252468.26666873,12.0,2,0,0.6457709030178089,0.7389951308568318,745.4703712463378,783.3970785140991
1322,198,261569.4038472378,6252478.698090723,12.0,2,0,0.6445130049242863,0.7394500335057576,744.033851623535,783.6700201034546
1323,198,261671.4349634852,6252410.697028486,12.0,2,0,0.646850726232846,0.7364845832188923,746.7035293579102,781.8907499313354
1324,198,262327.9220367451,6254388.427719779,12.0,2,0,0.6443789226578748,0.7327312072118123,743.880729675293,779.6387243270874
1325,198,262243.4012760317,6254250.728028991,12.0,2,0,0.6424423959334551,0.7267262776692708,741.6692161560057,776.0357666015625
1325,199,262535.7719469949,6254662.756896504,12.0,2,0,0.6424423959334551,0.7267262776692708,741.6692161560057,776.0357666015625
1326,199,262499.6949724422,6254532.573242081,12.0,2,0,0.6483145578521354,0.7390172322591145,748.3752250671387,783.4103393554688
1327,199,262968.5762379295,6255337.590825475,12.0,2,0,0.6511765829109685,0.7274564822514852,751.6436576843261,776.4738893508911
1328,199,262753.3565389762,6255328.635548104,12.0,2,0,0.6462455021312066,0.7270659526189168,746.0123634338379,776.2395715713501
1329,199,262733.1519461476,6255132.48299054,12.0,2,0,0.6457825775948172,0.7185119589169819,745.4837036132812,771.1071753501892
1329,200,260961.1332703148,6253017.133304363,12.0,2,0,0.6457825775948172,0.7185119589169819,745.4837036132812,771.1071753501892
1330,200,261674.7082868476,6254762.243686142,12.0,2,0,0.6048942004736584,0.6190329035123189,698.789176940918,711.4197421073914
1331,200,261506.0166663681,6254564.295152622,12.0,2,0,0.6010291639017348,0.6104005893071492,694.3753051757811,706.2403535842896
1332,200,261516.24033467352,6254357.637365834,12.0,2,0,0.6012634070241096,0.6013884743054707,694.6428108215332,700.8330845832825
1333,200,261693.49971722503,6254591.97565255,12.0,2,0,0.6026977766207344,0.5966077049573262,696.2808609008788,697.9646229743958
1334,200,261550.84072722844,6254494.316384624,12.0,2,0,0.599429195691324,0.5923488934834797,692.5481414794921,695.4093360900879
1335,200,261511.3041070588,6254406.392290478,12.0,2,0,0.5985233387053535,0.5885146220525105,691.5136528015137,693.1087732315063
1336,201,261995.4358053364,6253590.012967723,12.0,2,0,0.6096156900275609,0.552913232644399,704.1811180114746,671.7479395866394
1337,201,262207.1718029827,6253430.503240151,12.0,2,0,0.614466952776533,0.5459571917851765,709.7212600708007,667.574315071106
1338,201,262240.03187570075,6253405.152916515,12.0,2,0,0.6152198377298598,0.5448516925175985,710.5810546874999,666.9110155105591
1338,202,262706.0212098583,6252055.710708238,12.0,2,0,0.6152198377298598,0.5448516925175985,710.5810546874999,666.9110155105591
1339,202,262682.31760755624,6252046.361792301,12.0,2,0,0.6253534206784543,0.48559633096059157,722.1536064147949,631.357798576355
1340,202,262697.6651378593,6252018.349487864,12.0,2,0,0.6257050609421604,0.4843747456868489,722.5551795959472,630.6248474121094
1341,202,262757.3516788346,6251929.475740678,12.0,2,0,0.6270725898275025,0.4804990609486897,724.1168975830078,628.2994365692139
1342,202,262782.49643566355,6251851.126904644,12.0,2,0,0.6276487026448425,0.47708235581715897,724.7748184204102,626.2494134902954
1343,202,262737.8009634014,6251837.885887387,12.0,2,0,0.626624646829849,0.4765049298604329,723.6053466796875,625.9029579162598
1344,202,262735.7627903831,6251909.12954731,12.0,2,0,0.6265779485218161,0.47961178620656325,723.5520172119141,627.767071723938
1345,202,262712.38940710004,6251943.474512173,12.0,2,0,0.6260424211438608,0.48110953172047927,722.9404449462891,628.6657190322876
1345,203,263146.5224468822,6250353.499458282,12.0,2,0,0.6260424211438608,0.48110953172047927,722.9404449462891,628.6657190322876
1346,203,263095.0257749559,6250376.136136055,12.0,2,0,0.6348093270002855,0.4127596577008565,732.9522514343261,587.6557946205139
1347,203,262993.1739829441,6250443.534439238,12.0,2,0,0.6324757143411452,0.4156988223393758,730.2872657775879,589.4192934036255
1348,204,263424.5952903843,6249421.661023706,12.0,2,0,0.6423603732615135,0.3711360653241475,741.5755462646484,562.6816391944885
1349,204,263549.4333877562,6249300.3514587,12.0,2,0,0.6452206446285214,0.3658458908398946,744.8419761657715,559.5075345039368
1350,204,263464.6786307842,6249371.644323443,12.0,2,0,0.6432787566176645,0.36895489295323686,742.6243400573729,561.3729357719421
1351,204,263427.840621671,6249380.078029715,12.0,2,0,0.6424347297949047,0.36932267745335895,741.6604614257811,561.5936064720154
1352,204,263424.80960471457,6249292.316311477,12.0,2,0,0.6423652835986242,0.365495487054189,741.5811538696289,559.2972922325134
1353,204,263510.97708676144,6249249.855011435,12.0,2,0,0.6443395397500272,0.3636437972386678,743.8357543945311,558.1862783432007
1354,204,263374.72784474416,6249228.281157791,12.0,2,0,0.6412178179846127,0.36270298560460407,740.2707481384277,557.6217913627625
1507,231,259166.36588456217,6246796.463670211,13.0,2,1,0.5193062730511934,0.06582482655843087,601.0477638244629,379.49489593505854
1508,231,259250.8450945381,6246800.968986609,13.0,2,1,0.5304305415646207,0.026657923062642395,613.7516784667968,355.99475383758545
1509,231,259261.5509700865,6246789.634041095,13.0,2,1,0.5309211243263684,0.02566931446393319,614.3119239807128,355.40158867835993
1510,231,259337.8632732632,6246711.818462306,13.0,2,1,0.5344180359314286,0.018882413705190004,618.3053970336914,351.329448223114
1511,231,259291.25756051656,6246710.396442987,13.0,2,1,0.5322823900266201,0.01875838836034127,615.8664894104003,351.2550330162048
1512,231,259323.98642037937,6246664.731394288,13.0,2,1,0.5337821472755871,0.01810891826947528,617.5792121887206,350.8653509616852
1513,231,259304.23451190145,6246658.682891701,13.0,2,1,0.5328770418718274,0.01758138140042621,616.5455818176268,350.54882884025574
1513,232,259668.81052367177,6247549.863997975,13.0,2,1,0.5328770418718274,0.01758138140042621,616.5455818176268,350.54882884025574
1514,232,259686.30557103927,6247608.220300291,13.0,2,1,0.5503849490511438,0.10039791067441302,636.5396118164062,400.2387464046478
1515,232,259415.14487495992,6247148.422950889,13.0,2,1,0.5397106778600795,0.10696208079655953,624.3495941162108,404.17724847793573
1516,232,259663.2421416787,6247060.970607961,13.0,2,1,0.5510794110139489,0.0993346830209096,637.3326873779297,399.6008098125458
1517,232,259472.2421489248,6247017.315475957,13.0,2,1,0.5423270858524141,0.09552718003590899,627.3375320434569,397.3163080215454
1518,232,259529.3077131162,6246741.806850567,13.0,2,1,0.5449420407858078,0.09983126719792672,630.3238105773925,399.89876031875605
1519,232,259505.75172527632,6246725.740861542,13.0,2,1,0.5438626184146165,0.09843002756436664,629.0911102294921,399.05801653862
1520,232,259523.43484440303,6246737.06412091,13.0,2,1,0.5446729242488506,0.09941761692364998,630.0164794921874,399.65057015419
1531,234,259330.4253996669,6245495.481699819,13.0,2,1,0.5558717497175921,-0.025789723793665585,642.8055381774902,324.52616572380066
1532,234,259204.7289515336,6245493.134629871,13.0,2,1,0.5291929862962712,0.06425820191701251,612.3383903503417,378.5549211502075
1533,234,259205.47030416585,6245473.391195556,13.0,2,1,0.5292269578122006,0.06253622372945138,612.3771858215332,377.52173423767084
1534,234,259269.40158100857,6245354.85924268,13.0,2,1,0.532156525059047,0.05219813187917061,615.7227516174316,371.3188791275024
1534,235,259037.2346483584,6245807.680751752,13.0,2,1,0.532156525059047,0.05219813187917061,615.7227516174316,371.3188791275024
1535,235,259038.0175517281,6245803.318744395,13.0,2,1,0.5215536541780115,0.09131176670392342,603.6142730712891,394.78706002235407
1536,235,258979.42991841564,6245736.013930372,13.0,2,1,0.5188689524154529,0.08544159134229022,600.5483436584473,391.26495480537415
1537,235,258945.07183226675,6245734.452907435,13.0,2,1,0.5172945380002103,0.08530544241269418,598.7503623962402,391.1832654476165
1538,235,258909.7449578699,6245780.108215401,13.0,2,1,0.5156757301290481,0.08928739627202349,596.9016838073729,393.5724377632141
1539,235,258907.2191104062,6245726.105309599,13.0,2,1,0.5155599864685807,0.08457738359769174,596.7695045471191,390.74643015861506
1540,235,258894.3974275668,6245755.096174908,13.0,2,1,0.5149724496016359,0.08710590203603097,596.0985374450682,392.2635412216186
1541,235,258832.1030310933,6245747.985463253,13.0,2,1,0.5121178902594304,0.08648572166760761,592.8386306762695,391.8914330005646
3093,459,540329.254779297,5744000.457045784,13.0,5,2,0.42773164258111795,0.37792602380116774,496.4695358276367,566.7556142807007
3094,459,540317.7506922125,5743987.874143005,13.0,5,2,0.40135556636883785,0.3547617157300313,466.3480567932129,552.8570294380188
3095,459,540301.8285589473,5743974.098023324,13.0,5,2,0.40062595541130636,0.35356019337972,465.5148410797119,552.136116027832
3096,459,540301.326669776,5743948.735398483,13.0,5,2,0.40060295699565496,0.3513481219609578,465.48857688903803,550.8088731765747
3097,459,539815.486543675,5743688.487447776,13.0,5,2,0.4011070431844573,0.35031654437383014,466.0642433166503,550.1899266242981
3098,459,539773.9183111297,5743677.421283596,13.0,5,2,0.39920223322933474,0.3493513782819112,463.88895034790033,549.6108269691467
3099,459,539746.7113255924,5743639.751302972,13.0,5,2,0.3979555086580131,0.34606588681538897,462.465190887451,547.6395320892334
3100,459,539589.3716581815,5743527.013518432,13.0,5,2,0.39775087787474506,0.3462331493695577,462.2315025329589,547.7398896217346
3100,460,540048.6057171742,5743862.552262015,13.0,5,2,0.39775087787474506,0.3462331493695577,462.2315025329589,547.7398896217346
3101,460,540103.7369851911,5743872.139821332,13.0,5,2,0.4213209970611198,0.3763342936833699,489.1485786437988,565.800576210022
3102,460,540084.47603148,5743860.456136651,13.0,5,2,0.42043838901820396,0.37531526883443195,488.14064025878895,565.1891613006592
3103,460,539996.2880172543,5743809.595209233,13.0,5,2,0.42252688566565294,0.37921262582143145,490.52570343017567,567.5275754928589
3568,534,563100.3439793153,5994557.519475563,14.0,6,3,0.6275365164735063,0.45815744002660114,724.6467018127441,614.8944640159607
3569,534,563095.7487957801,5994552.649428433,14.0,6,3,0.6271153799080389,0.45730793078740434,724.1657638549805,614.3847584724426
3570,534,563093.8073922426,5994553.597851352,14.0,6,3,0.6269374553459955,0.4574733694394429,723.962574005127,614.4840216636658
3571,534,563238.7423785575,5994670.237860649,14.0,6,3,0.6270855170415287,0.456152864297231,724.1316604614258,613.6917185783386
3571,535,562895.8536648802,5994805.161784488,14.0,6,3,0.6270855170415287,0.456152864297231,724.1316604614258,613.6917185783386
3572,535,562886.1690627218,5994794.976386598,14.0,6,3,0.5947730937897637,0.47791169484456375,687.2308731079102,626.7470169067383
3573,535,562876.7578206785,5994787.512630356,14.0,6,3,0.5939105780446174,0.4766097505887349,686.2458801269531,625.965850353241
3574,535,562916.0730556028,5994838.434831445,14.0,6,3,0.5940110896389454,0.473825724919637,686.3606643676758,624.2954349517822
3575,535,562919.2757427116,5994820.811509844,14.0,6,3,0.5943046075450142,0.47075159152348833,686.6958618164062,622.450954914093
3576,535,562916.0675884006,5994816.721359122,14.0,6,3,0.5940105885841382,0.4700381239255269,686.3600921630859,622.0228743553162
3577,535,562960.7599261334,5994894.332819914,14.0,6,3,0.5972308678301328,0.46857632001241045,690.0376510620117,621.1457920074463
3577,536,562982.7112900976,5994825.45960223,14.0,6,3,0.5972308678301328,0.46857632001241045,690.0376510620117,621.1457920074463
3578,536,562951.1759204974,5994843.74165337,14.0,6,3,0.5963525187530785,0.4597514231999715,689.0345764160156,615.8508539199829
3579,536,562982.671926241,5994847.778293849,14.0,6,3,0.5992390453919846,0.4604555567105611,692.3309898376464,616.2733340263367
3580,536,562929.8075060907,5995043.067088122,14.0,6,3,0.5935185026579687,0.4595208605130513,685.7981300354003,615.7125163078308
3690,551,562760.391116826,5994716.754093526,14.0,6,4,0.45443195135914916,0.2931372662385304,526.9612884521483,515.8823597431183
3691,551,562760.6108983586,5994702.510220517,14.0,6,4,0.5736337918951298,0.3284489770730335,663.0897903442382,537.0693862438201
3692,551,562752.4746078922,5994664.482582353,14.0,6,4,0.5728881221310269,0.3218156059583028,662.2382354736328,533.0893635749817
3693,551,562780.2654906355,5994682.613636198,14.0,6,4,0.575435083927081,0.32497830589612314,665.1468658447266,534.9869835376738
3694,551,562635.3576216439,5994655.622764612,14.0,6,4,0.5700355670080502,0.3286034723122914,658.9806175231934,537.1620833873749
3694,552,562993.4489847635,5994710.467995438,14.0,6,4,0.5700355670080502,0.3286034723122914,658.9806175231934,537.1620833873749
3695,552,563024.2501090944,5994708.550852611,14.0,6,4,0.6056765474496496,0.33783601125081375,699.6826171874999,542.7016067504883
3696,552,563022.1184469168,5994739.149485436,14.0,6,4,0.6054811861803151,0.3431734999020894,699.4595146179199,545.9040999412537
3697,552,562900.8066221339,5994645.445255439,14.0,6,4,0.6013685283226641,0.3401614864667256,694.7628593444824,544.0968918800354
3699,553,560449.5831895543,5994457.487760766,14.0,6,4,0.3767203048732777,0.30737502177556353,438.21458816528315,524.4250130653381
3700,553,560376.1617424911,5994381.460952614,14.0,6,4,0.3761210182711038,0.3057799120744069,437.5302028656006,523.4679472446442
3701,553,560370.8525423353,5994367.188479303,14.0,6,4,0.3756344439478137,0.3032902856667835,436.9745349884033,521.9741714000701
3702,554,559900.3973239771,5994337.152319085,14.0,6,4,0.3325184523119817,0.29805091222127267,387.73607254028315,518.8305473327636
3703,554,559819.4260714625,5994235.980102596,14.0,6,4,0.33210290250761476,0.2987362166245777,387.2615146636961,519.2417299747466
3704,554,559834.1374927778,5994230.159787365,14.0,6,4,0.3334511658356192,0.29772094686826067,388.8012313842772,518.6325681209564
3705,554,559810.6736272967,5994244.948911293,14.0,6,4,0.33130076386673835,0.30030069549878435,386.34547233581526,520.1804172992706
3706,554,559780.7387629465,5994225.189535527,14.0,6,4,0.3303086252429647,0.3001872917016347,385.21245002746576,520.1123750209808
3739,559,560186.3084043001,5994165.020343099,14.0,6,5,0.40079245592374513,0.2817636271317799,465.704984664917,509.05817627906794
3740,559,560165.4534877576,5994171.029481829,14.0,6,5,0.365566724653628,0.2907398541768392,425.4771995544432,514.4439125061035
3741,559,560171.9736732234,5994160.1453754855,14.0,6,5,0.3661642826167171,0.2888412793477376,426.15961074829096,513.3047676086426
3742,559,560211.4742098579,5994138.790175762,14.0,6,5,0.36978440359887216,0.2851161738236744,430.29378890991205,511.06970429420466
3743,559,560229.1092176044,5994156.967051597,14.0,6,5,0.37140060598503677,0.2882868667443593,432.13949203491205,512.9721200466156
3743,560,560062.3234638475,5994238.022767832,14.0,6,5,0.37140060598503677,0.2882868667443593,432.13949203491205,512.9721200466156
3744,560,559447.784994621,5994111.236084384,14.0,6,5,0.3575876272705932,0.30030976136525467,416.36507034301746,520.1858568191528
3745,560,559394.5765416538,5994116.526525202,14.0,6,5,0.3527112115702986,0.3012326021989185,410.7962036132811,520.7395613193511
3746,560,559387.0203213517,5994116.83036497,14.0,6,5,0.3520187037212417,0.3012856026490529,410.0053596496581,520.7713615894318
3746,561,559826.4693952927,5993789.208061982,14.0,6,5,0.3520187037212417,0.3012856026490529,410.0053596496581,520.7713615894318
3747,561,559595.2335636426,5993754.553232037,14.0,6,5,0.3938679786989441,0.24642493327458698,457.79723167419417,487.8549599647522
3748,561,559622.0305090074,5993772.2026937,14.0,6,5,0.39632384873104576,0.24950362642606097,460.6018352508543,489.7021758556366
3749,561,559606.6796983829,5993791.67488644,14.0,6,5,0.3949169870433371,0.2529002686341603,458.99519920349104,491.7401611804962
3750,561,559612.1650700208,5993809.580828231,14.0,6,5,0.39629536376525537,0.2560237010320027,460.5693054199217,493.61422061920166
3751,561,559568.2262585573,5993814.571119642,14.0,6,5,0.3922684864906002,0.25689418514569595,455.97061157226545,494.1365110874176
3752,562,560070.5298438475,5993881.67204119,14.0,6,5,0.4383032977476637,0.2685989697774251,508.5423660278319,501.1593818664551
3753,562,560053.6886738753,5993873.539714445,14.0,6,5,0.4367598485195073,0.2671804030736287,506.77974700927734,500.30824184417725
3754,562,560065.5147791755,5993869.513837519,14.0,6,5,0.43784368017300207,0.26647814710934953,508.01748275756836,499.88688826560974
3755,562,560043.9275308847,5993885.144363882,14.0,6,5,0.43586526526669894,0.26920466621716815,505.7581329345702,501.5227997303009
3756,562,560050.3257977392,5993880.217731208,14.0,6,5,0.436451649707587,0.26834528644879657,506.42778396606434,501.00717186927795
3757,562,560051.3109875941,5993881.838107459,14.0,6,5,0.43654193978384787,0.2686279376347858,506.5308952331543,501.1767625808715
3758,562,560085.9140044061,5993885.92272264,14.0,6,5,0.43971321586969647,0.2693404396375019,510.15249252319336,501.60426378250116
3762,563,559993.2673409107,5993102.136365602,14.0,6,5,0.4312223912120491,0.13262025316556283,500.45597076416004,419.5721518993377
3763,563,560008.9729729646,5993132.52926077,14.0,6,5,0.4326617713567462,0.1379218538602193,502.0997428894042,422.7531123161316
3764,563,560021.668363431,5993150.419518525,14.0,6,5,0.43382527072458876,0.14104255040486652,503.42845916748036,424.6255302429199
3765,563,560033.4862679277,5993170.54613538,14.0,6,5,0.4349083507958727,0.1445533474286397,504.6653366088866,426.73200845718384
3881,580,560283.2606287507,5994238.588798325,15.0,6,6,0.5231273170110431,0.14715138872464487,605.4113960266112,428.29083323478693
3882,580,560044.9149374185,5994054.307082582,15.0,6,6,0.483274519965444,0.1467154761155445,559.8995018005371,428.0292856693267
3883,580,560194.2365335008,5994160.718657995,15.0,6,6,0.5106443882823616,0.1838393946488698,591.1558914184569,450.3036367893219
3884,580,560098.8789577439,5994087.698396514,15.0,6,6,0.4931658429147482,0.15836473902066547,571.1953926086425,435.0188434123993
3885,580,560167.0076791542,5994060.543777662,15.0,6,6,0.5056534815586177,0.16722461183865853,585.4562759399414,440.33476710319513
3885,581,560208.2640078081,5993727.758812625,15.0,6,6,0.5056534815586177,0.16722461183865853,585.4562759399414,440.33476710319513
3886,581,560342.6642420067,5993821.005638253,15.0,6,6,0.5378504116773187,0.08365668853123971,622.225170135498,390.19401311874384
3887,581,560160.5675882022,5993716.460155667,15.0,6,6,0.5044730465382911,0.04718379577000924,584.1082191467284,368.31027746200556
3888,581,560287.2561877613,5993689.042083725,15.0,6,6,0.5294457183410324,0.06928509076436348,612.627010345459,381.5710544586181
3986,588,559998.0450926139,5994356.351409602,18.0,6,7,0.3388305654041403,0.6769594987233479,394.94450569152826,746.1756992340088
3987,588,559998.8844790173,5994354.258282658,18.0,6,7,0.340061406538073,0.6711176474889119,396.3501262664794,742.6705884933472
3988,588,560000.7159063636,5994349.520281276,18.0,6,7,0.34274693504106335,0.6578940351804097,399.4169998168944,734.7364211082458
4055,594,559721.4134209392,5993844.033408731,16.0,6,8,0.43786617753384616,0.2704834898312885,508.04317474365234,502.29009389877314
4056,594,559723.5538306406,5993848.105492059,16.0,6,8,0.43865082936195066,0.2733247538407642,508.93924713134766,503.99485230445856
4057,594,559729.2234561081,5993846.736982983,16.0,6,8,0.44072925480777453,0.27236988743146245,511.3128089904785,503.4219324588775
4058,594,559728.0458207323,5993854.747297148,16.0,6,8,0.4402975459858749,0.27795902093251534,510.81979751586914,506.7754125595092
4109,605,560399.7161895381,5993851.568502855,16.0,6,8,0.6611308383440595,0.23240770896275836,763.011417388916,479.44462537765503
4110,605,560387.7017391187,5993852.616027358,16.0,6,8,0.6567264663776456,0.23313861091931648,757.9816246032714,479.8831665515899
4111,605,560397.7889460545,5993864.116546525,16.0,6,8,0.6551703905683472,0.23282967408498126,756.2045860290526,479.69780445098877
4112,605,560382.6752753298,5993863.856914213,16.0,6,8,0.6496298768265653,0.2326485176881154,749.8773193359375,479.58911061286926
4122,606,559874.4209865897,5993758.699203492,16.0,6,8,0.46155785261645205,0.15594222148259468,535.0990676879883,433.5653328895568
4123,606,559874.8015038699,5993756.021615538,16.0,6,8,0.46169734627478165,0.1540739556153615,535.2583694458007,432.4443733692169
4124,606,559875.7802697622,5993752.986062512,16.0,6,8,0.46205615162223107,0.15195592244466144,535.6681251525879,431.1735534667969
4125,606,559871.8872116827,5993752.447654137,16.0,6,8,0.46062899721483,0.15158025225003557,534.0383148193359,430.94815135002136
4126,606,559876.2386946752,5993747.621045637,16.0,6,8,0.4622242054045721,0.14821252425511666,535.8600425720214,428.92751455307
4126,607,560027.1295144984,5993734.62044006,16.0,6,8,0.4622242054045721,0.14821252425511666,535.8600425720214,428.92751455307
4127,607,560033.9708980994,5993728.596693648,16.0,6,8,0.5200471827946276,0.13493843277295417,601.8938827514647,420.9630596637725
4128,607,560032.7779545571,5993722.3961174125,16.0,6,8,0.5196098621588872,0.13061202963193255,601.3944625854491,418.36721777915955
4129,607,560034.6445941031,5993713.317219193,16.0,6,8,0.5202941527091057,0.12594396670659372,602.1759223937988,415.56638002395624
4129,608,560000.4510707435,5993868.332778336,16.0,6,8,0.5202941527091057,0.12594396670659372,602.1759223937988,415.56638002395624
4130,608,560001.91505084,5993861.401433629,16.0,6,8,0.5082958441899662,0.22926855882008856,588.4738540649414,477.56113529205317
4131,608,560004.4715146367,5993850.023126368,16.0,6,8,0.5092330171013879,0.22132943471272784,589.544105529785,472.7976608276367
4132,608,560021.5240375377,5993804.590730474,16.0,6,8,0.5111060100762522,0.21796267231305427,591.6830635070801,470.7776033878326
4133,608,560022.9211810861,5993805.742892105,16.0,6,8,0.5116181883001912,0.21876658399899787,592.2679710388184,471.25995039939875
4136,609,559959.3324609157,5994136.006507022,16.0,6,8,0.4874315712790146,0.45253874858220416,564.6468544006347,611.5232491493225
4137,609,559962.2474365032,5994132.7406908125,16.0,6,8,0.48850017086637,0.450260051091512,565.8671951293945,610.1560306549072
4138,609,559961.3718640545,5994129.566672346,16.0,6,8,0.4881791951568656,0.4480454047520955,565.5006408691405,608.8272428512573
4139,609,559961.5977961896,5994126.761536269,16.0,6,8,0.48826201951649895,0.4460881431897481,565.5952262878418,607.6528859138489
4140,609,559965.9666375495,5994122.230387341,16.0,6,8,0.4898635911022928,0.4429265697797139,567.4242210388184,605.7559418678284
4165,613,560037.5501205426,5993737.162410073,16.0,6,8,0.5152296911396621,0.18258176048596697,596.3923072814941,449.5490562915802
4166,613,560025.5474246081,5993733.898285278,16.0,6,8,0.5108296282445903,0.1803042431672414,591.3674354553222,448.18254590034485
4167,613,560024.8828861682,5993731.107756883,16.0,6,8,0.5105860153973206,0.17835717399915058,591.0892295837401,447.01430439949036
4168,613,560027.7190975946,5993685.726571023,16.0,6,8,0.5125013976088756,0.17669280966122944,593.2765960693359,446.01568579673767
4176,614,560102.7493782793,5993411.56446061,16.0,6,8,0.5128613553823815,0.12873169382413227,593.6876678466797,417.23901629447937
4177,614,560118.7717800346,5993331.580988606,16.0,6,8,0.5134810599679496,0.124590524037679,594.3953704833984,414.7543144226074
4178,614,560117.0669696768,5993333.267483837,16.0,6,8,0.5128560943069057,0.12576726277669267,593.6816596984863,415.4603576660156
4179,614,560118.7969291653,5993334.799137647,16.0,6,8,0.5134902793764023,0.12683596213658638,594.4058990478514,416.10157728195185
4215,620,560005.6507172771,5993650.240633501,16.0,6,9,0.47201206053618583,0.34693277676900225,547.0377731323242,548.1596660614014
4216,620,560009.7185891502,5993651.249947386,16.0,6,9,0.4735032998534301,0.34763701756795246,548.7407684326172,548.5822105407715
4217,620,560007.2475503896,5993650.993774788,16.0,6,9,0.4725974428674593,0.3474582751592,547.7062797546386,548.47496509552
4218,620,560008.2253595213,5993646.099894072,16.0,6,9,0.47295589747654365,0.34404360850652055,548.1156349182129,546.4261651039124
4219,620,560010.00302035,5993643.468512519,16.0,6,9,0.4736075693588123,0.3422075827916463,548.8598442077637,545.3245496749878
4220,620,560004.2273311578,5993642.064791243,16.0,6,9,0.47149026205994815,0.34122814734776813,546.4418792724608,544.7368884086609
4221,620,560004.8710942288,5993640.161794801,16.0,6,9,0.47172625887414826,0.3399003465970357,546.7113876342773,543.9402079582214
4221,621,560078.2993115109,5993621.930332369,16.0,6,9,0.47172625887414826,0.3399003465970357,546.7113876342773,543.9402079582214
4222,621,560057.9476691644,5993664.621699686,16.0,6,9,0.4973131737650588,0.3253003855546314,575.9316444396972,535.1802313327788
4223,621,560057.6728055687,5993666.007814862,16.0,6,9,0.4972124116433272,0.3262675364812215,575.8165740966797,535.7605218887329
4224,621,560046.6703342954,5993668.396632026,16.0,6,9,0.49317902065617814,0.32793431480725604,571.2104415893555,536.7605888843536
4225,621,559959.8170737277,5993822.374235408,16.0,6,9,0.4954901359544743,0.3220376392205555,573.8497352600097,533.2225835323333
4226,621,559961.7382486168,5993814.808379162,16.0,6,9,0.496194418591501,0.3167586227258045,574.6540260314941,530.0551736354827
4227,621,559956.0210584892,5993820.680436337,16.0,6,9,0.4940985564383859,0.3208558042844135,572.2605514526367,532.5134825706481
4274,629,560096.327128631,5993751.466803302,16.0,6,10,0.5464731640657067,0.16291671593983967,632.072353363037,437.7500295639038
4275,629,560106.1183412342,5993745.034733761,16.0,6,10,0.5517496219240846,0.25307461222012834,638.0980682373047,491.844767332077
4276,629,560102.9084100825,5993742.952985432,16.0,6,10,0.5505728947093315,0.2516220887502034,636.7542457580565,490.97325325012207
4277,629,560096.5303718764,5993742.966439875,16.0,6,10,0.5482347725569261,0.25163147648175543,634.0841102600097,490.9788858890533
4278,629,560102.7016131553,5993737.310730145,16.0,6,10,0.5504970851169994,0.24768524964650468,636.6676712036133,488.61114978790283
4279,629,560126.7269420888,5993622.731378307,16.0,6,10,0.5531749224286989,0.24773841102917987,639.7257614135742,488.64304661750793
4280,630,560079.6658113905,5993673.271956146,16.0,6,10,0.5359228037284677,0.2830027004082996,620.0238418579102,509.8016202449798
4281,630,560083.2595401439,5993672.935979479,16.0,6,10,0.5372402271330877,0.2827682753403981,621.5283393859862,509.6609652042389
4282,630,560129.1080818196,5993578.028126672,16.0,6,10,0.5400373154889054,0.2832137366135914,624.72261428833,509.92824196815485
4283,630,560131.0244729066,5993578.204418319,16.0,6,10,0.5407398444341068,0.28333674271901443,625.52490234375,510.0020456314087
4284,630,560123.9739688175,5993577.465423418,16.0,6,10,0.5381552033165498,0.2828211148579915,622.5732421874999,509.6926689147949
4285,630,560149.2018817934,5993529.631927951,16.0,6,10,0.5395225818854497,0.28277900417645757,624.1347885131835,509.6674025058746
4285,631,560127.2804507619,5993737.753788803,16.0,6,10,0.5395225818854497,0.28277900417645757,624.1347885131835,509.6674025058746
4286,631,560132.7461495836,5993745.704365241,16.0,6,10,0.5334900824284595,0.4335418423016866,617.2456741333008,600.125105381012
4287,631,560141.9678163871,5993746.101079108,16.0,6,10,0.5368706491072833,0.4338186462720235,621.1062812805176,600.2911877632141
4288,631,560137.4095729155,5993751.8848814005,16.0,6,10,0.5343239879441136,0.4395209153493245,618.1979942321777,603.7125492095947
4289,631,560142.0512276702,5993759.6358707845,16.0,6,10,0.5360255700694282,0.4449291070302327,620.141201019287,606.9574642181396
4290,631,560144.1306780658,5993763.478921048,16.0,6,10,0.5367878748531307,0.4476105650266011,621.0117530822753,608.5663390159607
4291,631,560150.157858564,5993765.186020797,16.0,6,10,0.538997376236523,0.4488016804059346,623.5350036621093,609.2810082435608
4291,632,560156.6639659839,5993808.423834415,16.0,6,10,0.538997376236523,0.4488016804059346,623.5350036621093,609.2810082435608
4292,632,560147.5182932925,5993813.600950381,16.0,6,10,0.5380297391928223,0.4825828154881795,622.429962158203,629.5496892929077
4293,632,560147.111123401,5993859.830374956,16.0,6,10,0.5378804749657519,0.4831723650296529,622.2595024108887,629.9034190177917
4294,632,560148.65219105,5993853.83261484,16.0,6,10,0.538445414260891,0.4789874752362569,622.9046630859375,627.3924851417542
4295,632,560151.4676635556,5993844.638232794,16.0,6,10,0.5394775370582807,0.47257216771443683,624.0833473205566,623.5433006286621
5035,750,140753.51424501822,5751669.306499956,15.0,7,11,0.6406686118104202,0.04516757925351459,739.6435546874999,367.10054755210876
5036,750,140733.54638204933,5751650.143374996,15.0,7,11,0.6370086068656106,0.03848211963971454,735.4638290405272,363.08927178382874
5037,750,140767.7549402153,5751637.533255802,15.0,7,11,0.643278856828626,0.03408281405766803,742.6244544982909,360.44968843460083
5038,750,140769.3997480279,5751643.392627358,15.0,7,11,0.6435803415061295,0.03612697919209796,742.96875,361.6761875152588
5039,750,140780.45224420234,5751635.281058898,15.0,7,11,0.6456062063026762,0.0332970877488454,745.2822875976562,359.97825264930725
5039,751,140764.35707398434,5751825.669579244,15.0,7,11,0.6456062063026762,0.0332970877488454,745.2822875976562,359.97825264930725
5040,751,140759.61159705796,5751748.301594611,15.0,7,11,0.6444131948066883,0.0910600145657857,743.9198684692382,394.63600873947144
5041,751,140777.91086988413,5751741.052648163,15.0,7,11,0.6477673558971718,0.088531066974004,747.7503204345702,393.1186401844024
5042,751,140756.16042560458,5751746.834060833,15.0,7,11,0.6437806131125748,0.090548034509023,743.1974601745605,394.3288207054138
5043,752,140889.15598973972,5752092.597948864,15.0,7,11,0.669909318566531,0.2211750467618306,773.0364418029784,472.7050280570984
5044,752,140911.78556014947,5752076.790592677,15.0,7,11,0.6740572005771296,0.21566031773885078,777.773323059082,469.3961906433105
5045,752,140907.29390720197,5752053.637634461,15.0,7,11,0.6741095608044838,0.21591625412305182,777.8331184387206,469.5497524738311
5046,752,140903.80719893365,5752041.342887414,15.0,7,11,0.6734704653978765,0.2116269727547963,777.103271484375,466.9761836528778
5046,753,140942.95728790053,5751959.358737718,15.0,7,11,0.6734704653978765,0.2116269727547963,777.103271484375,466.9761836528778
5047,753,140994.8935228919,5751943.053028956,15.0,7,11,0.6901661126292106,0.17733648618062325,796.1697006225585,446.40189170837397
5048,753,140930.467938065,5751919.143392856,15.0,7,11,0.6792328963137758,0.17732843955357866,783.683967590332,446.3970637321472
5049,753,140959.6638918,5751900.74878569,15.0,7,11,0.6845843620767944,0.17091109355290718,789.7953414916992,442.5466561317443
5262,794,140286.6969264149,5752426.921945721,17.0,7,12,0.6940895220861751,-0.01935585538546256,800.6502342224121,328.3864867687225
5263,794,140318.78275216688,5752376.103063081,17.0,7,12,0.6719225066764549,0.029925658305485922,775.3355026245116,357.95539498329157
5264,794,140312.6902386012,5752377.798053831,17.0,7,12,0.6674556030701004,0.03229099114735919,770.2342987060547,359.3745946884155
5265,794,140314.76203491367,5752373.420362437,17.0,7,12,0.6689746008236646,0.026181991895039756,771.968994140625,355.70919513702387
5266,795,140377.70950692613,5752399.3656688845,17.0,7,12,0.7011158637532837,0.09738825758298225,808.67431640625,398.4329545497894
5267,795,140381.0406049489,5752398.479213286,17.0,7,12,0.7035581552001098,0.0961512227853139,811.4634132385254,397.69073367118835
5268,795,140373.1490401256,5752399.778297436,17.0,7,12,0.6977722248137519,0.0979640742142994,804.8558807373047,398.77844452857966
5269,795,140389.1540015056,5752377.501249382,17.0,7,12,0.6963718768385371,0.09354347189267465,803.2566833496094,396.1260831356048
5270,795,140389.35375940974,5752376.427200405,17.0,7,12,0.6965183351586871,0.09204465349515267,803.4239387512207,395.2267920970916
5271,795,140388.1791993351,5752376.248948254,17.0,7,12,0.6956571722615204,0.09179590543111163,802.4404907226562,395.077543258667
5272,795,140395.6939600197,5752371.909210919,17.0,7,12,0.6967885540162201,0.09240653713544207,803.7325286865233,395.44392228126526
5272,796,140405.886465272,5752370.018208153,17.0,7,12,0.6967885540162201,0.09240653713544207,803.7325286865233,395.44392228126526
5273,796,140415.39864553776,5752367.278537553,17.0,7,12,0.711235617589199,0.08594450553258248,820.2310752868652,391.5667033195495
5274,796,140405.65294739365,5752372.338599862,17.0,7,12,0.7040902754053759,0.09300574262936907,812.0710945129393,395.80344557762146
5275,796,140406.82933898104,5752374.4687135685,17.0,7,12,0.7023258109017553,0.09931161602338143,810.0560760498046,399.5869696140289
5275,797,140363.50107733463,5752423.144467143,17.0,7,12,0.7023258109017553,0.09931161602338143,810.0560760498046,399.5869696140289
5276,797,140381.12508233645,5752416.937240568,17.0,7,12,0.6834799871762036,0.1585757752259572,788.5341453552246,435.14546513557434
5277,797,140367.43766801243,5752420.949393962,17.0,7,12,0.6734446610753047,0.16417467196782418,777.0738029479979,438.5048031806945
5278,797,140382.63573867263,5752417.323267763,17.0,7,12,0.6845875688275606,0.15911447008450824,789.7990036010742,435.46868205070496
5279,797,140374.130685411,5752417.386196116,17.0,7,12,0.6783518415407623,0.1592022856076558,782.6778030395507,435.5213713645935
5280,797,140383.79806588212,5752413.886426359,17.0,7,12,0.685439762843678,0.15431841214497882,790.7722091674804,432.5910472869873
5281,797,140382.7541719425,5752414.229629984,17.0,7,12,0.6846744016256516,0.15479734738667794,789.8981666564941,432.8784084320068
5282,798,140344.1853832604,5752487.250391201,17.0,7,12,0.6563965718925728,0.2566966672738393,757.6048851013182,494.0180003643036
5283,798,140348.73354885573,5752488.307372256,17.0,7,12,0.6597311918455747,0.258171667655309,761.4130210876464,494.9030005931854
5284,798,140353.8208489381,5752485.394715958,17.0,7,12,0.6634610939359914,0.2541071017583211,765.6725692749022,492.4642610549927
5285,798,140342.33521366125,5752487.65932939,17.0,7,12,0.6550400662129897,0.25726733406384783,756.0557556152343,494.3604004383087
5286,798,140347.35588221558,5752486.380772877,17.0,7,12,0.6587211154597027,0.2554831286271412,760.2595138549805,493.28987717628473
5287,798,140344.3822025433,5752485.175024122,17.0,7,12,0.656540875677052,0.25380052526791885,757.7696800231934,492.28031516075134
5288,798,140350.17798370402,5752485.545405721,17.0,7,12,0.6607902212861122,0.2543173869450886,762.6224327087401,492.59043216705317
5289,798,140344.19044042254,5752486.458308911,17.0,7,12,0.6564002796981463,0.25559132893880193,757.6091194152831,493.3547973632812
5289,799,140326.4512141322,5752452.74947012,17.0,7,12,0.6564002796981463,0.25559132893880193,757.6091194152831,493.3547973632812
5290,799,140335.47223461114,5752450.519492269,17.0,7,12,0.6500082734169766,0.20543927748998003,750.3094482421874,463.26356649398804
5291,799,140331.47618810833,5752451.490288005,17.0,7,12,0.6470784556427268,0.20679400761922198,746.963596343994,464.0764045715332
5292,799,140329.10328562904,5752450.759903948,17.0,7,12,0.6453386931411021,0.2057747681935628,744.9767875671387,463.4648609161377
5293,799,140327.71365948382,5752449.076868432,17.0,7,12,0.6443198482961037,0.20342611869176225,743.8132667541504,462.0556712150574
5740,871,-182632.2631659907,6123975.947411308,14.0,8,13,0.67232335052223,0.2144843836625417,775.7932662963867,468.690630197525
5741,871,-182621.10759482885,6124009.246955972,14.0,8,13,0.6715944159886883,0.2119596739610036,774.960823059082,467.1758043766022
5742,871,-182636.8815669116,6124032.247441888,14.0,8,13,0.6701487726589008,0.2159717758496602,773.3098983764647,469.58306550979614
5743,871,-182705.61414081627,6124057.745687516,14.0,8,13,0.6638496118335088,0.22041957577069599,766.1162567138671,472.2517454624176
5744,871,-182624.03273030068,6124218.481136788,14.0,8,13,0.6625697675394301,0.22179088195164987,764.6546745300292,473.07452917098993
5745,871,-182627.2119084395,6124240.2613431495,14.0,8,13,0.6622784041690325,0.2255901237328847,764.3219375610352,475.35407423973083
5745,872,-182994.39304210688,6124090.341327605,14.0,8,13,0.6622784041690325,0.2255901237328847,764.3219375610352,475.35407423973083
5746,872,-182972.70957105551,6124129.941059792,14.0,8,13,0.6306144460487699,0.2063463469346363,728.1616973876953,463.8078081607818
5747,872,-182917.60560260213,6124210.832021886,14.0,8,13,0.6321619538208649,0.20545660456021614,729.9289512634277,463.2739627361297
5748,872,-182954.67268749184,6124276.790161472,14.0,8,13,0.6287648523334028,0.21696204741795855,726.0494613647461,470.17722845077515
5749,872,-182946.32645645709,6124364.300320064,14.0,8,13,0.6295297626021029,0.2322269280751546,726.9229888916016,479.3361568450928
5750,872,-182903.12925276184,6124586.942199466,14.0,8,13,0.6317373599772277,0.2443969150384267,729.444065093994,486.63814902305603
5751,872,-182896.86875940545,6124666.612492466,14.0,8,13,0.6323111178369738,0.2582942446072895,730.0992965698241,494.9765467643737
5755,873,-181274.44666170675,6126850.02198597,14.0,8,13,0.7792505508128899,0.6191584308942158,897.9041290283203,711.4950585365295
5756,873,-181207.55420230492,6127013.308598131,14.0,8,13,0.7845054132090766,0.6343080838521321,903.9051818847655,720.5848503112793
5757,873,-181132.5266916694,6127105.7164815655,14.0,8,13,0.7913814885395002,0.6504273017247517,911.7576599121093,730.2563810348511
5758,873,-181138.48703561944,6127165.33058211,14.0,8,13,0.7908352385886704,0.6608261187871297,911.1338424682617,736.4956712722778
5759,874,-180995.9438045196,6127032.519139682,14.0,8,13,0.8030232965633037,0.6209924181302388,925.052604675293,712.5954508781433
5760,874,-181028.01550666563,6127056.917350036,14.0,8,13,0.8000840088531975,0.6252483328183491,921.6959381103516,715.1489996910095
5761,874,-180980.13702922303,6127056.862609673,14.0,8,13,0.8044719462219344,0.6252387841542562,926.7069625854491,715.1432704925537
5761,875,-181673.2711239958,6127303.609409084,14.0,8,13,0.8044719462219344,0.6252387841542562,926.7069625854491,715.1432704925537
5762,875,-181674.1044349708,6127453.585301714,14.0,8,13,0.7382446763394382,0.6677746494611104,851.0754203796386,740.6647896766663
5763,875,-181611.9833488103,6127448.092198541,14.0,8,13,0.7439379115864608,0.6668164571126302,857.5770950317383,740.0898742675781
5764,875,-181649.2423325008,6127484.142110442,14.0,8,13,0.7405232230752654,0.6731048425038655,853.6775207519531,743.8629055023193
5765,875,-181574.63780108333,6127714.260919767,14.0,8,13,0.7429822497526526,0.6832457383473713,856.4857292175293,749.9474430084229
5766,875,-181628.1628050638,6127738.41679638,14.0,8,13,0.73807682297902,0.6874593814214071,850.8837318420409,752.4756288528442
5767,875,-181605.2251578043,6127824.215242271,14.0,8,13,0.7401789984227062,0.7024256785710652,853.2844161987305,761.4554071426392
5767,876,-181920.95007684245,6127713.160576965,14.0,8,13,0.7401789984227062,0.7024256785710652,853.2844161987305,761.4554071426392
5768,876,-181903.84852224865,6127890.980498103,14.0,8,13,0.7119352905219991,0.7040719111760457,821.030101776123,762.4431467056274
5769,876,-181900.33147100752,6128061.501034432,14.0,8,13,0.7122576190794828,0.7338167508443196,821.3982009887694,780.2900505065918
5770,876,-181902.115965839,6128300.922466157,14.0,8,13,0.7120940747904068,0.775580354531606,821.2114334106445,805.3482127189636
5771,876,-181822.8337325797,6128590.08121044,14.0,8,13,0.7184844275907125,0.8160199125607808,828.5092163085938,829.6119475364685
5875,892,-181940.09796881003,6124988.328827399,14.0,8,14,0.7696577563177265,0.18010280927022296,886.9491577148436,448.0616855621338
5876,892,-181941.4018965592,6124945.619043013,14.0,8,14,0.7067423083945038,0.1736295660336812,815.0997161865233,444.17773962020874
5877,892,-181954.89167152,6124949.053231969,14.0,8,14,0.7055060057631724,0.1742286105950673,813.6878585815429,444.5371663570404
5878,892,-181959.4622526447,6124926.728697278,14.0,8,14,0.7050871239443375,0.17033441861470527,813.2094955444335,442.2006511688232
5879,893,-182554.27582137272,6125877.133340832,14.0,8,14,0.6505740143998074,0.33611875375111894,750.9555244445801,541.6712522506714
5880,893,-182561.8265744725,6125866.992842342,14.0,8,14,0.6498820076055576,0.3343498905499776,750.1652526855468,540.6099343299866
5881,893,-182459.65582587835,6125895.025268361,14.0,8,14,0.6513647790965599,0.3275730748971302,751.8585777282714,536.5438449382781
5882,893,-182468.7778529198,6125891.368120061,14.0,8,14,0.6505287691507154,0.32693513830502824,750.9038543701171,536.161082983017
5883,893,-182451.8453806692,6125844.951367494,14.0,8,14,0.6520805859941524,0.31883840759595233,752.6760292053222,531.3030445575714
5884,893,-182340.9024695329,6125993.845883957,14.0,8,14,0.6508646762934749,0.3114775677522023,751.2874603271483,526.8865406513214
5885,893,-182316.9397218417,6125937.951360329,14.0,8,14,0.6530607995135144,0.3017275770505269,753.7954330444335,521.0365462303162
5886,893,-182342.9318950276,6125902.90614936,14.0,8,14,0.6506786847490353,0.2956144471963246,751.0750579833984,517.3686683177948
5886,894,-182290.13402895333,6125934.269302089,14.0,8,14,0.6506786847490353,0.2956144471963246,751.0750579833984,517.3686683177948
5887,894,-182249.9445519328,6126047.2902467055,14.0,8,14,0.6521954778614477,0.2958001633485158,752.8072357177733,517.4800980091095
5888,894,-182258.712304265,6126020.125187776,14.0,8,14,0.6513919362671111,0.2910616119702657,751.8895912170409,514.6369671821594
5889,894,-182227.9281282612,6125943.877090056,14.0,8,14,0.6542132255701175,0.27776123483975723,755.1115036010742,506.65674090385437
5889,895,-181360.3979341267,6126557.591904754,14.0,8,14,0.6542132255701175,0.27776123483975723,755.1115036010742,506.65674090385437
5890,895,-181335.65829698832,6126529.729675021,14.0,8,14,0.7359874244329181,0.3799547394116719,848.4976387023925,567.9728436470032
5891,895,-181353.9439018088,6126476.221277667,14.0,8,14,0.7343115965246945,0.37062097390492754,846.5838432312012,562.3725843429565
5892,895,-181325.34660672583,6126430.799692599,14.0,8,14,0.7369324639048134,0.36269783576329545,849.5768737792969,557.6187014579773
5892,896,-181592.25925016816,6126732.362507474,14.0,8,14,0.7369324639048134,0.36269783576329545,849.5768737792969,557.6187014579773
5893,896,-181570.5099904491,6126772.786910179,14.0,8,14,0.7100855965956706,0.41401922305425004,818.9177513122559,588.41153383255
5894,896,-181579.2662616565,6126752.592636695,14.0,8,14,0.7092831072164292,0.4104966243108113,818.0013084411621,586.2979745864868
5895,896,-181562.5639586229,6126725.3442371,14.0,8,14,0.7108138296524823,0.4057435353597005,819.7493934631348,583.4461212158203
5895,897,-181340.67645974155,6126934.314035402,14.0,8,14,0.7108138296524823,0.4057435353597005,819.7493934631348,583.4461212158203
5896,897,-181323.3270586434,6127097.605085107,14.0,8,14,0.7274853260421085,0.44567905267079666,838.7882423400879,607.407431602478
5897,897,-181327.27437870568,6127093.477415708,14.0,8,14,0.7271235644712966,0.4449590404828389,838.3751106262207,606.9754242897034
5898,897,-181320.92859699336,6127110.79382224,14.0,8,14,0.7277051387860353,0.44797963698705034,839.0392684936523,608.7877821922302
5899,897,-181247.72953749573,6127290.109551703,14.0,8,14,0.7291597008913911,0.44759200414021805,840.7003784179688,608.5552024841309
5907,898,-182614.4362958916,6126859.470787709,14.0,8,14,0.5986506567318677,0.3508066376050313,691.6590499877929,550.4839825630188
5908,898,-182629.8849694373,6126899.624381659,14.0,8,14,0.5972348261631097,0.3578108509381612,690.0421714782714,554.6865105628967
5909,898,-182634.7485926055,6126868.525089782,14.0,8,14,0.5967890878066081,0.35238602956136067,689.5331382751465,551.4316177368164
5910,898,-182567.80707417504,6126851.917847728,14.0,8,14,0.6029241030771553,0.34948913653691605,696.5393257141113,549.6934819221497
5912,899,-183247.693591049,6126648.501095918,14.0,8,14,0.5406142800994177,0.3123393615086873,625.381507873535,527.4036169052124
5913,899,-183249.51690301683,6126639.277344744,14.0,8,14,0.5404471783212104,0.31073041160901377,625.1906776428223,526.4382469654082
5914,899,-183246.31257574743,6126628.64815582,14.0,8,14,0.5407408465437212,0.30720963676770513,625.5260467529297,524.325782060623
5915,899,-183251.3128789732,6126618.730924203,14.0,8,14,0.540282581817039,0.30547971924146006,625.0027084350586,523.287831544876
5916,899,-183254.52650048648,6126618.965569693,14.0,8,14,0.5399880618013558,0.3055206497510273,624.6663665771483,523.3123898506163
5916,900,-183263.18162845133,6127018.963243479,14.0,8,14,0.5399880618013558,0.3055206497510273,624.6663665771483,523.3123898506163
5917,900,-183247.9077595872,6127001.163399584,14.0,8,14,0.5397189953698794,0.3721895297368367,624.3590927124023,563.313717842102
5918,900,-183246.67709234887,6126995.662915687,14.0,8,14,0.5398317828069844,0.3712300499280293,624.4878959655762,562.7380299568176
5919,900,-183242.1502488426,6126990.529007705,14.0,8,14,0.5402466561873613,0.370334513982137,624.9616813659667,562.2007083892822
5985,914,-182567.96608832976,6125653.1252912525,15.0,8,15,0.6311024734310009,0.00555585821469623,728.719024658203,343.33351492881775
5986,914,-182600.4289688005,6125668.033890637,15.0,8,15,0.6251521970678754,0.010757037003834924,721.9238090515137,346.45422220230097
5987,914,-182549.91529984825,6125654.853456816,15.0,8,15,0.6344110886395081,0.006158765157063783,732.4974632263182,343.6952590942383
5988,914,-182396.38824063487,6125257.677501813,15.0,8,15,0.6319038103841857,0.00759557088216144,729.6341514587401,344.5573425292969
5989,914,-182407.7069895614,6125262.694855875,15.0,8,15,0.629829142849416,0.009345980485280335,727.2648811340331,345.6075882911682
5990,914,-182407.4289823244,6125255.657951452,15.0,8,15,0.6298801001233101,0.006891008218129357,727.3230743408202,344.13460493087763
5991,914,-182297.6074126043,6125078.965121406,15.0,8,15,0.6307453716698961,0.005247994263966859,728.3112144470214,343.1487965583801
5992,915,-181749.93370228785,6125181.308073205,15.0,8,15,0.731131101030393,0.0409524877866108,842.9517173767089,364.5714926719665
5993,915,-181753.6475728118,6125183.897476895,15.0,8,15,0.7304503679693057,0.04185585578282662,842.1743202209472,365.113513469696
5994,915,-181674.95009328675,6125117.671180147,15.0,8,15,0.7369942940680241,0.04041808446248361,849.6474838256836,364.2508506774902
5995,915,-181685.6466745913,6125121.114287477,15.0,8,15,0.7350336666073773,0.0416192849477132,847.408447265625,364.97157096862793
5996,915,-181679.70027200715,6125107.8944898,15.0,8,15,0.7361236111295202,0.0370072801907857,848.6531639099121,362.20436811447144
5997,915,-181673.54644376767,6125099.956227096,15.0,8,15,0.734624605462764,0.03590451677640267,846.9412994384764,361.5427100658416
6020,919,-184464.4147622187,6125608.712392478,15.0,8,16,0.22307302571846163,0.213394816716512,262.7493953704832,468.0368900299072
6021,919,-184462.37248879863,6125604.386519911,15.0,8,16,0.22344736376493476,0.21188564499219256,263.17688941955555,467.13138699531555
6022,919,-184478.7397890112,6125593.074485392,15.0,8,16,0.22044732315945315,0.2079392035802205,259.75084304809553,464.7635221481323
6023,919,-184479.3973567681,6125589.254807419,15.0,8,16,0.2203267944255767,0.2066066284974415,259.6131992340086,463.9639770984649
6024,919,-184479.1569365469,6125581.291622246,15.0,8,16,0.22037086219587163,0.20382850368817645,259.66352462768543,462.2971022129059
6024,920,-184643.8728075121,6125795.931046015,15.0,8,16,0.22037086219587163,0.20382850368817645,259.66352462768543,462.2971022129059
6025,920,-184639.87320732776,6125787.920501201,15.0,8,16,0.19091240954691382,0.27591533859570816,226.0219717025756,505.5492031574249
6026,920,-184642.82563325108,6125780.947870575,15.0,8,16,0.19037124530237728,0.2734827895959218,225.40396213531488,504.0896737575531
6027,920,-184670.3128311305,6125773.809327443,15.0,8,16,0.1888356125292134,0.27099235852559406,223.65026950836173,502.59541511535645
6027,921,-184872.8629721485,6125727.999793117,15.0,8,16,0.1888356125292134,0.27099235852559406,223.65026950836173,502.59541511535645
6028,921,-184870.8964878204,6125730.855979195,15.0,8,16,0.1520696763608166,0.2560071786244709,181.6635704040526,493.60430717468256
6029,921,-184869.9067875236,6125732.173592035,15.0,8,16,0.15225108325377024,0.2564668556054433,181.87073707580564,493.880113363266
6030,921,-185276.3793874534,6125675.327745591,15.0,8,16,0.15305325947375717,0.25996831854184466,182.7868223190307,495.9809911251068
6184,941,-186020.43635702733,6124364.31230464,14.0,8,17,0.30620192646353955,0.03155193527539569,357.68260002136225,358.9311611652374
6185,941,-186011.9561795361,6124359.811293664,14.0,8,17,0.3069791125750164,0.030766799052556335,358.5701465606688,358.4600794315338
6186,941,-185972.8356134617,6124374.605030545,14.0,8,17,0.3105644102480699,0.03334735234578449,362.6645565032959,360.0084114074707
6187,941,-185957.11467324127,6124379.663901175,14.0,8,17,0.3120051933462273,0.034229799111684146,364.3099308013916,360.5378794670105
6188,941,-185970.0354582345,6124401.493029885,14.0,8,17,0.31169669390142263,0.03970424135526009,363.9576244354247,363.82254481315607
6189,941,-185955.705921,6124411.338914512,14.0,8,17,0.31300995855114283,0.04142171343167621,365.45737266540516,364.85302805900574
6189,942,-185712.66608977105,6124862.498223234,14.0,8,17,0.31300995855114283,0.04142171343167621,365.45737266540516,364.85302805900574
6190,942,-185724.40389975408,6124863.60410158,14.0,8,17,0.33420818449110556,0.12031282981236774,389.6657466888426,412.18769788742065
6191,942,-185775.2582483059,6124761.676873565,14.0,8,17,0.33655277025052416,0.11919976671536761,392.34326362609863,411.5198600292206
6192,942,-185774.79462955068,6124734.287625171,14.0,8,17,0.33659525969817616,0.11442210872968035,392.3917865753172,408.6532652378082
6193,942,-185790.8919866496,6124703.386997758,14.0,8,17,0.33511997897654183,0.10903194149335213,390.7070159912108,405.4191648960113
6194,942,-185957.8110307986,6124526.222083905,14.0,8,17,0.3355841060444685,0.10646141966183968,391.23704910278303,403.8768517971038
6194,943,-185649.95778963537,6124655.351832574,14.0,8,17,0.3355841060444685,0.10646141966183968,391.23704910278303,403.8768517971038
6195,943,-185642.194362366,6124646.120393147,14.0,8,17,0.3645095491158774,0.12737594445546466,424.26990509033203,416.4255666732788
6196,943,-185613.9967197714,6124645.158131371,14.0,8,17,0.36709378938958837,0.12720809181531267,427.22110748291,416.3248550891876
6197,943,-185660.8194986734,6124667.764056131,14.0,8,17,0.3645539175190566,0.13115136822064716,424.3205738067627,418.6908209323883
6197,944,-186121.18280830167,6124441.38774497,14.0,8,17,0.3645539175190566,0.13115136822064716,424.3205738067627,418.6908209323883
6198,944,-186131.68393712392,6124430.290520246,14.0,8,17,0.32140042193090423,0.08972754677136736,375.03928184509266,393.83652806282043
6199,944,-186126.8134799529,6124431.080565149,14.0,8,17,0.32184678660591504,0.08986535867055255,375.549030303955,393.91921520233154
6200,944,-186142.2011941929,6124403.820171879,14.0,8,17,0.3204365427982576,0.08511017759641,373.93853187561024,391.066106557846
6201,944,-186108.10280015343,6124412.186529052,14.0,8,17,0.32356157152539994,0.08656956752141315,377.5073146820068,391.9417405128479
6202,944,-186116.40611365013,6124412.975343835,14.0,8,17,0.3228005945369366,0.08670716484387714,376.63827896118164,392.0242989063263
6203,944,-186128.01517101887,6124405.428246927,14.0,8,17,0.32173665475928825,0.08539068301518755,375.42325973510725,391.23440980911255
6204,945,-185214.9527493099,6124777.280763261,14.0,8,17,0.4054164402121628,0.15025497277577715,470.9855747222899,430.1529836654663
6205,945,-185211.1186003353,6124784.881677941,14.0,8,17,0.4057678299484652,0.15158084233601876,471.38686180114735,430.94850540161127
6206,945,-185254.9436939909,6124768.147425945,14.0,8,17,0.4017513746138003,0.14866179426511125,466.80006980895996,429.1970765590668
6207,945,-185240.7844601081,6124800.172383511,14.0,8,17,0.40304903140627557,0.15424808462460823,468.28199386596674,432.54885077476496
6208,945,-185266.80287586505,6124793.001088421,14.0,8,17,0.4006645115787218,0.15299715598424274,465.55887222290033,431.79829359054565
6209,945,-185292.99405521463,6124804.717063765,14.0,8,17,0.39826415841925994,0.15504083832104998,462.8176689147949,433.02450299263
6209,946,-185943.60042343813,6125033.908505732,14.0,8,17,0.39826415841925994,0.15504083832104998,462.8176689147949,433.02450299263
6210,946,-185951.5125586101,6125020.86646047,14.0,8,17,0.33791265805005594,0.19274497230847673,393.89625549316395,455.64698338508606
6211,946,-185959.8071245831,6125029.903540855,14.0,8,17,0.33715248274928417,0.1943213601907094,393.02813529968256,456.59281611442566
6212,946,-185975.87413870927,6125046.210325972,14.0,8,17,0.3356799828818299,0.1971658428510029,391.34654045104975,458.29950571060175
6212,947,-186313.31341849177,6124838.300584028,14.0,8,17,0.3356799828818299,0.1971658428510029,391.34654045104975,458.29950571060175
6213,947,-186311.21701976893,6124827.008077672,14.0,8,17,0.30494668396049535,0.15892918308575946,356.24911308288574,435.3575098514557
6214,947,-186303.49295635617,6124837.367845145,14.0,8,17,0.3056545741921338,0.16073629458745317,357.0575237274169,436.4417767524719
6215,947,-186291.2032323007,6124828.133022886,14.0,8,17,0.30678089529328073,0.159125413497289,358.34378242492664,435.4752480983734
6216,948,-185436.89874725585,6124964.752975389,14.0,8,17,0.38507566936379334,0.18295678695042916,447.75641441345203,449.7740721702575
6217,948,-185445.31960560204,6124957.03796703,14.0,8,17,0.3843039196969747,0.18161101539929694,446.87507629394514,448.9666092395782
6218,948,-185460.24096748573,6125002.432181916,14.0,8,17,0.3829364158643732,0.18952937920888263,445.31338691711426,453.7176275253296
6219,948,-185442.32193857967,6124946.9352947455,14.0,8,17,0.3845786480477728,0.17984875043233234,447.1888160705566,447.9092502593994
6220,948,-185452.61039323235,6124948.449265573,14.0,8,17,0.3836357380588082,0.18011284073193864,446.112012863159,448.0677044391632
6221,948,-185288.43054499247,6125122.856684557,14.68620779943448,8,17,0.3839996040598105,0.17968599398930865,446.52754783630365,447.8115963935852
6222,948,-185288.9504062396,6125106.966131687,14.68620779943448,8,17,0.383922942674306,0.17522590955098458,446.4400005340575,445.13554573059076
6274,959,-185154.93537938688,6124741.523854065,15.0,8,18,0.4410751329411975,0.11851408680280047,511.70780181884754,411.1084520816803
6275,959,-185227.62436713369,6124698.756740366,15.0,8,18,0.4286272780490213,0.10692721207936592,497.4923515319823,404.1563272476196
6276,959,-185214.12529792896,6124698.062337334,15.0,8,18,0.43110158689802874,0.10668495496114093,500.3180122375488,404.01097297668457
6277,959,-185150.98047813732,6124742.150164231,15.0,8,18,0.44267570241737697,0.12206592162450153,513.5356521606445,413.2395529747009
6277,960,-184993.43894339347,6124736.064450498,15.0,8,18,0.44267570241737697,0.12206592162450153,513.5356521606445,413.2395529747009
6278,960,-185081.8810549582,6124657.281535685,15.0,8,18,0.45534126562328964,0.09245771368344623,527.9997253417968,395.47462821006775
6279,960,-185193.92398542177,6124573.732826456,15.0,8,18,0.4348043819233749,0.06330998738606769,504.54660415649414,377.9859924316406
6280,960,-185171.82692051624,6124642.115687349,15.0,8,18,0.43885465845752714,0.08716678818066913,509.172019958496,392.3000729084015
6281,960,-185157.88664808573,6124591.9037054535,15.0,8,18,0.4414098375524196,0.0696492811044057,512.0900344848632,381.78956866264343
6282,960,-185142.29446047952,6124582.087805015,15.0,8,18,0.44426780406731436,0.06622479756673175,515.353832244873,379.73487854003906
6282,961,-185133.29708565056,6124411.067532225,15.0,8,18,0.44426780406731436,0.06622479756673175,515.353832244873,379.73487854003906
6284,961,-185143.2293520732,6124420.87389923,15.0,8,18,0.4440964433232456,0.009981932242711267,515.1581382751465,345.9891593456268
6285,961,-185120.51504002776,6124434.346486673,15.0,8,18,0.44825985803286783,0.014682128032048424,519.912757873535,348.80927681922907
6286,961,-185147.77560414776,6124424.3931202665,15.0,8,18,0.44326313907336007,0.011209686597188195,514.2065048217772,346.72581195831293
6287,961,-185165.95979236547,6124406.036185541,15.0,8,18,0.4399300723902606,0.004805483420689882,510.4001426696776,342.88329005241394
6373,976,-185066.0474879018,6124925.094603469,19.0,8,19,0.43977414413425414,0.19360569318135568,510.22207260131825,456.1634159088134
6374,976,-185074.4454352533,6124918.899034208,19.0,8,19,0.41514534624570715,0.15902241667111702,482.09598541259766,435.41345000267023
6375,976,-185071.0080514008,6124921.540256725,19.0,8,19,0.4252262182285822,0.17376555403073626,493.6083412170409,444.2593324184418
6376,976,-185070.1549457365,6124924.123250335,19.0,8,19,0.42772813519746733,0.18818366130193062,496.4655303955077,452.9101967811584
6377,976,-185069.61102744748,6124923.804860547,19.0,8,19,0.42932329328172886,0.1864064296086629,498.2872009277344,451.84385776519775
6377,977,-185073.6001886924,6124921.571941938,19.0,8,19,0.42932329328172886,0.1864064296086629,498.2872009277344,451.84385776519775
6378,977,-185078.64381095383,6124916.458263673,19.0,8,19,0.40283270099325885,0.14539818962415058,468.03494453430164,427.23891377449036
6379,977,-185079.6131869261,6124912.853354277,19.0,8,19,0.4078707068688814,0.16027581294377632,473.7883472442626,436.1654877662658
6380,977,-185076.25966483136,6124915.55272882,19.0,8,19,0.4177056360996332,0.17534355123837778,485.01983642578114,445.2061307430267
6381,977,-185085.4052008427,6124908.907031553,19.0,8,19,0.39088437269113924,0.13824768861134834,454.3899536132811,422.948613166809
6382,977,-185082.02793799152,6124899.915189988,19.0,8,19,0.41042115099584564,0.1763891299565632,476.7009544372558,445.83347797393793
6383,977,-185080.9791919099,6124899.802489806,19.0,8,19,0.41349682582447694,0.17576004465421027,480.21337509155273,445.4560267925262
7021,1063,232602.6690161768,6347040.725886678,16.0,9,20,0.49177661835625375,0.13814243872960405,569.6088981628418,422.88546323776245
7022,1063,232604.75243029412,6347038.447242184,16.0,9,20,0.4925403761988971,0.13655253251393634,570.4811096191405,421.9315195083618
7023,1063,232603.29555756063,6347042.61888839,16.0,9,20,0.4920063018798828,0.13946326573689766,569.8711967468262,423.6779594421386
7024,1063,232606.9425915365,6347039.1447974,16.0,9,20,0.49334326642198434,0.13703924616177865,571.3980102539061,422.2235476970672
7025,1063,232612.38341458773,6347034.505013453,16.0,9,20,0.4953378152930798,0.1338018735249836,573.6757850646972,420.2811241149902
7026,1063,232617.7635516934,6347033.320407394,16.0,9,20,0.4973101173307348,0.1329753239949544,575.9281539916992,419.78519439697266
7027,1063,232614.1908716689,6347032.293794939,16.0,9,20,0.4960004101701458,0.13225901325543718,574.4324684143065,419.35540795326233
7027,1064,232596.40018533688,6347110.019267402,16.0,9,20,0.4960004101701458,0.13225901325543718,574.4324684143065,419.35540795326233
7028,1064,232591.2375062028,6347112.287455872,16.0,9,20,0.48758594626511864,0.1880739589532216,564.8231506347655,452.844375371933
7029,1064,232589.56563573872,6347109.051546967,16.0,9,20,0.48697305602492874,0.18581612904866535,564.1232299804686,451.4896774291992
7030,1064,232585.18270722096,6347095.231552416,16.0,9,20,0.4888689472044828,0.18284000356992072,566.2883377075194,449.70400214195246
7031,1064,232575.82996424232,6347094.821153458,16.0,9,20,0.48544032936964676,0.1825536509354908,562.3728561401366,449.5321905612945
7032,1064,232584.482358606,6347099.527671443,16.0,9,20,0.4886122067212641,0.1858375867207845,565.9951400756836,451.5025520324707
7033,1064,232563.95268592853,6347080.177086366,16.0,9,20,0.4889671539466977,0.18733586867650348,566.4004898071288,452.4015212059021
7034,1065,232485.03854117624,6347067.693208289,16.0,9,20,0.4600380531751963,0.17862534125645954,533.3634567260742,447.17520475387573
7035,1065,232485.51063409503,6347064.181291092,16.0,9,20,0.46021111750560967,0.17617492874463386,533.5610961914062,445.70495724678034
7036,1065,232465.2553876372,6347035.251007509,16.0,9,20,0.4580396962875659,0.17598905165990192,531.0813331604003,445.59343099594116
7037,1065,232463.0116478123,6347038.017164142,16.0,9,20,0.4572171647160357,0.17791911562283833,530.1420021057128,446.751469373703
7038,1065,232459.07635559508,6347034.3275714135,16.0,9,20,0.45577452771509164,0.17534473141034443,528.4945106506347,445.20683884620667
7039,1065,232461.417612085,6347023.855407942,16.0,9,20,0.45838412136204815,0.169704528649648,531.474666595459,441.8227171897888
7040,1065,232458.31087437668,6347025.7594038565,16.0,9,20,0.45724522378524,0.1710330267747243,530.1740455627441,442.6198160648346
7041,1065,232457.45430045595,6347022.202433497,16.0,9,20,0.4569312127375561,0.1685511787732441,529.8154449462891,441.1307072639465
7251,1095,232763.28133548223,6347225.972386932,18.0,9,21,0.6257317170579045,0.326866849263509,722.585620880127,536.1201095581054
7252,1095,232767.127580642,6347223.071512882,18.0,9,21,0.6313716901789195,0.31877060135205576,729.0264701843261,531.2623608112334
7253,1095,232768.45973282296,6347220.899946534,18.0,9,21,0.6333251024503422,0.31270982821782417,731.2572669982909,527.6258969306945
7254,1095,232766.2368025368,6347219.30438412,18.0,9,21,0.6300654904019811,0.3082566638787587,727.5347900390625,524.9539983272552
7255,1095,232766.8036830756,6347213.636084875,18.0,9,21,0.6308967403271569,0.2924366195996602,728.4840774536133,515.4619717597961
7256,1096,232756.1358387531,6347242.698989117,18.0,9,21,0.61525385935127,0.37355026801427205,710.6199073791504,564.1301608085632
7257,1096,232753.2926566438,6347230.641641946,18.0,9,21,0.620716960125337,0.3665652592976888,716.8587684631348,559.9391555786133
7258,1096,232748.5115198904,6347228.906902926,18.0,9,21,0.6137061010517715,0.36172365744908647,708.852367401123,557.0341944694519
7291,1099,232549.664788816,6347150.625688068,18.0,9,21,0.3422656718987298,0.22824325760205574,398.8673973083495,476.94595456123346
7292,1099,232548.95020839007,6347147.379227035,18.0,9,21,0.3412178410331337,0.21918248732884713,397.6707744598387,471.5094923973083
7293,1099,232540.96434002207,6347138.051367088,18.0,9,21,0.3338859811973237,0.20314872463544206,389.29779052734375,461.88923478126526
7294,1099,232545.00661855435,6347134.412651375,18.0,9,21,0.33981340946124,0.1929931839307148,396.06691360473616,455.7959103584289
7297,1100,232657.96679293812,6347073.063231916,18.0,9,21,0.5562415782708002,0.10010222395261126,643.2278823852539,400.0613343715668
7298,1100,232652.57052075173,6347060.143441982,18.0,9,21,0.5588365912228666,0.09737683137257881,646.1913871765137,398.4260988235473
7299,1100,232652.5002672021,6347058.485085758,18.0,9,21,0.5587335743545024,0.09274841149648029,646.0737419128418,395.6490468978882
7300,1100,232653.3368174944,6347054.393954784,18.0,9,21,0.5599602567335351,0.08133019407590218,647.4746131896972,388.7981164455413
7300,1101,232658.7764104252,6347087.72866395,18.0,9,21,0.5599602567335351,0.08133019407590218,647.4746131896972,388.7981164455413
7301,1101,232652.0165336984,6347071.110777509,18.0,9,21,0.566780815191319,0.17298631866772957,655.2636909484863,443.79179120063776
7302,1101,232652.02794648323,6347069.282703096,18.0,9,21,0.5667975504218801,0.1678842206796009,655.2828025817871,440.73053240776056
7303,1101,232654.81608297737,6347065.582827329,18.0,9,21,0.5708859572268618,0.15755798419316597,659.9517631530762,434.5347905158996
7304,1101,232654.27465909932,6347064.4062747145,18.0,9,21,0.5700920358848237,0.1542742629845936,659.0451049804686,432.56455779075617
7305,1101,232657.8039090356,6347059.306041282,18.0,9,21,0.575267180461182,0.14003967245419818,664.9551200866698,424.0238034725189
7306,1101,232657.3168496505,6347058.046071121,18.0,9,21,0.5745529769389724,0.13652313550313303,664.1394996643065,421.9138813018798
7307,1101,232657.3567260573,6347055.60995198,18.0,9,21,0.5746114500349749,0.1297240038712819,664.2062759399414,417.83440232276917
7307,1102,232649.8327964188,6347094.966889128,18.0,9,21,0.5746114500349749,0.1297240038712819,664.2062759399414,417.83440232276917
7308,1102,232650.7871649207,6347094.771242304,18.0,9,21,0.5649781202059075,0.23902192910512285,653.2050132751465,483.41315746307373
7309,1102,232649.99100358543,6347094.37372117,18.0,9,21,0.563810662505088,0.23791246016820258,651.8717765808105,482.7474761009216
7310,1102,232649.4037918881,6347093.662288657,18.0,9,21,0.5629495998188826,0.235926874478658,650.888442993164,481.5561246871948
7311,1102,232648.4005944357,6347094.064711052,18.0,9,21,0.5614785530103693,0.23705002268155412,649.2085075378418,482.2300136089325
7313,1103,232709.52921252817,6347103.355830546,18.0,9,21,0.6511150032751614,0.2629812439282735,751.5733337402343,497.7887463569641
7314,1103,232711.9848747823,6347104.537399745,18.0,9,21,0.6547158837527193,0.26627896626790354,755.6855392456055,499.76737976074213
7315,1103,232711.5548793212,6347103.165373292,18.0,9,21,0.6540853563833153,0.2624496837457021,754.9654769897461,497.46981024742126
7316,1103,232710.28826522783,6347104.237865399,18.0,9,21,0.652228046423917,0.2654429753621419,752.8444290161132,499.26578521728516
7372,1112,232354.45991340248,6347212.885233683,15.0,9,22,0.6118730421450425,0.4246255358060201,706.7590141296386,594.7753214836121
7373,1112,232367.94176092,6347200.12888391,15.0,9,22,0.571123356994522,0.3706516583760579,660.2228736877441,562.3909950256348
7374,1112,232361.6733401202,6347199.839498058,15.0,9,22,0.5699743882160887,0.37055070002873736,658.9107513427733,562.3304200172424
8158,1233,535055.1908268138,5737133.599043092,14.0,10,23,0.2471930525557588,0.16170097788174934,290.2944660186766,437.0205867290496
8159,1233,535066.6457090777,5737122.391722582,14.0,10,23,0.28300409099892837,0.23572055896123248,331.19067192077625,481.4323353767395
8160,1233,535066.8709578125,5737114.283383188,14.0,10,23,0.2830247344569859,0.23430617650349922,331.21424674987793,480.58370590209955
8161,1233,535095.4146743128,5737110.894401161,14.0,10,23,0.2856406914999938,0.2337150176366169,334.201669692993,480.22901058197016
8162,1233,535109.980941407,5737113.637877446,14.0,10,23,0.2869756518228667,0.23419357736905413,335.7261943817138,480.5161464214325
8163,1233,535096.4523493098,5737104.787775379,14.0,10,23,0.28573579170240404,0.23264980514844255,334.31027412414545,479.58988308906555
8164,1233,535113.0364149817,5737123.69257503,14.0,10,23,0.2881313347357166,0.2359474738438924,337.0459842681884,481.56848430633545
8164,1234,536224.6074850868,5737602.03354931,14.0,10,23,0.2881313347357166,0.2359474738438924,337.0459842681884,481.56848430633545
8165,1234,536252.8772947517,5737616.87864372,14.0,10,23,0.392594773381061,0.32197664578755686,456.34323120117176,533.1859874725341
8166,1234,536267.9011666786,5737620.250711591,14.0,10,23,0.39397167199129807,0.3225648542245228,457.91564941406244,533.5389125347136
8167,1234,536194.7675495927,5737607.10384867,14.0,10,23,0.3951500777396553,0.3236049075921375,459.26138877868647,534.1629445552825
8168,1234,536192.2556434948,5737600.924338248,14.0,10,23,0.3949198681084787,0.3225269814332326,458.9984893798827,533.5161888599396
8169,1234,536211.6232076508,5737591.179631034,14.0,10,23,0.39669485476305083,0.3208271582921346,461.0255241394041,532.4962949752808
8175,1235,535945.7841769487,5737095.227328829,14.0,10,23,0.3732070588815024,0.23431545694669084,434.2024612426758,480.5892741680145
8176,1235,535950.6286649088,5737095.285144492,14.0,10,23,0.37365104354617873,0.23432554205258685,434.70949172973616,480.5953252315521
8177,1235,535950.3112938151,5737096.261245123,14.0,10,23,0.37362195731461983,0.23449580868085212,434.6762752532959,480.6974852085113
8178,1235,535937.8515397682,5737108.19648945,14.0,10,23,0.3724800534089684,0.23657773931821185,433.37222099304194,481.9466435909271
8179,1235,535934.087370983,5737089.878457285,14.0,10,23,0.37213507717419825,0.23338242371877022,432.97825813293446,480.02945423126215
8180,1235,535938.6554918666,5737087.660242462,14.0,10,23,0.37255373351836985,0.2329954882462819,433.4563636779784,479.79729294776917
8186,1236,535223.9627058231,5736641.20522213,14.0,10,23,0.307929663649791,0.1551178713639576,359.6556758880614,433.0707228183746
8187,1236,535227.099239784,5736643.331485446,14.0,10,23,0.3082171187926924,0.15548876722653704,359.98394966125477,433.29326033592224
8188,1236,535185.3976803987,5736776.158035579,14.0,10,23,0.3105248770237803,0.15699176987012226,362.61940956115717,434.19506192207336
8189,1236,535194.8813628724,5736768.4959224025,14.0,10,23,0.31139403174512215,0.15565522511800128,363.6119842529295,433.3931350708008
8190,1236,535215.8920946805,5736760.387275478,14.0,10,23,0.31331961042200407,0.15424078901608773,365.8109951019287,432.54447340965265
8190,1237,534848.2232865677,5736463.983278526,14.0,10,23,0.31331961042200407,0.15424078901608773,365.8109951019287,432.54447340965265
8191,1237,534805.117530943,5736457.861508594,14.0,10,23,0.27654885160108783,0.09646954735120125,323.8187885284424,397.88172841072077
8192,1237,534842.9226881436,5736484.407201843,14.0,10,23,0.2800135954875243,0.1011000593503315,327.7755260467528,400.6600356101989
8193,1237,534833.2361724643,5736470.841125241,14.0,10,23,0.2791258516328346,0.09873365362485237,326.76172256469715,399.24019217491144
8249,1249,535831.1825958078,5736092.120367672,14.0,10,24,0.3758389745201203,0.08267129858334847,437.2081089019774,389.6027791500091
8250,1249,535798.3187871682,5735887.126537572,14.0,10,24,0.3772053760321461,0.08191309173901863,438.76853942871094,389.1478550434112
8251,1249,535823.5994039744,5735908.624123745,14.0,10,24,0.3795222785134657,0.08566303451855975,441.4144420623779,391.39782071113586
8251,1250,535884.3025712178,5735991.703695761,14.0,10,24,0.3795222785134657,0.08566303451855975,441.4144420623779,391.39782071113586
8252,1250,535885.3025225188,5736000.682652952,14.0,10,24,0.38517720812047623,0.10172131260236092,447.8723716735839,401.03278756141657
8253,1250,535871.8520931905,5735806.505862569,14.0,10,24,0.3856958248986879,0.10118331511815376,448.46463203430164,400.7099890708923
8254,1250,535881.3956415296,5735799.816774723,14.0,10,24,0.3865704661701688,0.1000165005524953,449.46347236633284,400.0099003314972
8255,1250,535885.0116491324,5735820.646405455,14.0,10,24,0.3869018638196634,0.10364992817242928,449.84192848205566,402.1899569034576
8256,1250,535856.9337382682,5735814.656641122,14.0,10,24,0.3843285966462303,0.10260510047276812,446.90325736999506,401.5630602836609
8257,1251,535933.7490240566,5736198.19991533,14.0,10,24,0.39136851689861446,0.16950867374738046,454.9428462982178,441.7052042484283
8258,1251,535971.7384259747,5736208.026118028,14.0,10,24,0.3948501463320543,0.17122271259625751,458.91886711120605,442.7336275577545
8259,1251,535925.2737670476,5736171.798146182,14.0,10,24,0.39059178173646397,0.1649032672246297,454.05581474304194,438.94196033477783
8260,1251,535968.7954309754,5736174.14306342,14.0,10,24,0.3945804285293284,0.16531230409940081,458.6108493804931,439.1873824596405
8261,1251,535956.9059061285,5736157.037930085,14.0,10,24,0.39349078464007,0.16232856114705402,457.36647605895996,437.3971366882324
8262,1252,535188.444971394,5736058.676878404,14.0,10,24,0.32306334767784195,0.14517089923222848,376.93834304809553,427.1025395393371
8263,1252,535192.7635144927,5736049.994380257,14.0,10,24,0.323459130870064,0.14365636308987922,377.3903274536131,426.19381785392756
8264,1252,535209.3078153798,5736043.379714702,14.0,10,24,0.3249753728221886,0.14250253041585284,379.1218757629394,425.5015182495117
8265,1253,536103.7784689395,5735849.591756304,14.0,10,24,0.4069512712976351,0.10869902571042377,472.7383518218993,405.2194154262543
8266,1253,536067.0388694677,5735846.671450194,14.0,10,24,0.4035841829931255,0.10818962057431526,468.89313697814936,404.9137723445892
8267,1253,536046.4983170576,5735816.569786058,14.0,10,24,0.4017016950296645,0.10293882091840095,466.74333572387695,401.7632925510406
8268,1253,536083.8917939247,5735839.350080401,14.0,10,24,0.40512870948911744,0.10691251357396442,470.6569862365722,404.14750814437866
8269,1253,536055.8816763691,5735827.511093006,14.0,10,24,0.4025616553952939,0.10484737356503802,467.7254104614257,402.9084241390228
8453,1284,536028.3902041836,5736767.292908273,17.0,10,25,0.45438410062505985,0.01857658823331185,526.9066429138184,351.1459529399871
8454,1284,536031.3734514599,5736760.486267033,17.0,10,25,0.4565713551750115,0.009078027804692567,529.4044876098632,345.44681668281555
8455,1284,536024.2123048643,5736756.076592506,17.0,10,25,0.451320952166609,0.0029243965943654194,523.4085273742675,341.75463795661926
8457,1285,536027.3663931005,5736762.646177276,17.0,10,25,0.4540605695360386,-0.0023551026980083377,526.5371704101561,338.586938381195
8458,1285,536027.2341551448,5736759.931685705,17.0,10,25,0.4605417635728933,0.05497078498204547,533.9386940002441,372.9824709892273
8459,1285,536023.7463488799,5736745.529472266,17.0,10,25,0.4614872038886341,0.054872723420461,535.0183868408202,372.9236340522766
8460,1285,536023.9814385788,5736747.945774935,17.0,10,25,0.46165956674231745,0.05824463566144295,535.2152252197266,374.9467813968658
8461,1285,536026.6227123511,5736748.9453247385,17.0,10,25,0.4635960934667369,0.05963949163754779,537.4267387390136,375.7836949825287
8462,1285,536019.8408665829,5736734.184451154,17.0,10,25,0.46125075612510774,0.057374258836110414,534.748363494873,374.42455530166626
8463,1285,536026.4355426801,5736733.789390261,17.0,10,25,0.4660858348038066,0.056822957595189294,540.2700233459472,374.0937745571136
8464,1285,536025.3599389672,5736732.322779073,17.0,10,25,0.4652972246427252,0.054776324828465756,539.3694305419922,372.86579489707947
8494,1291,535854.1276230137,5736713.0125023695,17.0,10,25,0.3406289262654693,0.06949580510457355,396.998233795166,381.69748306274414
8495,1291,535853.4627428737,5736710.549647327,17.0,10,25,0.34014145004352625,0.06605892976125069,396.44153594970703,379.63535785675043
8496,1291,535848.3429471077,5736708.657030027,17.0,10,25,0.3363877227970263,0.06341781218846627,392.15477943420404,378.0506873130798
8497,1291,535844.4260725282,5736704.611048319,17.0,10,25,0.3335159522221926,0.057771708567937195,388.87521743774397,374.66302514076233
8498,1292,535561.1303081566,5736707.246094322,17.0,10,25,0.12580941896722522,0.06811554034550983,151.6743564605712,380.8693242073059
8499,1292,535561.0281739837,5736707.190200721,17.0,10,25,0.1257345363262864,0.06803754170735675,151.58884048461906,380.82252502441406
8500,1292,535558.9167575395,5736704.293420666,17.0,10,25,0.12418648992027376,0.06399513085683185,149.82097148895264,378.3970785140991
8501,1292,535537.6087226871,5736612.532635867,17.0,10,25,0.12695267572085603,0.06761107047398883,152.97995567321757,380.5666422843933
8502,1292,535541.4225234181,5736615.139376568,17.0,10,25,0.129748874704391,0.07124873598416644,156.17321491241452,382.7492415904999
8502,1293,535497.6646165533,5736607.228509958,17.0,10,25,0.129748874704391,0.07124873598416644,156.17321491241452,382.7492415904999
8503,1293,535502.9783869486,5736610.010427509,17.0,10,25,0.10156243736814907,0.06409136851628609,123.98430347442624,378.4548211097717
8504,1293,535489.6777259322,5736571.406625951,17.0,10,25,0.10494552184737915,0.06855370601018268,127.847785949707,381.1322236061096
8505,1293,535493.2394886372,5736574.432030482,17.0,10,25,0.10755693181801174,0.0727756102879842,130.8300161361694,383.6653661727905
8506,1294,535550.8524735442,5736583.059480735,17.0,10,25,0.14979756817926243,0.08481508096059161,179.0688228607177,390.889048576355
8507,1294,535517.9700342736,5736522.695444904,17.0,10,25,0.15370986674587683,0.09057802160580941,183.53666782379136,394.34681296348566
8508,1294,535523.2043166729,5736523.657668239,17.0,10,25,0.15754753319895615,0.09192078908284493,187.91928291320792,395.152473449707
8509,1294,535527.4132252804,5736522.316990639,17.0,10,25,0.16063341701928452,0.09004989465077716,191.44336223602292,394.0299367904663
8510,1294,535519.450371556,5736500.070814054,17.0,10,25,0.16267612978372376,0.08733903964360552,193.77614021301252,392.40342378616333
8511,1294,535519.020786135,5736499.334702248,17.0,10,25,0.16236116673190618,0.08631180723508197,193.41645240783686,391.7870843410492
8512,1294,535519.2859283617,5736499.369760683,17.0,10,25,0.16255556347073674,0.08636073072751362,193.63845348358137,391.8164384365082
8513,1295,535670.8813509665,5736546.664973064,17.0,10,25,0.27370215881935556,0.15236045320828742,320.5678653717041,431.4162719249725
8514,1295,535669.2527739108,5736544.372297508,17.0,10,25,0.27250812016101306,0.14916106065114337,319.20427322387695,429.49663639068604
8515,1295,535668.4215883107,5736543.361522855,17.0,10,25,0.27189871225173323,0.14775054057439155,318.5083293914794,428.65032434463495
8516,1295,535670.2642405067,5736543.383857231,17.0,10,25,0.2732497063284371,0.1477817078431447,320.0511646270752,428.66902470588684
8517,1295,535668.4348462763,5736543.06902326,17.0,10,25,0.2719084327149932,0.14734236200650522,318.5194301605223,428.40541720390314
8520,1296,535458.1772143026,5736631.290960337,17.0,10,25,0.11775193155960097,0.27045468290646857,142.4727058410643,502.27280974388117
8521,1296,535455.9023968496,5736624.915591664,17.0,10,25,0.11608408294918231,0.2615579565366108,140.5680227279662,496.9347739219665
8522,1296,535436.0542485261,5736627.410331031,17.0,10,25,0.11466668658415193,0.2533726592858631,138.9493560791015,492.0235955715179
8523,1296,535435.329758796,5736621.273836386,17.0,10,25,0.11413550585664914,0.24480927785237627,138.34274768829331,486.8855667114258
8523,1297,535402.6723313483,5736567.126737395,17.0,10,25,0.11413550585664914,0.24480927785237627,138.34274768829331,486.8855667114258
8524,1297,535402.8050476842,5736561.871931631,17.0,10,25,0.09028906747046354,0.16191485722859697,111.11011505126937,437.1489143371582
8525,1297,535197.1275991787,5736624.556897348,17.0,10,25,0.09010362082312692,0.15939073761304207,110.89833498001094,435.63444256782526
8526,1297,535195.5262983368,5736624.628820957,17.0,10,25,0.08892958051477749,0.15949110587437934,109.5575809478759,435.69466352462763
8527,1297,535191.614728652,5736623.714649206,17.0,10,25,0.08606169937788496,0.15821539362271614,106.28246068954464,434.9292361736297
8527,1298,535255.0950723574,5736627.526831132,17.0,10,25,0.08606169937788496,0.15821539362271614,106.28246068954464,434.9292361736297
8528,1298,535242.5252316359,5736627.582064968,17.0,10,25,0.12951781328004203,0.160278977950414,155.909342765808,436.1673867702484
8529,1298,535243.7302030233,5736628.568813829,17.0,10,25,0.13040127311613012,0.16165597041447946,156.9182538986206,436.9935822486877
8529,1299,535292.2253808856,5736612.099268391,17.0,10,25,0.13040127311613012,0.16165597041447946,156.9182538986206,436.9935822486877
8530,1299,535292.7684449243,5736611.479748945,17.0,10,25,0.1663550871266166,0.13780845006306963,197.97750949859616,422.6850700378418
8531,1299,535289.4892465973,5736610.220528388,17.0,10,25,0.16745347442226094,0.13605122764905292,199.231867790222,421.63073658943176
8532,1299,535290.6605263505,5736609.197375648,17.0,10,25,0.16831223225635306,0.1346234341462453,200.2125692367552,420.7740604877472
8548,1301,535319.7961882342,5736698.863110303,17.0,10,25,0.16252853156388739,0.22975055178006487,193.60758304595942,477.85033106803894
8549,1301,535317.2145764462,5736703.283042384,17.0,10,25,0.15976009101667238,0.23258516391118364,190.44602394103987,479.5510983467102
8550,1301,535316.0280568665,5736703.540099131,17.0,10,25,0.1588901596603794,0.23294388254483528,189.45256233215326,479.7663295269012
8551,1301,535316.1757567537,5736702.255315132,17.0,10,25,0.15899845013058952,0.23115098675092058,189.57623004913324,478.69059205055237
8552,1301,535317.9188716977,5736697.939129765,17.0,10,25,0.1602764655746218,0.22512781818707772,191.0357236862181,475.07669091224665
8553,1301,535318.3972518992,5736694.219437525,17.0,10,25,0.16062720393967495,0.2199370463689168,191.4362668991088,471.9622278213501
8555,1302,535191.7454272485,5736705.65378902,17.0,10,25,0.06776873326343325,0.2342268367608387,85.39189338684076,480.53610205650324
8556,1302,535192.575177708,5736703.37283805,17.0,10,25,0.06837708895761782,0.23104380567868538,86.08663558959955,478.62628340721125
8557,1302,535193.943003384,5736703.227337857,17.0,10,25,0.069379950154266,0.230840762456258,87.23190307617178,478.5044574737548
8558,1302,535139.1655647269,5736691.623181038,17.0,10,25,0.06949848719528377,0.23131401141484575,87.36727237701407,478.78840684890747
8559,1302,535138.9708468999,5736691.699333185,17.0,10,25,0.06935572415433706,0.2314202805360158,87.20423698425293,478.8521683216095
8560,1302,535139.6480880426,5736691.010504137,17.0,10,25,0.0698522632051056,0.23045903046925859,87.7712845802306,478.2754182815552
8561,1302,535111.6219686691,5736678.22167064,17.0,10,25,0.07031986007757231,0.23261241515477485,88.30528020858758,479.56744909286493
8561,1303,535179.4938938788,5736677.1142930845,17.0,10,25,0.07031986007757231,0.23261241515477485,88.30528020858758,479.56744909286493
8562,1303,535179.8750774743,5736678.180807574,17.0,10,25,0.12036161289114876,0.23255539139111825,145.4529619216919,479.53323483467096
8563,1303,535179.5318055098,5736675.842886647,17.0,10,25,0.12010993306148281,0.2292928596337636,145.16554355621338,477.5757157802582
8564,1303,535146.8559444782,5736662.046696638,17.0,10,25,0.1215467202475525,0.2283738275369008,146.80635452270496,477.0242965221405
8565,1303,535148.3080504946,5736661.367516346,17.0,10,25,0.12261137402830104,0.22742604215939838,148.0221891403198,476.45562529563904
8566,1303,535148.9862398553,5736660.060590179,17.0,10,25,0.12310860829261472,0.225602247317632,148.59003067016602,475.3613483905792
8567,1303,535125.8749018563,5736650.728917854,17.0,10,25,0.12280133643208775,0.2242467125256855,148.23912620544422,474.5480275154113
8568,1303,535125.9012298525,5736650.135500028,17.0,10,25,0.12282063956853592,0.22341860731442767,148.26117038726804,474.0511643886566
8568,1304,535060.8960834249,5736682.491821309,17.0,10,25,0.12282063956853592,0.22341860731442767,148.26117038726804,474.0511643886566
8569,1304,535060.9321584177,5736681.157794048,17.0,10,25,0.07518667431512344,0.2667097290356953,93.86318206787098,500.0258374214172
8570,1304,535046.5109037388,5736673.761822286,17.0,10,25,0.07512119271500509,0.2630554338296253,93.7884020805358,497.8332602977752
8571,1304,535045.6860737614,5736673.930271915,17.0,10,25,0.07451644461543246,0.2632905026276905,93.09777975082386,497.9743015766143
8572,1304,535044.1647307533,5736671.035913659,17.0,10,25,0.07340102771952763,0.25925147136052445,91.82397365570056,495.5508828163147
8572,1305,535068.2547019506,5736703.567642438,17.0,10,25,0.07340102771952763,0.25925147136052445,91.82397365570056,495.5508828163147
8573,1305,535058.9685568993,5736706.077286766,17.0,10,25,0.09038448083212822,0.31148448785146077,111.21907711029043,526.8906927108765
8574,1305,535058.1816214679,5736702.070553591,17.0,10,25,0.08980751622161591,0.3058931549390157,110.56018352508538,523.5358929634094
8575,1305,535056.6578011337,5736701.775094019,17.0,10,25,0.08869028300203499,0.3054808457692464,109.28430318832397,523.2885074615479
8576,1305,535056.8461536565,5736707.11024203,17.0,10,25,0.08970403587755506,0.3129259606202442,110.44200897216787,527.7555763721465
8577,1305,535056.5556401942,5736707.235291468,17.0,10,25,0.08949103747900637,0.3131004651387531,110.19876480102528,527.8602790832518
8578,1305,535056.4019263844,5736705.6041516615,17.0,10,25,0.08937833772649274,0.3108242352803547,110.07006168365471,526.4945411682128
8579,1305,535057.3432931958,5736708.064892434,17.0,10,25,0.0900685281970663,0.3142581601937612,110.85825920104972,528.5548961162567
8579,1306,535080.9681506997,5736666.793272698,17.0,10,25,0.0900685281970663,0.3142581601937612,110.85825920104972,528.5548961162567
8580,1306,535079.4545899123,5736668.693616693,17.0,10,25,0.10628006880003585,0.2593161662419636,129.37183856964094,495.58969974517817
8581,1306,535074.3441054752,5736670.775095933,17.0,10,25,0.10253316842528436,0.26222083767255144,125.09287834167475,497.3325026035309
8582,1306,535071.1207455078,5736672.434297864,17.0,10,25,0.10016986826881635,0.2645362277825673,122.39398956298828,498.7217366695404
8583,1306,535069.9328078725,5736670.126168919,17.0,10,25,0.09929889722379813,0.2613152702649434,121.39934062957748,496.78916215896606
8584,1306,535070.2915246836,5736668.488724744,17.0,10,25,0.09956190089210737,0.259030242760976,121.69969081878662,495.41814565658564
8585,1306,535070.0063929985,5736667.762530784,17.0,10,25,0.09935284830016548,0.2580168505509694,121.46095275878898,494.81011033058167
8585,1307,535066.7882012458,5736648.256317523,17.0,10,25,0.09935284830016548,0.2580168505509694,121.46095275878898,494.81011033058167
8586,1307,535064.7283815234,5736646.8791207215,17.0,10,25,0.09548312060260931,0.22887438138326005,117.04172372817983,477.32462882995605
8587,1307,535062.5000267475,5736644.98615745,17.0,10,25,0.09384933745589638,0.22623278101285296,115.17594337463368,475.7396686077118
8588,1307,535062.4151228042,5736643.380311997,17.0,10,25,0.09378708765928455,0.2239918490250905,115.10485410690296,474.3951094150543
8589,1307,535063.2306243676,5736641.929577052,17.0,10,25,0.09438499636073869,0.22196737130482988,115.78766584396358,473.18042278289795
8590,1307,535062.3279892675,5736642.110251003,17.0,10,25,0.09372320317136419,0.2222194989522297,115.03189802169791,473.33169937133783
8590,1308,535114.2676498028,5736654.816896218,17.0,10,25,0.09372320317136419,0.2222194989522297,115.03189802169791,473.33169937133783
8591,1308,535112.6852364364,5736653.095534759,17.0,10,25,0.13064408427570817,0.23754928906758613,157.19554424285874,482.5295734405517
8592,1308,535111.6636555162,5736650.842607471,17.0,10,25,0.12989508249713744,0.23440536459287004,156.34018421173096,480.64321875572205
8593,1308,535113.9202603515,5736650.993028146,17.0,10,25,0.13154957799694375,0.23461527427037543,158.22961807250977,480.7691645622253
8595,1309,535058.1654151996,5736722.922172727,17.0,10,25,0.09067129086696535,0.3349912603696187,111.54661417007443,540.9947562217712
8596,1309,535059.2221058096,5736720.765925224,17.0,10,25,0.091446034336257,0.3319822510083516,112.4313712120055,539.189350605011
8597,1309,535061.4058430892,5736723.535772218,17.0,10,25,0.09304710486724359,0.33584752877553303,114.25979375839219,541.5085172653198
8598,1309,535060.6684712636,5736727.40065712,17.0,10,25,0.09250647925662486,0.34124091466267903,113.64239931106559,544.7445487976074
8599,1309,535060.4854822941,5736726.922755299,17.0,10,25,0.09237231556880689,0.3405740102132161,113.48918437957748,544.3444061279297
8600,1309,535060.8215785556,5736721.102017215,17.0,10,25,0.09261873432299707,0.33245126207669573,113.77059459686267,539.4707572460175
