world_timestamp,world_index,fixation_id,start_timestamp,duration,dispersion,norm_pos_x,norm_pos_y,x_scaled,y_scaled,on_surf
763526.0780600001,0,0,763526.004906,132.28250003885478,1.3137295551709354,0.46203184127807617,0.5310603380203247,0.46203184127807617,0.5310603380203247,True
763526.151056,1,0,763526.004906,132.28250003885478,1.3137295551709354,0.46587705612182617,0.53404301404953,0.46587705612182617,0.53404301404953,True
763526.151056,1,1,763526.1499085,217.37450000364333,1.3601745313407343,0.42986035346984863,0.4980025589466095,0.42986035346984863,0.4980025589466095,True
763526.192476,2,1,763526.1499085,217.37450000364333,1.3601745313407343,0.4307143986225128,0.4998423159122467,0.4307143986225128,0.4998423159122467,True
763526.229546,3,1,763526.1499085,217.37450000364333,1.3601745313407343,0.4314776062965393,0.5014023780822754,0.4314776062965393,0.5014023780822754,True
763526.262035,4,1,763526.1499085,217.37450000364333,1.3601745313407343,0.4319254755973816,0.5021798014640808,0.4319254755973816,0.5021798014640808,True
763526.288711,5,1,763526.1499085,217.37450000364333,1.3601745313407343,0.43208155035972595,0.5025479793548584,0.43208155035972595,0.5025479793548584,True
763526.318438,6,1,763526.1499085,217.37450000364333,1.3601745313407343,0.43191996216773987,0.5022991299629211,0.43191996216773987,0.5022991299629211,True
763526.3502280001,7,1,763526.1499085,217.37450000364333,1.3601745313407343,0.4316975474357605,0.5016081929206848,0.4316975474357605,0.5016081929206848,True
763526.384097,8,1,763526.1499085,217.37450000364333,1.3601745313407343,0.43140649795532227,0.5012179017066956,0.43140649795532227,0.5012179017066956,True
763526.384097,8,2,763526.3711069999,190.03700010944158,1.3986922542975695,0.42296305298805237,0.48681628704071045,0.42296305298805237,0.48681628704071045,True
763526.4203420001,9,2,763526.3711069999,190.03700010944158,1.3986922542975695,0.4221261143684387,0.4866904020309448,0.4221261143684387,0.4866904020309448,True
763526.452398,10,2,763526.3711069999,190.03700010944158,1.3986922542975695,0.4208991825580597,0.48669570684432983,0.4208991825580597,0.48669570684432983,True
763526.4888930001,11,2,763526.3711069999,190.03700010944158,1.3986922542975695,0.4196425676345825,0.48662644624710083,0.4196425676345825,0.48662644624710083,True
763526.5282170001,12,2,763526.3711069999,190.03700010944158,1.3986922542975695,0.41878023743629456,0.4854952394962311,0.41878023743629456,0.4854952394962311,True
763526.5671710001,13,2,763526.3711069999,190.03700010944158,1.3986922542975695,0.4177562892436981,0.4836425185203552,0.4177562892436981,0.4836425185203552,True
763526.753058,19,3,763526.7568814999,90.15600010752678,1.1142061664976521,0.29406628012657166,0.35251399874687195,0.29406628012657166,0.35251399874687195,True
763526.7845800001,20,3,763526.7568814999,90.15600010752678,1.1142061664976521,0.29422545433044434,0.35111770033836365,0.29422545433044434,0.35111770033836365,True
763526.819857,21,3,763526.7568814999,90.15600010752678,1.1142061664976521,0.2942101061344147,0.3496280312538147,0.2942101061344147,0.3496280312538147,True
763526.8517700001,22,3,763526.7568814999,90.15600010752678,1.1142061664976521,0.2937122583389282,0.3483315706253052,0.2937122583389282,0.3483315706253052,True
763526.8839830001,23,4,763526.8712325001,126.08199985697865,1.4390525458791499,0.4191930294036865,0.4810393154621124,0.4191930294036865,0.4810393154621124,True
763526.920178,24,4,763526.8712325001,126.08199985697865,1.4390525458791499,0.41973528265953064,0.47727635502815247,0.41973528265953064,0.47727635502815247,True
763526.9574030001,25,4,763526.8712325001,126.08199985697865,1.4390525458791499,0.41977980732917786,0.4720156788825989,0.41977980732917786,0.4720156788825989,True
763526.994012,26,4,763526.8712325001,126.08199985697865,1.4390525458791499,0.41949838399887085,0.4658147990703583,0.41949838399887085,0.4658147990703583,True
763527.0336340001,27,5,763527.0368659999,156.13300004042685,1.472572361874725,0.4211180508136749,0.48942893743515015,0.4211180508136749,0.48942893743515015,True
763527.071383,28,5,763527.0368659999,156.13300004042685,1.472572361874725,0.4220070242881775,0.48487353324890137,0.4220070242881775,0.48487353324890137,True
763527.1026270001,29,5,763527.0368659999,156.13300004042685,1.472572361874725,0.4229709804058075,0.48119503259658813,0.4229709804058075,0.48119503259658813,True
763527.142169,30,5,763527.0368659999,156.13300004042685,1.472572361874725,0.42379891872406006,0.47887036204338074,0.42379891872406006,0.47887036204338074,True
763527.177915,31,5,763527.0368659999,156.13300004042685,1.472572361874725,0.4246034324169159,0.47769007086753845,0.4246034324169159,0.47769007086753845,True
763527.2138210001,32,6,763527.2270755,217.80650003347546,1.2741954369353017,0.3811102509498596,0.48683032393455505,0.3811102509498596,0.48683032393455505,True
763527.243364,33,6,763527.2270755,217.80650003347546,1.2741954369353017,0.3817498981952667,0.48575714230537415,0.3817498981952667,0.48575714230537415,True
763527.27135,34,6,763527.2270755,217.80650003347546,1.2741954369353017,0.382028728723526,0.48506996035575867,0.382028728723526,0.48506996035575867,True
763527.301646,35,6,763527.2270755,217.80650003347546,1.2741954369353017,0.3822128176689148,0.4841786324977875,0.3822128176689148,0.4841786324977875,True
763527.332213,36,6,763527.2270755,217.80650003347546,1.2741954369353017,0.3826677203178406,0.48339349031448364,0.3826677203178406,0.48339349031448364,True
763527.3607950001,37,6,763527.2270755,217.80650003347546,1.2741954369353017,0.38314902782440186,0.4827881455421448,0.38314902782440186,0.4827881455421448,True
763527.392936,38,6,763527.2270755,217.80650003347546,1.2741954369353017,0.3835710883140564,0.4830254912376404,0.3835710883140564,0.4830254912376404,True
763527.4275890001,39,6,763527.2270755,217.80650003347546,1.2741954369353017,0.3838880658149719,0.48384448885917664,0.3838880658149719,0.48384448885917664,True
763528.0224370001,56,7,763528.020982,217.928999918513,1.0825609621104275,0.3268728256225586,-0.06100890785455704,0.3268728256225586,-0.06100890785455704,False
763528.063255,57,7,763528.020982,217.928999918513,1.0825609621104275,0.32561489939689636,-0.060577329248189926,0.32561489939689636,-0.060577329248189926,False
763528.105835,58,7,763528.020982,217.928999918513,1.0825609621104275,0.32583263516426086,-0.05939445644617081,0.32583263516426086,-0.05939445644617081,False
763528.144806,59,7,763528.020982,217.928999918513,1.0825609621104275,0.3260117173194885,-0.0579969696700573,0.3260117173194885,-0.0579969696700573,False
763528.177248,60,7,763528.020982,217.928999918513,1.0825609621104275,0.3265093266963959,-0.05758140981197357,0.3265093266963959,-0.05758140981197357,False
763528.2055850001,61,7,763528.020982,217.928999918513,1.0825609621104275,0.3267576992511749,-0.05729794502258301,0.3267576992511749,-0.05729794502258301,False
763528.2352870001,62,7,763528.020982,217.928999918513,1.0825609621104275,0.3260236978530884,-0.05686225742101669,0.3260236978530884,-0.05686225742101669,False
763528.264207,63,8,763528.2548469999,118.21650015190244,1.3808085348451629,0.33836182951927185,-0.08625517040491104,0.33836182951927185,-0.08625517040491104,False
763528.292036,64,8,763528.2548469999,118.21650015190244,1.3808085348451629,0.33844977617263794,-0.08625077456235886,0.33844977617263794,-0.08625077456235886,False
763528.32912,65,8,763528.2548469999,118.21650015190244,1.3808085348451629,0.3382284343242645,-0.08728042244911194,0.3382284343242645,-0.08728042244911194,False
763528.3690620001,66,8,763528.2548469999,118.21650015190244,1.3808085348451629,0.33728471398353577,-0.08747690171003342,0.33728471398353577,-0.08747690171003342,False
763528.408516,67,9,763528.401037,124.18550008442253,1.3944268438118277,0.28788942098617554,-0.035157375037670135,0.28788942098617554,-0.035157375037670135,False
763528.4497570001,68,9,763528.401037,124.18550008442253,1.3944268438118277,0.28754937648773193,-0.03514932096004486,0.28754937648773193,-0.03514932096004486,False
763528.490204,69,9,763528.401037,124.18550008442253,1.3944268438118277,0.28720009326934814,-0.034385304898023605,0.28720009326934814,-0.034385304898023605,False
763528.529189,70,9,763528.401037,124.18550008442253,1.3944268438118277,0.28635361790657043,-0.03222915902733803,0.28635361790657043,-0.03222915902733803,False
763528.5659060001,71,10,763528.577301,189.7774999961257,1.3875639208813697,0.2987460494041443,-0.06732013821601868,0.2987460494041443,-0.06732013821601868,False
763528.597039,72,10,763528.577301,189.7774999961257,1.3875639208813697,0.29931384325027466,-0.06706719845533371,0.29931384325027466,-0.06706719845533371,False
763528.628061,73,10,763528.577301,189.7774999961257,1.3875639208813697,0.3001871705055237,-0.06715739518404007,0.3001871705055237,-0.06715739518404007,False
763528.660244,74,10,763528.577301,189.7774999961257,1.3875639208813697,0.3005995750427246,-0.06676291674375534,0.3005995750427246,-0.06676291674375534,False
763528.6963800001,75,10,763528.577301,189.7774999961257,1.3875639208813697,0.3002642095088959,-0.06624188274145126,0.3002642095088959,-0.06624188274145126,False
763528.728586,76,10,763528.577301,189.7774999961257,1.3875639208813697,0.30002081394195557,-0.0666603222489357,0.30002081394195557,-0.0666603222489357,False
763528.762187,77,10,763528.577301,189.7774999961257,1.3875639208813697,0.2998742163181305,-0.06748484075069427,0.2998742163181305,-0.06748484075069427,False
763528.79601,78,11,763528.8050645001,128.23999987449497,1.3954753472950205,0.34521016478538513,-0.03668423742055893,0.34521016478538513,-0.03668423742055893,False
763528.827866,79,11,763528.8050645001,128.23999987449497,1.3954753472950205,0.3450661301612854,-0.03640938177704811,0.3450661301612854,-0.03640938177704811,False
763528.8644930001,80,11,763528.8050645001,128.23999987449497,1.3954753472950205,0.34515443444252014,-0.03625601530075073,0.34515443444252014,-0.03625601530075073,False
763528.902933,81,11,763528.8050645001,128.23999987449497,1.3954753472950205,0.34542447328567505,-0.035579100251197815,0.34542447328567505,-0.035579100251197815,False
763528.9418810001,82,11,763528.8050645001,128.23999987449497,1.3954753472950205,0.3449631929397583,-0.03389105573296547,0.3449631929397583,-0.03389105573296547,False
763528.9418810001,82,12,763528.937038,217.82050002366304,1.3394914987420994,0.37058889865875244,-0.06303974241018295,0.37058889865875244,-0.06303974241018295,False
763528.975499,83,12,763528.937038,217.82050002366304,1.3394914987420994,0.370022177696228,-0.0615927018225193,0.370022177696228,-0.0615927018225193,False
763529.0069080001,84,12,763528.937038,217.82050002366304,1.3394914987420994,0.3699818253517151,-0.06095365434885025,0.3699818253517151,-0.06095365434885025,False
763529.042953,85,12,763528.937038,217.82050002366304,1.3394914987420994,0.3699970245361328,-0.06093408167362213,0.3699970245361328,-0.06093408167362213,False
763529.077839,86,12,763528.937038,217.82050002366304,1.3394914987420994,0.36907511949539185,-0.06104666367173195,0.36907511949539185,-0.06104666367173195,False
763529.1098440001,87,12,763528.937038,217.82050002366304,1.3394914987420994,0.3674866259098053,-0.061304956674575806,0.3674866259098053,-0.061304956674575806,False
763529.138032,88,12,763528.937038,217.82050002366304,1.3394914987420994,0.3667926490306854,-0.06028876081109047,0.3667926490306854,-0.06028876081109047,False
763529.168633,89,12,763528.937038,217.82050002366304,1.3394914987420994,0.3665405809879303,-0.059257764369249344,0.3665405809879303,-0.059257764369249344,False
763529.168633,89,13,763529.1588735,218.0625000037253,1.3663868347005064,0.37093406915664673,-0.09762487560510635,0.37093406915664673,-0.09762487560510635,False
763529.1985500001,90,13,763529.1588735,218.0625000037253,1.3663868347005064,0.3711394965648651,-0.09706692397594452,0.3711394965648651,-0.09706692397594452,False
763529.2322300001,91,13,763529.1588735,218.0625000037253,1.3663868347005064,0.3716471791267395,-0.09743516892194748,0.3716471791267395,-0.09743516892194748,False
763529.268514,92,13,763529.1588735,218.0625000037253,1.3663868347005064,0.3726537823677063,-0.09709905087947845,0.3726537823677063,-0.09709905087947845,False
763529.3005240001,93,13,763529.1588735,218.0625000037253,1.3663868347005064,0.3732185959815979,-0.09577321261167526,0.3732185959815979,-0.09577321261167526,False
763529.331827,94,13,763529.1588735,218.0625000037253,1.3663868347005064,0.37309423089027405,-0.09500943869352341,0.37309423089027405,-0.09500943869352341,False
763529.369835,95,13,763529.1588735,218.0625000037253,1.3663868347005064,0.3721454441547394,-0.09540726989507675,0.3721454441547394,-0.09540726989507675,False
763529.369835,95,14,763529.3808985,218.58700003940612,1.354215450007633,0.3603251576423645,-0.06391331553459167,0.3603251576423645,-0.06391331553459167,False
763529.4065940001,96,14,763529.3808985,218.58700003940612,1.354215450007633,0.35980236530303955,-0.06450473517179489,0.35980236530303955,-0.06450473517179489,False
763529.438484,97,14,763529.3808985,218.58700003940612,1.354215450007633,0.36004525423049927,-0.06470303982496262,0.36004525423049927,-0.06470303982496262,False
763529.4829470001,98,14,763529.3808985,218.58700003940612,1.354215450007633,0.3604336678981781,-0.06482290476560593,0.3604336678981781,-0.06482290476560593,False
763529.529401,99,14,763529.3808985,218.58700003940612,1.354215450007633,0.3607940375804901,-0.06505241990089417,0.3607940375804901,-0.06505241990089417,False
763529.569126,100,14,763529.3808985,218.58700003940612,1.354215450007633,0.3628810942173004,-0.06481294333934784,0.3628810942173004,-0.06481294333934784,False
763529.602987,101,14,763529.3808985,218.58700003940612,1.354215450007633,0.3630726635456085,-0.06380867213010788,0.3630726635456085,-0.06380867213010788,False
763529.602987,101,15,763529.603451,149.53950012568384,0.9149169585884469,0.3591926395893097,-0.07701817154884338,0.3591926395893097,-0.07701817154884338,False
763529.6369830001,102,15,763529.603451,149.53950012568384,0.9149169585884469,0.3584707975387573,-0.07519364356994629,0.3584707975387573,-0.07519364356994629,False
763529.671925,103,15,763529.603451,149.53950012568384,0.9149169585884469,0.35861197113990784,-0.07384002953767776,0.35861197113990784,-0.07384002953767776,False
763529.7036870001,104,15,763529.603451,149.53950012568384,0.9149169585884469,0.35981202125549316,-0.07327458262443542,0.35981202125549316,-0.07327458262443542,False
763529.740279,105,15,763529.603451,149.53950012568384,0.9149169585884469,0.3606555759906769,-0.07283169776201248,0.3606555759906769,-0.07283169776201248,False
763529.77587,106,16,763529.789225,135.68300008773804,1.1045080235151248,0.23454372584819794,0.36002448201179504,0.23454372584819794,0.36002448201179504,True
763529.8149430001,107,16,763529.789225,135.68300008773804,1.1045080235151248,0.23357297480106354,0.3604632318019867,0.23357297480106354,0.3604632318019867,True
763529.850162,108,16,763529.789225,135.68300008773804,1.1045080235151248,0.2331390082836151,0.36029234528541565,0.2331390082836151,0.36029234528541565,True
763529.89069,109,16,763529.789225,135.68300008773804,1.1045080235151248,0.23317953944206238,0.36106163263320923,0.23317953944206238,0.36106163263320923,True
763529.924964,110,16,763529.789225,135.68300008773804,1.1045080235151248,0.233389213681221,0.3623659312725067,0.233389213681221,0.3623659312725067,True
763529.960651,111,17,763529.9489525,133.92949989065528,1.3878752265734207,0.12123401463031769,0.44793257117271423,0.12123401463031769,0.44793257117271423,True
763529.998307,112,17,763529.9489525,133.92949989065528,1.3878752265734207,0.1220739483833313,0.44829851388931274,0.1220739483833313,0.44829851388931274,True
763530.031159,113,17,763529.9489525,133.92949989065528,1.3878752265734207,0.12218441814184189,0.4477265477180481,0.12218441814184189,0.4477265477180481,True
763530.064276,114,17,763529.9489525,133.92949989065528,1.3878752265734207,0.12137708812952042,0.44701623916625977,0.12137708812952042,0.44701623916625977,True
763530.101139,115,17,763529.9489525,133.92949989065528,1.3878752265734207,0.12039877474308014,0.44644537568092346,0.12039877474308014,0.44644537568092346,True
763530.101139,115,18,763530.094966,98.20850007236004,1.2428866802360614,0.1574181765317917,0.41792207956314087,0.1574181765317917,0.41792207956314087,True
763530.1352380001,116,18,763530.094966,98.20850007236004,1.2428866802360614,0.156510129570961,0.4177473187446594,0.156510129570961,0.4177473187446594,True
763530.172796,117,18,763530.094966,98.20850007236004,1.2428866802360614,0.1547328531742096,0.4190254807472229,0.1547328531742096,0.4190254807472229,True
763530.2532220001,119,19,763530.2371954999,187.85750004462898,1.4523363055597673,0.16611286997795105,0.5153248310089111,0.16611286997795105,0.5153248310089111,True
763530.2858780001,120,19,763530.2371954999,187.85750004462898,1.4523363055597673,0.16530293226242065,0.5146874189376831,0.16530293226242065,0.5146874189376831,True
763530.3191750001,121,19,763530.2371954999,187.85750004462898,1.4523363055597673,0.16386760771274567,0.5140897035598755,0.16386760771274567,0.5140897035598755,True
763530.352728,122,19,763530.2371954999,187.85750004462898,1.4523363055597673,0.1625867784023285,0.5140251517295837,0.1625867784023285,0.5140251517295837,True
763530.388499,123,19,763530.2371954999,187.85750004462898,1.4523363055597673,0.16186754405498505,0.5135695934295654,0.16186754405498505,0.5135695934295654,True
763530.4183850001,124,19,763530.2371954999,187.85750004462898,1.4523363055597673,0.160906121134758,0.5125349760055542,0.160906121134758,0.5125349760055542,True
763530.4183850001,124,20,763530.4289205,219.95549998246133,1.462745584709454,0.17211908102035522,0.4658145010471344,0.17211908102035522,0.4658145010471344,True
763530.4493300001,125,20,763530.4289205,219.95549998246133,1.462745584709454,0.17069214582443237,0.4653142988681793,0.17069214582443237,0.4653142988681793,True
763530.478924,126,20,763530.4289205,219.95549998246133,1.462745584709454,0.16960567235946655,0.46541494131088257,0.16960567235946655,0.46541494131088257,True
763530.5103590001,127,20,763530.4289205,219.95549998246133,1.462745584709454,0.16970796883106232,0.46538880467414856,0.16970796883106232,0.46538880467414856,True
763530.540516,128,20,763530.4289205,219.95549998246133,1.462745584709454,0.1702599674463272,0.46395865082740784,0.1702599674463272,0.46395865082740784,True
763530.571891,129,20,763530.4289205,219.95549998246133,1.462745584709454,0.1702221781015396,0.46218588948249817,0.1702221781015396,0.46218588948249817,True
763530.6040470001,130,20,763530.4289205,219.95549998246133,1.462745584709454,0.16988293826580048,0.4609692692756653,0.16988293826580048,0.4609692692756653,True
763530.640472,131,20,763530.4289205,219.95549998246133,1.462745584709454,0.16987667977809906,0.4589667022228241,0.16987667977809906,0.4589667022228241,True
763530.640472,131,21,763530.652892,96.13349987193942,1.2467242497272237,0.1972053050994873,0.49442610144615173,0.1972053050994873,0.49442610144615173,True
763530.672631,132,21,763530.652892,96.13349987193942,1.2467242497272237,0.19710399210453033,0.49355313181877136,0.19710399210453033,0.49355313181877136,True
763530.704124,133,21,763530.652892,96.13349987193942,1.2467242497272237,0.19675318896770477,0.493419885635376,0.19675318896770477,0.493419885635376,True
763530.740038,134,21,763530.652892,96.13349987193942,1.2467242497272237,0.19641363620758057,0.4926947057247162,0.19641363620758057,0.4926947057247162,True
763530.7752800001,135,22,763530.7809105,217.99850009847432,1.4676743362352387,0.148457869887352,0.4241791367530823,0.148457869887352,0.4241791367530823,True
763530.808908,136,22,763530.7809105,217.99850009847432,1.4676743362352387,0.1485796570777893,0.424603670835495,0.1485796570777893,0.424603670835495,True
763530.841702,137,22,763530.7809105,217.99850009847432,1.4676743362352387,0.14841365814208984,0.4242553412914276,0.14841365814208984,0.4242553412914276,True
763530.871904,138,22,763530.7809105,217.99850009847432,1.4676743362352387,0.14799009263515472,0.42392054200172424,0.14799009263515472,0.42392054200172424,True
763530.9082170001,139,22,763530.7809105,217.99850009847432,1.4676743362352387,0.1480250060558319,0.4230608642101288,0.1480250060558319,0.4230608642101288,True
763530.940057,140,22,763530.7809105,217.99850009847432,1.4676743362352387,0.14786703884601593,0.42205575108528137,0.14786703884601593,0.42205575108528137,True
763530.971825,141,22,763530.7809105,217.99850009847432,1.4676743362352387,0.14699211716651917,0.4213366210460663,0.14699211716651917,0.4213366210460663,True
763531.0082540001,142,22,763530.7809105,217.99850009847432,1.4676743362352387,0.14612965285778046,0.42093124985694885,0.14612965285778046,0.42093124985694885,True
763531.0430500001,143,23,763531.0310785,158.1304999999702,1.4212887009723316,0.19925709068775177,0.4803757667541504,0.19925709068775177,0.4803757667541504,True
763531.075895,144,23,763531.0310785,158.1304999999702,1.4212887009723316,0.19900740683078766,0.47892555594444275,0.19900740683078766,0.47892555594444275,True
763531.108035,145,23,763531.0310785,158.1304999999702,1.4212887009723316,0.19798797369003296,0.478109210729599,0.19798797369003296,0.478109210729599,True
763531.140701,146,23,763531.0310785,158.1304999999702,1.4212887009723316,0.19699563086032867,0.47792351245880127,0.19699563086032867,0.47792351245880127,True
763531.1780460001,147,23,763531.0310785,158.1304999999702,1.4212887009723316,0.1965486705303192,0.4789979159832001,0.1965486705303192,0.4789979159832001,True
763531.1780460001,147,24,763531.1932795,219.83150008600205,1.246756352007435,0.17913752794265747,0.510379433631897,0.17913752794265747,0.510379433631897,True
763531.209461,148,24,763531.1932795,219.83150008600205,1.246756352007435,0.17900113761425018,0.5124891400337219,0.17900113761425018,0.5124891400337219,True
763531.241731,149,24,763531.1932795,219.83150008600205,1.246756352007435,0.1791621595621109,0.5149195194244385,0.1791621595621109,0.5149195194244385,True
763531.280745,150,24,763531.1932795,219.83150008600205,1.246756352007435,0.1799851804971695,0.5159721970558167,0.1799851804971695,0.5159721970558167,True
763531.313378,151,24,763531.1932795,219.83150008600205,1.246756352007435,0.18073393404483795,0.5163683295249939,0.18073393404483795,0.5163683295249939,True
763531.347131,152,24,763531.1932795,219.83150008600205,1.246756352007435,0.1807105839252472,0.5165439248085022,0.1807105839252472,0.5165439248085022,True
763531.382863,153,24,763531.1932795,219.83150008600205,1.246756352007435,0.18007630109786987,0.5158811211585999,0.18007630109786987,0.5158811211585999,True
763531.4130160001,154,24,763531.1932795,219.83150008600205,1.246756352007435,0.17933499813079834,0.5151350498199463,0.17933499813079834,0.5151350498199463,True
763531.4130160001,154,25,763531.417128,211.89399994909763,1.2945479404917855,0.16475100815296173,0.49207136034965515,0.16475100815296173,0.49207136034965515,True
763531.443987,155,25,763531.417128,211.89399994909763,1.2945479404917855,0.16444745659828186,0.4913397431373596,0.16444745659828186,0.4913397431373596,True
763531.476199,156,25,763531.417128,211.89399994909763,1.2945479404917855,0.1642819195985794,0.49100568890571594,0.1642819195985794,0.49100568890571594,True
763531.508063,157,25,763531.417128,211.89399994909763,1.2945479404917855,0.16410407423973083,0.4912378191947937,0.16410407423973083,0.4912378191947937,True
763531.543882,158,25,763531.417128,211.89399994909763,1.2945479404917855,0.16445568203926086,0.4910266101360321,0.16445568203926086,0.4910266101360321,True
763531.5885470001,159,25,763531.417128,211.89399994909763,1.2945479404917855,0.16477911174297333,0.49065515398979187,0.16477911174297333,0.49065515398979187,True
763531.633148,160,25,763531.417128,211.89399994909763,1.2945479404917855,0.1645171046257019,0.4916297197341919,0.1645171046257019,0.4916297197341919,True
763531.93281,169,26,763531.9388945,107.89499990642071,1.325943674422088,0.1773996353149414,0.5128452777862549,0.1773996353149414,0.5128452777862549,True
763531.9663760001,170,26,763531.9388945,107.89499990642071,1.325943674422088,0.17774268984794617,0.51224684715271,0.17774268984794617,0.51224684715271,True
763532.001087,171,26,763531.9388945,107.89499990642071,1.325943674422088,0.1775980442762375,0.5121052265167236,0.1775980442762375,0.5121052265167236,True
763532.0354480001,172,26,763531.9388945,107.89499990642071,1.325943674422088,0.17721259593963623,0.51178377866745,0.17721259593963623,0.51178377866745,True
763532.064295,173,27,763532.0729334999,184.26600005477667,1.443607750684065,0.22008781135082245,0.5038553476333618,0.22008781135082245,0.5038553476333618,True
763532.0872300001,174,27,763532.0729334999,184.26600005477667,1.443607750684065,0.21994823217391968,0.5032800436019897,0.21994823217391968,0.5032800436019897,True
763532.120902,175,27,763532.0729334999,184.26600005477667,1.443607750684065,0.21983252465724945,0.5024743676185608,0.21983252465724945,0.5024743676185608,True
763532.159421,176,27,763532.0729334999,184.26600005477667,1.443607750684065,0.2191866934299469,0.5015096068382263,0.2191866934299469,0.5015096068382263,True
763532.202715,177,27,763532.0729334999,184.26600005477667,1.443607750684065,0.2191103994846344,0.5009734630584717,0.2191103994846344,0.5009734630584717,True
763532.239501,178,27,763532.0729334999,184.26600005477667,1.443607750684065,0.21971304714679718,0.500326931476593,0.21971304714679718,0.500326931476593,True
763532.3079670001,180,28,763532.313078,194.71599999815226,1.4852158596955398,0.15822744369506836,0.473400741815567,0.15822744369506836,0.473400741815567,True
763532.337821,181,28,763532.313078,194.71599999815226,1.4852158596955398,0.15813550353050232,0.4739886224269867,0.15813550353050232,0.4739886224269867,True
763532.3685140001,182,28,763532.313078,194.71599999815226,1.4852158596955398,0.15882965922355652,0.47360342741012573,0.15882965922355652,0.47360342741012573,True
763532.400769,183,28,763532.313078,194.71599999815226,1.4852158596955398,0.1587768793106079,0.47299182415008545,0.1587768793106079,0.47299182415008545,True
763532.431422,184,28,763532.313078,194.71599999815226,1.4852158596955398,0.15753284096717834,0.4717229902744293,0.15753284096717834,0.4717229902744293,True
763532.461826,185,28,763532.313078,194.71599999815226,1.4852158596955398,0.15631215274333954,0.4707943797111511,0.15631215274333954,0.4707943797111511,True
763532.493104,186,28,763532.313078,194.71599999815226,1.4852158596955398,0.15581512451171875,0.47012555599212646,0.15581512451171875,0.47012555599212646,True
763532.5266610001,187,29,763532.511314,217.62700006365776,1.2406325450937692,0.18393711745738983,0.5101857781410217,0.18393711745738983,0.5101857781410217,True
763532.5590250001,188,29,763532.511314,217.62700006365776,1.2406325450937692,0.18344278633594513,0.5102373957633972,0.18344278633594513,0.5102373957633972,True
763532.590256,189,29,763532.511314,217.62700006365776,1.2406325450937692,0.1827903389930725,0.5097597241401672,0.1827903389930725,0.5097597241401672,True
763532.622114,190,29,763532.511314,217.62700006365776,1.2406325450937692,0.18214327096939087,0.509636640548706,0.18214327096939087,0.509636640548706,True
763532.6593670001,191,29,763532.511314,217.62700006365776,1.2406325450937692,0.18160034716129303,0.5102130770683289,0.18160034716129303,0.5102130770683289,True
763532.690305,192,29,763532.511314,217.62700006365776,1.2406325450937692,0.18096357583999634,0.5105063915252686,0.18096357583999634,0.5105063915252686,True
763532.723524,193,29,763532.511314,217.62700006365776,1.2406325450937692,0.18075256049633026,0.5108956694602966,0.18075256049633026,0.5108956694602966,True
763532.723524,193,30,763532.732972,197.9445000179112,1.3077838250969984,0.180128812789917,0.5257655382156372,0.180128812789917,0.5257655382156372,True
763532.7568160001,194,30,763532.732972,197.9445000179112,1.3077838250969984,0.17990514636039734,0.525936484336853,0.17990514636039734,0.525936484336853,True
763532.7927430001,195,30,763532.732972,197.9445000179112,1.3077838250969984,0.17970633506774902,0.5261326432228088,0.17970633506774902,0.5261326432228088,True
763532.82426,196,30,763532.732972,197.9445000179112,1.3077838250969984,0.1798645555973053,0.5259864926338196,0.1798645555973053,0.5259864926338196,True
763532.8528890001,197,30,763532.732972,197.9445000179112,1.3077838250969984,0.1800411194562912,0.5259138345718384,0.1800411194562912,0.5259138345718384,True
763532.883931,198,30,763532.732972,197.9445000179112,1.3077838250969984,0.17951810359954834,0.526374101638794,0.17951810359954834,0.526374101638794,True
763532.916095,199,30,763532.732972,197.9445000179112,1.3077838250969984,0.179201140999794,0.5266449451446533,0.179201140999794,0.5266449451446533,True
763532.9524460001,200,31,763532.93496,217.89650002028793,1.4566545037944776,0.15095748007297516,0.4916575849056244,0.15095748007297516,0.4916575849056244,True
763532.99285,201,31,763532.93496,217.89650002028793,1.4566545037944776,0.15122704207897186,0.490634948015213,0.15122704207897186,0.490634948015213,True
763533.0313070001,202,31,763532.93496,217.89650002028793,1.4566545037944776,0.15056820213794708,0.490310937166214,0.15056820213794708,0.490310937166214,True
763533.0650470001,203,31,763532.93496,217.89650002028793,1.4566545037944776,0.14949804544448853,0.4903711676597595,0.14949804544448853,0.4903711676597595,True
763533.101608,204,31,763532.93496,217.89650002028793,1.4566545037944776,0.14917556941509247,0.4904969334602356,0.14917556941509247,0.4904969334602356,True
763533.1380200001,205,31,763532.93496,217.89650002028793,1.4566545037944776,0.1489536613225937,0.4912857711315155,0.1489536613225937,0.4912857711315155,True
763533.173852,206,32,763533.161111,91.8890000320971,1.359131019340978,0.19022458791732788,0.5276089310646057,0.19022458791732788,0.5276089310646057,True
763533.2134560001,207,32,763533.161111,91.8890000320971,1.359131019340978,0.18986362218856812,0.5286605358123779,0.18986362218856812,0.5286605358123779,True
763533.248397,208,32,763533.161111,91.8890000320971,1.359131019340978,0.18963032960891724,0.5297739505767822,0.18963032960891724,0.5297739505767822,True
763533.248397,208,33,763533.256949,145.98300005309284,1.4830351344789583,0.21498693525791168,0.5292888283729553,0.21498693525791168,0.5292888283729553,True
763533.2781870001,209,33,763533.256949,145.98300005309284,1.4830351344789583,0.21490061283111572,0.5295899510383606,0.21490061283111572,0.5295899510383606,True
763533.3108590001,210,33,763533.256949,145.98300005309284,1.4830351344789583,0.21459545195102692,0.529366672039032,0.21459545195102692,0.529366672039032,True
763533.3408890001,211,33,763533.256949,145.98300005309284,1.4830351344789583,0.21470600366592407,0.5291141271591187,0.21470600366592407,0.5291141271591187,True
763533.370627,212,33,763533.256949,145.98300005309284,1.4830351344789583,0.21493898332118988,0.528545618057251,0.21493898332118988,0.528545618057251,True
763533.394417,213,33,763533.256949,145.98300005309284,1.4830351344789583,0.21535739302635193,0.5279959440231323,0.21535739302635193,0.5279959440231323,True
763533.424418,214,34,763533.4109,218.18249998614192,1.187018955179964,0.19588156044483185,0.4728561341762543,0.19588156044483185,0.4728561341762543,True
763533.4591470001,215,34,763533.4109,218.18249998614192,1.187018955179964,0.19645148515701294,0.47179993987083435,0.19645148515701294,0.47179993987083435,True
763533.497022,216,34,763533.4109,218.18249998614192,1.187018955179964,0.196303129196167,0.4707695543766022,0.196303129196167,0.4707695543766022,True
763533.533229,217,34,763533.4109,218.18249998614192,1.187018955179964,0.19507920742034912,0.47083479166030884,0.19507920742034912,0.47083479166030884,True
763533.5659990001,218,34,763533.4109,218.18249998614192,1.187018955179964,0.19370795786380768,0.47160378098487854,0.19370795786380768,0.47160378098487854,True
763533.6010860001,219,34,763533.4109,218.18249998614192,1.187018955179964,0.1932581067085266,0.47191232442855835,0.1932581067085266,0.47191232442855835,True
763533.6346730001,220,34,763533.4109,218.18249998614192,1.187018955179964,0.19284795224666595,0.47257474064826965,0.19284795224666595,0.47257474064826965,True
763533.6346730001,220,35,763533.632906,218.01549999509007,0.941499909371551,0.19582295417785645,0.4546067416667938,0.19582295417785645,0.4546067416667938,True
763533.6672360001,221,35,763533.632906,218.01549999509007,0.941499909371551,0.19496887922286987,0.4558635354042053,0.19496887922286987,0.4558635354042053,True
763533.7003670001,222,35,763533.632906,218.01549999509007,0.941499909371551,0.1946411281824112,0.4569474458694458,0.1946411281824112,0.4569474458694458,True
763533.7317840001,223,35,763533.632906,218.01549999509007,0.941499909371551,0.19447632133960724,0.4579232931137085,0.19447632133960724,0.4579232931137085,True
763533.760382,224,35,763533.632906,218.01549999509007,0.941499909371551,0.19420847296714783,0.45874685049057007,0.19420847296714783,0.45874685049057007,True
763533.7908190001,225,35,763533.632906,218.01549999509007,0.941499909371551,0.19367247819900513,0.4596817195415497,0.19367247819900513,0.4596817195415497,True
763533.82389,226,35,763533.632906,218.01549999509007,0.941499909371551,0.19363586604595184,0.46086549758911133,0.19363586604595184,0.46086549758911133,True
763533.8573670001,227,35,763533.632906,218.01549999509007,0.941499909371551,0.19391924142837524,0.4616481065750122,0.19391924142837524,0.4616481065750122,True
763533.9589790001,230,36,763533.960905,104.05950003769249,1.4664634673859092,0.3477717936038971,0.4257603883743286,0.3477717936038971,0.4257603883743286,True
763533.996469,231,36,763533.960905,104.05950003769249,1.4664634673859092,0.34842899441719055,0.4239586591720581,0.34842899441719055,0.4239586591720581,True
763534.0316420001,232,36,763533.960905,104.05950003769249,1.4664634673859092,0.34855225682258606,0.42340338230133057,0.34855225682258606,0.42340338230133057,True
763534.065619,233,36,763533.960905,104.05950003769249,1.4664634673859092,0.3483598828315735,0.4232683479785919,0.3483598828315735,0.4232683479785919,True
763534.1027210001,234,37,763534.120846,100.22899997420609,1.3552230428852048,0.3587251603603363,0.4372195601463318,0.3587251603603363,0.4372195601463318,True
763534.1412160001,235,37,763534.120846,100.22899997420609,1.3552230428852048,0.3593432903289795,0.43800589442253113,0.3593432903289795,0.43800589442253113,True
763534.177625,236,37,763534.120846,100.22899997420609,1.3552230428852048,0.35909098386764526,0.43885111808776855,0.35909098386764526,0.43885111808776855,True
763534.2165150001,237,37,763534.120846,100.22899997420609,1.3552230428852048,0.3592125177383423,0.43989288806915283,0.3592125177383423,0.43989288806915283,True
763534.2165150001,237,38,763534.2252515,219.6539998985827,0.9927420558379975,0.37676993012428284,0.46453970670700073,0.37676993012428284,0.46453970670700073,True
763534.250862,238,38,763534.2252515,219.6539998985827,0.9927420558379975,0.3776656687259674,0.4649486839771271,0.3776656687259674,0.4649486839771271,True
763534.2871020001,239,38,763534.2252515,219.6539998985827,0.9927420558379975,0.37845954298973083,0.4643782079219818,0.37845954298973083,0.4643782079219818,True
763534.322718,240,38,763534.2252515,219.6539998985827,0.9927420558379975,0.3786630928516388,0.4633045494556427,0.3786630928516388,0.4633045494556427,True
763534.3555350001,241,38,763534.2252515,219.6539998985827,0.9927420558379975,0.3791615962982178,0.4613979458808899,0.3791615962982178,0.4613979458808899,True
763534.3895330001,242,38,763534.2252515,219.6539998985827,0.9927420558379975,0.38024693727493286,0.4599021375179291,0.38024693727493286,0.4599021375179291,True
763534.4235860001,243,38,763534.2252515,219.6539998985827,0.9927420558379975,0.38130325078964233,0.45894676446914673,0.38130325078964233,0.45894676446914673,True
763534.4582550001,244,38,763534.2252515,219.6539998985827,0.9927420558379975,0.38192489743232727,0.4583125412464142,0.38192489743232727,0.4583125412464142,True
763534.799125,254,39,763534.782874,186.10049993731081,1.3732279598149413,0.3803076148033142,0.46038714051246643,0.3803076148033142,0.46038714051246643,True
763534.8395730001,255,39,763534.782874,186.10049993731081,1.3732279598149413,0.3793077766895294,0.4607061445713043,0.3793077766895294,0.4607061445713043,True
763534.8725490001,256,39,763534.782874,186.10049993731081,1.3732279598149413,0.379232257604599,0.459626168012619,0.379232257604599,0.459626168012619,True
763534.906791,257,39,763534.782874,186.10049993731081,1.3732279598149413,0.37990033626556396,0.4568890333175659,0.37990033626556396,0.4568890333175659,True
763534.950242,258,39,763534.782874,186.10049993731081,1.3732279598149413,0.38002610206604004,0.4544842541217804,0.38002610206604004,0.4544842541217804,True
763534.987149,259,39,763534.782874,186.10049993731081,1.3732279598149413,0.37971562147140503,0.4524405002593994,0.37971562147140503,0.4524405002593994,True
763534.987149,259,40,763535.0051045,123.84750007186085,1.4299601857624613,0.326114296913147,0.439905047416687,0.326114296913147,0.439905047416687,True
763535.0235400001,260,40,763535.0051045,123.84750007186085,1.4299601857624613,0.3265688717365265,0.4387102425098419,0.3265688717365265,0.4387102425098419,True
763535.057182,261,40,763535.0051045,123.84750007186085,1.4299601857624613,0.32744377851486206,0.43859365582466125,0.32744377851486206,0.43859365582466125,True
763535.090173,262,40,763535.0051045,123.84750007186085,1.4299601857624613,0.32884764671325684,0.4389607310295105,0.32884764671325684,0.4389607310295105,True
763535.1245230001,263,40,763535.0051045,123.84750007186085,1.4299601857624613,0.33036038279533386,0.43890872597694397,0.33036038279533386,0.43890872597694397,True
763535.1245230001,263,41,763535.1330029999,219.7090000845492,1.1295110980119931,0.35234445333480835,0.3993667662143707,0.35234445333480835,0.3993667662143707,True
763535.1591830001,264,41,763535.1330029999,219.7090000845492,1.1295110980119931,0.3532246947288513,0.3996322453022003,0.3532246947288513,0.3996322453022003,True
763535.1908110001,265,41,763535.1330029999,219.7090000845492,1.1295110980119931,0.35348448157310486,0.40030011534690857,0.35348448157310486,0.40030011534690857,True
763535.218818,266,41,763535.1330029999,219.7090000845492,1.1295110980119931,0.3528696596622467,0.4010780453681946,0.3528696596622467,0.4010780453681946,True
763535.249026,267,41,763535.1330029999,219.7090000845492,1.1295110980119931,0.35199475288391113,0.4013221561908722,0.35199475288391113,0.4013221561908722,True
763535.2765510001,268,41,763535.1330029999,219.7090000845492,1.1295110980119931,0.35141053795814514,0.40131619572639465,0.35141053795814514,0.40131619572639465,True
763535.3068090001,269,41,763535.1330029999,219.7090000845492,1.1295110980119931,0.35160744190216064,0.4021223187446594,0.35160744190216064,0.4021223187446594,True
763535.336382,270,41,763535.1330029999,219.7090000845492,1.1295110980119931,0.3518750071525574,0.4031464755535126,0.3518750071525574,0.4031464755535126,True
763535.365617,271,41,763535.1330029999,219.7090000845492,1.1295110980119931,0.3517378270626068,0.40382587909698486,0.3517378270626068,0.40382587909698486,True
763535.365617,271,42,763535.3567949999,216.4015001617372,1.3545809100021287,0.36758002638816833,0.40997183322906494,0.36758002638816833,0.40997183322906494,True
763535.397772,272,42,763535.3567949999,216.4015001617372,1.3545809100021287,0.3673887848854065,0.4098513126373291,0.3673887848854065,0.4098513126373291,True
763535.4379670001,273,42,763535.3567949999,216.4015001617372,1.3545809100021287,0.36708495020866394,0.409803569316864,0.36708495020866394,0.409803569316864,True
763535.484971,274,42,763535.3567949999,216.4015001617372,1.3545809100021287,0.3670573830604553,0.4100055992603302,0.3670573830604553,0.4100055992603302,True
763535.5339810001,275,42,763535.3567949999,216.4015001617372,1.3545809100021287,0.36797964572906494,0.4097067415714264,0.36797964572906494,0.4097067415714264,True
763535.574196,276,42,763535.3567949999,216.4015001617372,1.3545809100021287,0.3678540289402008,0.40916991233825684,0.3678540289402008,0.40916991233825684,True
763535.6326400001,278,43,763535.634907,217.96749997884035,1.3432647215349167,0.31546923518180847,0.4346823990345001,0.31546923518180847,0.4346823990345001,True
763535.664603,279,43,763535.634907,217.96749997884035,1.3432647215349167,0.3152945041656494,0.4348863959312439,0.3152945041656494,0.4348863959312439,True
763535.699868,280,43,763535.634907,217.96749997884035,1.3432647215349167,0.315187931060791,0.43509361147880554,0.315187931060791,0.43509361147880554,True
763535.732803,281,43,763535.634907,217.96749997884035,1.3432647215349167,0.31525254249572754,0.4354439973831177,0.31525254249572754,0.4354439973831177,True
763535.76907,282,43,763535.634907,217.96749997884035,1.3432647215349167,0.31575319170951843,0.4356909394264221,0.31575319170951843,0.4356909394264221,True
763535.808297,283,43,763535.634907,217.96749997884035,1.3432647215349167,0.31619060039520264,0.4351879954338074,0.31619060039520264,0.4351879954338074,True
763535.849454,284,43,763535.634907,217.96749997884035,1.3432647215349167,0.3164186179637909,0.43355926871299744,0.3164186179637909,0.43355926871299744,True
763535.849454,284,44,763535.8568565,120.20100001245737,1.311403060990508,0.3148469924926758,0.42391905188560486,0.3148469924926758,0.42391905188560486,True
763535.890841,285,44,763535.8568565,120.20100001245737,1.311403060990508,0.3145604729652405,0.4223754405975342,0.3145604729652405,0.4223754405975342,True
763535.941297,286,44,763535.8568565,120.20100001245737,1.311403060990508,0.31493517756462097,0.41922280192375183,0.31493517756462097,0.41922280192375183,True
763535.9784550001,287,44,763535.8568565,120.20100001245737,1.311403060990508,0.3151116669178009,0.4187864363193512,0.3151116669178009,0.4187864363193512,True
763535.9784550001,287,45,763535.980964,217.86200010683388,1.077576362371121,0.3417190909385681,0.4097152054309845,0.3417190909385681,0.4097152054309845,True
763536.0160000001,288,45,763535.980964,217.86200010683388,1.077576362371121,0.3416542708873749,0.40959152579307556,0.3416542708873749,0.40959152579307556,True
763536.0524850001,289,45,763535.980964,217.86200010683388,1.077576362371121,0.3417363166809082,0.4094964861869812,0.3417363166809082,0.4094964861869812,True
763536.0881830001,290,45,763535.980964,217.86200010683388,1.077576362371121,0.34195345640182495,0.40925928950309753,0.34195345640182495,0.40925928950309753,True
763536.128486,291,45,763535.980964,217.86200010683388,1.077576362371121,0.3417366147041321,0.4095492362976074,0.3417366147041321,0.4095492362976074,True
763536.1604050001,292,45,763535.980964,217.86200010683388,1.077576362371121,0.3412885069847107,0.4103696644306183,0.3412885069847107,0.4103696644306183,True
763536.185183,293,45,763535.980964,217.86200010683388,1.077576362371121,0.34161919355392456,0.4109431505203247,0.34161919355392456,0.4109431505203247,True
763536.215682,294,46,763536.2028385,218.03299989551306,0.8786767459188812,0.34981587529182434,0.4112979471683502,0.34981587529182434,0.4112979471683502,True
763536.2524240001,295,46,763536.2028385,218.03299989551306,0.8786767459188812,0.349961519241333,0.41087329387664795,0.349961519241333,0.41087329387664795,True
763536.2894850001,296,46,763536.2028385,218.03299989551306,0.8786767459188812,0.349785178899765,0.4107857942581177,0.349785178899765,0.4107857942581177,True
763536.328727,297,46,763536.2028385,218.03299989551306,0.8786767459188812,0.35008248686790466,0.4109344780445099,0.35008248686790466,0.4109344780445099,True
763536.364212,298,46,763536.2028385,218.03299989551306,0.8786767459188812,0.350750595331192,0.410840779542923,0.350750595331192,0.410840779542923,True
763536.39954,299,46,763536.2028385,218.03299989551306,0.8786767459188812,0.3513646721839905,0.4109393358230591,0.3513646721839905,0.4109393358230591,True
763536.4387180001,300,46,763536.2028385,218.03299989551306,0.8786767459188812,0.3524269759654999,0.41085556149482727,0.3524269759654999,0.41085556149482727,True
763536.4387180001,300,47,763536.425022,217.90300006978214,0.9815497409700333,0.35394352674484253,0.4168747365474701,0.35394352674484253,0.4168747365474701,True
763536.47848,301,47,763536.425022,217.90300006978214,0.9815497409700333,0.35447409749031067,0.4156729280948639,0.35447409749031067,0.4156729280948639,True
763536.516057,302,47,763536.425022,217.90300006978214,0.9815497409700333,0.355621874332428,0.41467800736427307,0.355621874332428,0.41467800736427307,True
763536.5439530001,303,47,763536.425022,217.90300006978214,0.9815497409700333,0.3561530113220215,0.41441115736961365,0.3561530113220215,0.41441115736961365,True
763536.5717760001,304,47,763536.425022,217.90300006978214,0.9815497409700333,0.35588476061820984,0.41339075565338135,0.35588476061820984,0.41339075565338135,True
763536.604137,305,47,763536.425022,217.90300006978214,0.9815497409700333,0.3554665446281433,0.41234779357910156,0.3554665446281433,0.41234779357910156,True
763536.6358340001,306,47,763536.425022,217.90300006978214,0.9815497409700333,0.35505107045173645,0.41118955612182617,0.35505107045173645,0.41118955612182617,True
763536.6358340001,306,48,763536.646943,138.00249993801117,1.371275146894407,0.3563494384288788,0.4255201518535614,0.3563494384288788,0.4255201518535614,True
763536.6720390001,307,48,763536.646943,138.00249993801117,1.371275146894407,0.3552725315093994,0.42425307631492615,0.3552725315093994,0.42425307631492615,True
763536.706919,308,48,763536.646943,138.00249993801117,1.371275146894407,0.3533354699611664,0.42402729392051697,0.3533354699611664,0.42402729392051697,True
763536.7418010001,309,48,763536.646943,138.00249993801117,1.371275146894407,0.3511695861816406,0.42406320571899414,0.3511695861816406,0.42406320571899414,True
763536.7736160001,310,48,763536.646943,138.00249993801117,1.371275146894407,0.34878426790237427,0.4257817268371582,0.34878426790237427,0.4257817268371582,True
763536.8732830001,313,49,763536.881023,95.97799996845424,1.4496483450485196,0.28931015729904175,0.3754050135612488,0.28931015729904175,0.3754050135612488,True
763536.906007,314,49,763536.881023,95.97799996845424,1.4496483450485196,0.2889304757118225,0.3763616681098938,0.2889304757118225,0.3763616681098938,True
763536.94539,315,49,763536.881023,95.97799996845424,1.4496483450485196,0.2882585823535919,0.3765597641468048,0.2882585823535919,0.3765597641468048,True
763536.982464,316,49,763536.881023,95.97799996845424,1.4496483450485196,0.28764307498931885,0.37609797716140747,0.28764307498931885,0.37609797716140747,True
763536.982464,316,50,763536.9810025,134.03599988669157,1.4802457637532356,0.32598596811294556,0.38255465030670166,0.32598596811294556,0.38255465030670166,True
763537.01734,317,50,763536.9810025,134.03599988669157,1.4802457637532356,0.32542476058006287,0.38093599677085876,0.32542476058006287,0.38093599677085876,True
763537.050274,318,50,763536.9810025,134.03599988669157,1.4802457637532356,0.3246452212333679,0.38045766949653625,0.3246452212333679,0.38045766949653625,True
763537.0811010001,319,50,763536.9810025,134.03599988669157,1.4802457637532356,0.3242235481739044,0.38010478019714355,0.3242235481739044,0.38010478019714355,True
763537.1081150001,320,50,763536.9810025,134.03599988669157,1.4802457637532356,0.32446497678756714,0.378847599029541,0.32446497678756714,0.378847599029541,True
763537.1081150001,320,51,763537.1189679999,150.13399999588728,1.0545350269985025,0.3311539888381958,0.391949325799942,0.3311539888381958,0.391949325799942,True
763537.1402060001,321,51,763537.1189679999,150.13399999588728,1.0545350269985025,0.3318246603012085,0.391194611787796,0.3318246603012085,0.391194611787796,True
763537.1740890001,322,51,763537.1189679999,150.13399999588728,1.0545350269985025,0.33282777667045593,0.3897704780101776,0.33282777667045593,0.3897704780101776,True
763537.2079190001,323,51,763537.1189679999,150.13399999588728,1.0545350269985025,0.3330532908439636,0.38830694556236267,0.3330532908439636,0.38830694556236267,True
763537.239865,324,51,763537.1189679999,150.13399999588728,1.0545350269985025,0.3337811231613159,0.38661614060401917,0.3337811231613159,0.38661614060401917,True
763537.275431,325,51,763537.1189679999,150.13399999588728,1.0545350269985025,0.3345939517021179,0.3847281336784363,0.3345939517021179,0.3847281336784363,True
763537.507845,332,52,763537.523021,112.02950007282197,1.4508529669889785,0.3831562101840973,0.46231701970100403,0.3831562101840973,0.46231701970100403,True
763537.5398510001,333,52,763537.523021,112.02950007282197,1.4508529669889785,0.382746160030365,0.46264949440956116,0.382746160030365,0.46264949440956116,True
763537.576123,334,52,763537.523021,112.02950007282197,1.4508529669889785,0.38300877809524536,0.46249526739120483,0.38300877809524536,0.46249526739120483,True
763537.607883,335,52,763537.523021,112.02950007282197,1.4508529669889785,0.3826737701892853,0.4621768295764923,0.3826737701892853,0.4621768295764923,True
763537.644187,336,52,763537.523021,112.02950007282197,1.4508529669889785,0.38141655921936035,0.4618460536003113,0.38141655921936035,0.4618460536003113,True
763537.644187,336,53,763537.6429890001,218.27749989461154,1.4715740938931132,0.3728671669960022,0.4237402379512787,0.3728671669960022,0.4237402379512787,True
763537.679281,337,53,763537.6429890001,218.27749989461154,1.4715740938931132,0.37183454632759094,0.42330265045166016,0.37183454632759094,0.42330265045166016,True
763537.7100190001,338,53,763537.6429890001,218.27749989461154,1.4715740938931132,0.37087109684944153,0.4240357577800751,0.37087109684944153,0.4240357577800751,True
763537.743946,339,53,763537.6429890001,218.27749989461154,1.4715740938931132,0.36962610483169556,0.4256971776485443,0.36962610483169556,0.4256971776485443,True
763537.7760790001,340,53,763537.6429890001,218.27749989461154,1.4715740938931132,0.3688156306743622,0.42801523208618164,0.3688156306743622,0.42801523208618164,True
763537.8084410001,341,53,763537.6429890001,218.27749989461154,1.4715740938931132,0.36910176277160645,0.429408997297287,0.36910176277160645,0.429408997297287,True
763537.843873,342,53,763537.6429890001,218.27749989461154,1.4715740938931132,0.36974042654037476,0.42924433946609497,0.36974042654037476,0.42924433946609497,True
763537.878042,343,53,763537.6429890001,218.27749989461154,1.4715740938931132,0.37009042501449585,0.4284774363040924,0.37009042501449585,0.4284774363040924,True
763537.878042,343,54,763537.8928785,218.1149999378249,1.4760674814739563,0.34631118178367615,0.38676688075065613,0.34631118178367615,0.38676688075065613,True
763537.91185,344,54,763537.8928785,218.1149999378249,1.4760674814739563,0.3458299934864044,0.3861128091812134,0.3458299934864044,0.3861128091812134,True
763537.9440520001,345,54,763537.8928785,218.1149999378249,1.4760674814739563,0.3455185294151306,0.3854660987854004,0.3455185294151306,0.3854660987854004,True
763537.9760860001,346,54,763537.8928785,218.1149999378249,1.4760674814739563,0.34540441632270813,0.38514265418052673,0.34540441632270813,0.38514265418052673,True
763538.0123810001,347,54,763537.8928785,218.1149999378249,1.4760674814739563,0.3452586531639099,0.3850216567516327,0.3452586531639099,0.3850216567516327,True
763538.046966,348,54,763537.8928785,218.1149999378249,1.4760674814739563,0.3451499342918396,0.385485976934433,0.3451499342918396,0.385485976934433,True
763538.0786680001,349,54,763537.8928785,218.1149999378249,1.4760674814739563,0.3447011411190033,0.38645559549331665,0.3447011411190033,0.38645559549331665,True
763538.112746,350,54,763537.8928785,218.1149999378249,1.4760674814739563,0.3447689712047577,0.38710811734199524,0.3447689712047577,0.38710811734199524,True
763538.112746,350,55,763538.1149084999,154.16200016625226,1.359001764514842,0.3426820933818817,0.3985051214694977,0.3426820933818817,0.3985051214694977,True
763538.145946,351,55,763538.1149084999,154.16200016625226,1.359001764514842,0.34291011095046997,0.39870280027389526,0.34291011095046997,0.39870280027389526,True
763538.1804300001,352,55,763538.1149084999,154.16200016625226,1.359001764514842,0.3423622250556946,0.3994315266609192,0.3423622250556946,0.3994315266609192,True
763538.213875,353,55,763538.1149084999,154.16200016625226,1.359001764514842,0.34210801124572754,0.4002601206302643,0.34210801124572754,0.4002601206302643,True
763538.2464770001,354,55,763538.1149084999,154.16200016625226,1.359001764514842,0.34273064136505127,0.4004860520362854,0.34273064136505127,0.4004860520362854,True
763538.280231,355,55,763538.1149084999,154.16200016625226,1.359001764514842,0.3430708944797516,0.3998062312602997,0.3430708944797516,0.3998062312602997,True
763538.280231,355,56,763538.272872,170.16800004057586,1.2071985495642865,0.3685322403907776,0.4223182499408722,0.3685322403907776,0.4223182499408722,True
763538.31191,356,56,763538.272872,170.16800004057586,1.2071985495642865,0.3681921362876892,0.42121759057044983,0.3681921362876892,0.42121759057044983,True
763538.3440080001,357,56,763538.272872,170.16800004057586,1.2071985495642865,0.3679407238960266,0.42073574662208557,0.3679407238960266,0.42073574662208557,True
763538.379925,358,56,763538.272872,170.16800004057586,1.2071985495642865,0.36824488639831543,0.42054039239883423,0.36824488639831543,0.42054039239883423,True
763538.412061,359,56,763538.272872,170.16800004057586,1.2071985495642865,0.36832430958747864,0.4212309420108795,0.36832430958747864,0.4212309420108795,True
763538.448392,360,56,763538.272872,170.16800004057586,1.2071985495642865,0.3681331276893616,0.4223429560661316,0.3681331276893616,0.4223429560661316,True
763538.4805670001,361,57,763538.470905,133.97800002712756,1.3853177998781168,0.550291121006012,0.5371533036231995,0.550291121006012,0.5371533036231995,True
763538.5194400001,362,57,763538.470905,133.97800002712756,1.3853177998781168,0.5497838854789734,0.537108302116394,0.5497838854789734,0.537108302116394,True
763538.552216,363,57,763538.470905,133.97800002712756,1.3853177998781168,0.54832524061203,0.5359811186790466,0.54832524061203,0.5359811186790466,True
763538.589746,364,57,763538.470905,133.97800002712756,1.3853177998781168,0.5469410419464111,0.5346296429634094,0.5469410419464111,0.5346296429634094,True
763538.9839100001,376,58,763538.9800675,121.07300001662225,1.4615523938537198,0.5722421407699585,0.529981791973114,0.5722421407699585,0.529981791973114,True
763539.01624,377,58,763538.9800675,121.07300001662225,1.4615523938537198,0.5730810761451721,0.529370129108429,0.5730810761451721,0.529370129108429,True
763539.049816,378,58,763538.9800675,121.07300001662225,1.4615523938537198,0.5734056234359741,0.5296085476875305,0.5734056234359741,0.5296085476875305,True
763539.090754,379,58,763538.9800675,121.07300001662225,1.4615523938537198,0.5745344758033752,0.5300251841545105,0.5745344758033752,0.5300251841545105,True
763539.090754,379,59,763539.105306,111.6090000141412,1.3859223908328904,0.5707425475120544,0.4897938668727875,0.5707425475120544,0.4897938668727875,True
763539.1266040001,380,59,763539.105306,111.6090000141412,1.3859223908328904,0.5717212557792664,0.48981985449790955,0.5717212557792664,0.48981985449790955,True
763539.163084,381,59,763539.105306,111.6090000141412,1.3859223908328904,0.5725144743919373,0.48980438709259033,0.5725144743919373,0.48980438709259033,True
763539.1970360001,382,59,763539.105306,111.6090000141412,1.3859223908328904,0.5731987357139587,0.49000295996665955,0.5731987357139587,0.49000295996665955,True
763539.1970360001,382,60,763539.2209000001,128.02999990526587,1.3298610788943852,0.5577777624130249,0.5005547404289246,0.5577777624130249,0.5005547404289246,True
763539.246567,383,60,763539.2209000001,128.02999990526587,1.3298610788943852,0.5584574937820435,0.500209629535675,0.5584574937820435,0.500209629535675,True
763539.2848380001,384,60,763539.2209000001,128.02999990526587,1.3298610788943852,0.5596914887428284,0.49943166971206665,0.5596914887428284,0.49943166971206665,True
763539.3194970001,385,60,763539.2209000001,128.02999990526587,1.3298610788943852,0.5601388812065125,0.49894464015960693,0.5601388812065125,0.49894464015960693,True
763539.3520900001,386,60,763539.2209000001,128.02999990526587,1.3298610788943852,0.5605387687683105,0.4986276626586914,0.5605387687683105,0.4986276626586914,True
763539.3520900001,386,61,763539.3528275,216.11449995543808,1.3094871310532699,0.5386103987693787,0.5057033896446228,0.5386103987693787,0.5057033896446228,True
763539.384114,387,61,763539.3528275,216.11449995543808,1.3094871310532699,0.5392196774482727,0.5057202577590942,0.5392196774482727,0.5057202577590942,True
763539.4198840001,388,61,763539.3528275,216.11449995543808,1.3094871310532699,0.5389447808265686,0.5061373114585876,0.5389447808265686,0.5061373114585876,True
763539.4525720001,389,61,763539.3528275,216.11449995543808,1.3094871310532699,0.5390445590019226,0.5061262845993042,0.5390445590019226,0.5061262845993042,True
763539.4850430001,390,61,763539.3528275,216.11449995543808,1.3094871310532699,0.5395958423614502,0.5055258274078369,0.5395958423614502,0.5055258274078369,True
763539.520081,391,61,763539.3528275,216.11449995543808,1.3094871310532699,0.5397332906723022,0.5056778192520142,0.5397332906723022,0.5056778192520142,True
763539.5581050001,392,61,763539.3528275,216.11449995543808,1.3094871310532699,0.5390793085098267,0.5060328245162964,0.5390793085098267,0.5060328245162964,True
763539.5581050001,392,62,763539.5730355,216.11099992878735,1.357323689956739,0.535511314868927,0.5062127113342285,0.535511314868927,0.5062127113342285,True
763539.595769,393,62,763539.5730355,216.11099992878735,1.357323689956739,0.5353526473045349,0.5061198472976685,0.5353526473045349,0.5061198472976685,True
763539.6314350001,394,62,763539.5730355,216.11099992878735,1.357323689956739,0.5358292460441589,0.5055645108222961,0.5358292460441589,0.5055645108222961,True
763539.669233,395,62,763539.5730355,216.11099992878735,1.357323689956739,0.5362191200256348,0.5045918226242065,0.5362191200256348,0.5045918226242065,True
763539.7028270001,396,62,763539.5730355,216.11099992878735,1.357323689956739,0.5360896587371826,0.5041617751121521,0.5360896587371826,0.5041617751121521,True
763539.734379,397,62,763539.5730355,216.11099992878735,1.357323689956739,0.5364230275154114,0.5038723349571228,0.5364230275154114,0.5038723349571228,True
763539.767985,398,62,763539.5730355,216.11099992878735,1.357323689956739,0.5368093848228455,0.5040566325187683,0.5368093848228455,0.5040566325187683,True
763539.803195,399,62,763539.5730355,216.11099992878735,1.357323689956739,0.537329375743866,0.5047132968902588,0.537329375743866,0.5047132968902588,True
763539.803195,399,63,763539.7933044999,191.5155000751838,1.4249557244107287,0.5421313047409058,0.5447379350662231,0.5421313047409058,0.5447379350662231,True
763539.8345740001,400,63,763539.7933044999,191.5155000751838,1.4249557244107287,0.5425839424133301,0.5457727313041687,0.5425839424133301,0.5457727313041687,True
763539.869542,401,63,763539.7933044999,191.5155000751838,1.4249557244107287,0.5432318449020386,0.546443521976471,0.5432318449020386,0.546443521976471,True
763539.90419,402,63,763539.7933044999,191.5155000751838,1.4249557244107287,0.5435640811920166,0.5463995933532715,0.5435640811920166,0.5463995933532715,True
763539.936292,403,63,763539.7933044999,191.5155000751838,1.4249557244107287,0.5434126257896423,0.5464336276054382,0.5434126257896423,0.5464336276054382,True
763539.970235,404,63,763539.7933044999,191.5155000751838,1.4249557244107287,0.5429164171218872,0.5469754934310913,0.5429164171218872,0.5469754934310913,True
763540.006043,405,64,763539.9888695,148.09949998743832,1.4653426519713912,0.5806394815444946,0.544709324836731,0.5806394815444946,0.544709324836731,True
763540.0415940001,406,64,763539.9888695,148.09949998743832,1.4653426519713912,0.5807906985282898,0.5433281660079956,0.5807906985282898,0.5433281660079956,True
763540.0822770001,407,64,763539.9888695,148.09949998743832,1.4653426519713912,0.5806140899658203,0.5413406491279602,0.5806140899658203,0.5413406491279602,True
763540.119197,408,64,763539.9888695,148.09949998743832,1.4653426519713912,0.5803927183151245,0.5392496585845947,0.5803927183151245,0.5392496585845947,True
763540.15168,409,64,763539.9888695,148.09949998743832,1.4653426519713912,0.5807149410247803,0.537124752998352,0.5807149410247803,0.537124752998352,True
763540.15168,409,65,763540.1410465,218.07400009129196,1.4829143884790155,0.579978883266449,0.5663836598396301,0.579978883266449,0.5663836598396301,True
763540.1802960001,410,65,763540.1410465,218.07400009129196,1.4829143884790155,0.5801270008087158,0.565859854221344,0.5801270008087158,0.565859854221344,True
763540.210665,411,65,763540.1410465,218.07400009129196,1.4829143884790155,0.5798460841178894,0.5667020082473755,0.5798460841178894,0.5667020082473755,True
763540.243521,412,65,763540.1410465,218.07400009129196,1.4829143884790155,0.5798310041427612,0.567678689956665,0.5798310041427612,0.567678689956665,True
763540.2763200001,413,65,763540.1410465,218.07400009129196,1.4829143884790155,0.5810550451278687,0.5684095025062561,0.5810550451278687,0.5684095025062561,True
763540.3104450001,414,65,763540.1410465,218.07400009129196,1.4829143884790155,0.5820440053939819,0.568725049495697,0.5820440053939819,0.568725049495697,True
763540.346687,415,65,763540.1410465,218.07400009129196,1.4829143884790155,0.5820944905281067,0.5687825679779053,0.5820944905281067,0.5687825679779053,True
763540.376154,416,66,763540.3631235,218.042999971658,0.7860650277096851,0.5948063731193542,0.5471919178962708,0.5948063731193542,0.5471919178962708,True
763540.4140410001,417,66,763540.3631235,218.042999971658,0.7860650277096851,0.5947346091270447,0.547173798084259,0.5947346091270447,0.547173798084259,True
763540.449688,418,66,763540.3631235,218.042999971658,0.7860650277096851,0.5947273373603821,0.5474386811256409,0.5947273373603821,0.5474386811256409,True
763540.4872470001,419,66,763540.3631235,218.042999971658,0.7860650277096851,0.5949119329452515,0.5479304790496826,0.5949119329452515,0.5479304790496826,True
763540.520487,420,66,763540.3631235,218.042999971658,0.7860650277096851,0.5952212810516357,0.5481258034706116,0.5952212810516357,0.5481258034706116,True
763540.558086,421,66,763540.3631235,218.042999971658,0.7860650277096851,0.5953441262245178,0.5484708547592163,0.5953441262245178,0.5484708547592163,True
763540.5918960001,422,66,763540.3631235,218.042999971658,0.7860650277096851,0.5948832035064697,0.5482787489891052,0.5948832035064697,0.5482787489891052,True
763540.5918960001,422,67,763540.5849820001,217.87099994253367,0.7829092592350684,0.5881772637367249,0.5448869466781616,0.5881772637367249,0.5448869466781616,True
763540.6263440001,423,67,763540.5849820001,217.87099994253367,0.7829092592350684,0.5880747437477112,0.544720470905304,0.5880747437477112,0.544720470905304,True
763540.659812,424,67,763540.5849820001,217.87099994253367,0.7829092592350684,0.5882384777069092,0.5442454218864441,0.5882384777069092,0.5442454218864441,True
763540.692193,425,67,763540.5849820001,217.87099994253367,0.7829092592350684,0.5877379775047302,0.5439997911453247,0.5877379775047302,0.5439997911453247,True
763540.7255660001,426,67,763540.5849820001,217.87099994253367,0.7829092592350684,0.5872454047203064,0.5438924431800842,0.5872454047203064,0.5438924431800842,True
763540.759907,427,67,763540.5849820001,217.87099994253367,0.7829092592350684,0.5879076719284058,0.5430431365966797,0.5879076719284058,0.5430431365966797,True
763540.808515,428,67,763540.5849820001,217.87099994253367,0.7829092592350684,0.5889520645141602,0.5421470403671265,0.5889520645141602,0.5421470403671265,True
763540.808515,428,68,763540.8068205,158.32899999804795,1.1112706312708402,0.5747751593589783,0.5343782305717468,0.5747751593589783,0.5343782305717468,True
763540.8444000001,429,68,763540.8068205,158.32899999804795,1.1112706312708402,0.5759552717208862,0.5331587195396423,0.5759552717208862,0.5331587195396423,True
763540.8734640001,430,68,763540.8068205,158.32899999804795,1.1112706312708402,0.5767824649810791,0.5319386124610901,0.5767824649810791,0.5319386124610901,True
763540.9071180001,431,68,763540.8068205,158.32899999804795,1.1112706312708402,0.5771783590316772,0.5318015217781067,0.5771783590316772,0.5318015217781067,True
763540.94295,432,68,763540.8068205,158.32899999804795,1.1112706312708402,0.5769787430763245,0.5326483249664307,0.5769787430763245,0.5326483249664307,True
763540.978813,433,68,763540.8068205,158.32899999804795,1.1112706312708402,0.5767663717269897,0.5332915782928467,0.5767663717269897,0.5332915782928467,True
763541.2771200001,442,69,763541.2749025,218.07750000152737,1.475604336210611,0.5584834814071655,0.5172543525695801,0.5584834814071655,0.5172543525695801,True
763541.3083820001,443,69,763541.2749025,218.07750000152737,1.475604336210611,0.5586065649986267,0.5196404457092285,0.5586065649986267,0.5196404457092285,True
763541.346487,444,69,763541.2749025,218.07750000152737,1.475604336210611,0.5597639679908752,0.5208690166473389,0.5597639679908752,0.5208690166473389,True
763541.382231,445,69,763541.2749025,218.07750000152737,1.475604336210611,0.5607064962387085,0.5204724669456482,0.5607064962387085,0.5204724669456482,True
763541.4163070001,446,69,763541.2749025,218.07750000152737,1.475604336210611,0.5606808066368103,0.5192564725875854,0.5606808066368103,0.5192564725875854,True
763541.4509530001,447,69,763541.2749025,218.07750000152737,1.475604336210611,0.5599327683448792,0.5177159905433655,0.5599327683448792,0.5177159905433655,True
763541.485984,448,69,763541.2749025,218.07750000152737,1.475604336210611,0.5587071776390076,0.5164328217506409,0.5587071776390076,0.5164328217506409,True
763541.524483,449,70,763541.512897,168.00149995833635,1.3513841526939234,0.5750356316566467,0.5305042862892151,0.5750356316566467,0.5305042862892151,True
763541.5618050001,450,70,763541.512897,168.00149995833635,1.3513841526939234,0.5756831765174866,0.5307193994522095,0.5756831765174866,0.5307193994522095,True
763541.598216,451,70,763541.512897,168.00149995833635,1.3513841526939234,0.5763493776321411,0.5322472453117371,0.5763493776321411,0.5322472453117371,True
763541.6305600001,452,70,763541.512897,168.00149995833635,1.3513841526939234,0.5754801034927368,0.5351736545562744,0.5754801034927368,0.5351736545562744,True
763541.664022,453,70,763541.512897,168.00149995833635,1.3513841526939234,0.5731276273727417,0.5407904386520386,0.5731276273727417,0.5407904386520386,True
763541.6961780001,454,70,763541.512897,168.00149995833635,1.3513841526939234,0.5721504092216492,0.5457585453987122,0.5721504092216492,0.5457585453987122,True
763541.6961780001,454,71,763541.6849084999,138.10400001239032,1.1576442471848303,0.5755282640457153,0.5168768763542175,0.5755282640457153,0.5168768763542175,True
763541.731842,455,71,763541.6849084999,138.10400001239032,1.1576442471848303,0.5768246054649353,0.5195216536521912,0.5768246054649353,0.5195216536521912,True
763541.7640920001,456,71,763541.6849084999,138.10400001239032,1.1576442471848303,0.5788901448249817,0.5199662446975708,0.5788901448249817,0.5199662446975708,True
763541.7979410001,457,71,763541.6849084999,138.10400001239032,1.1576442471848303,0.5797814130783081,0.5185280442237854,0.5797814130783081,0.5185280442237854,True
763541.832011,458,71,763541.6849084999,138.10400001239032,1.1576442471848303,0.5803364515304565,0.5159697532653809,0.5803364515304565,0.5159697532653809,True
763541.832011,458,72,763541.82693,130.0584999844432,1.3756915543773833,0.5538775324821472,0.489287793636322,0.5538775324821472,0.489287793636322,True
763541.86387,459,72,763541.82693,130.0584999844432,1.3756915543773833,0.5552904605865479,0.48748692870140076,0.5552904605865479,0.48748692870140076,True
763541.899862,460,72,763541.82693,130.0584999844432,1.3756915543773833,0.5569220781326294,0.4861946702003479,0.5569220781326294,0.4861946702003479,True
763541.932795,461,72,763541.82693,130.0584999844432,1.3756915543773833,0.5580330491065979,0.4858740270137787,0.5580330491065979,0.4858740270137787,True
763541.966732,462,72,763541.82693,130.0584999844432,1.3756915543773833,0.5582011342048645,0.4869566261768341,0.5582011342048645,0.4869566261768341,True
763542.267966,471,73,763542.2830085,209.82400001958013,1.4633165094768144,0.47020161151885986,0.336672842502594,0.47020161151885986,0.336672842502594,True
763542.300075,472,73,763542.2830085,209.82400001958013,1.4633165094768144,0.47028660774230957,0.3342587351799011,0.47028660774230957,0.3342587351799011,True
763542.3343730001,473,73,763542.2830085,209.82400001958013,1.4633165094768144,0.47012099623680115,0.33223235607147217,0.47012099623680115,0.33223235607147217,True
763542.368447,474,73,763542.2830085,209.82400001958013,1.4633165094768144,0.4698967933654785,0.33103707432746887,0.4698967933654785,0.33103707432746887,True
763542.4075180001,475,73,763542.2830085,209.82400001958013,1.4633165094768144,0.4700762927532196,0.3292423188686371,0.4700762927532196,0.3292423188686371,True
763542.44134,476,73,763542.2830085,209.82400001958013,1.4633165094768144,0.4698885679244995,0.32707667350769043,0.4698885679244995,0.32707667350769043,True
763542.4773810001,477,73,763542.2830085,209.82400001958013,1.4633165094768144,0.4695274531841278,0.3244748115539551,0.4695274531841278,0.3244748115539551,True
763542.5130210001,478,74,763542.4968595,92.19950006809086,1.2509082844458896,0.4561285972595215,0.32645565271377563,0.4561285972595215,0.32645565271377563,True
763542.5446,479,74,763542.4968595,92.19950006809086,1.2509082844458896,0.45619264245033264,0.3243091106414795,0.45619264245033264,0.3243091106414795,True
763542.582872,480,74,763542.4968595,92.19950006809086,1.2509082844458896,0.45589032769203186,0.32311302423477173,0.45589032769203186,0.32311302423477173,True
763542.6808320001,483,75,763542.6671835,99.65999994892627,1.4404828809758852,0.4570175111293793,0.29428669810295105,0.4570175111293793,0.29428669810295105,True
763542.7091630001,484,75,763542.6671835,99.65999994892627,1.4404828809758852,0.45674359798431396,0.29327642917633057,0.45674359798431396,0.29327642917633057,True
763542.739397,485,75,763542.6671835,99.65999994892627,1.4404828809758852,0.45612239837646484,0.29248717427253723,0.45612239837646484,0.29248717427253723,True
763542.7684630001,486,75,763542.6671835,99.65999994892627,1.4404828809758852,0.4560944736003876,0.291702538728714,0.4560944736003876,0.291702538728714,True
763542.7684630001,486,76,763542.7709405001,198.06249998509884,1.413620975390549,0.47481024265289307,0.2941625714302063,0.47481024265289307,0.2941625714302063,True
763542.8041650001,487,76,763542.7709405001,198.06249998509884,1.413620975390549,0.4750419855117798,0.29288941621780396,0.4750419855117798,0.29288941621780396,True
763542.842775,488,76,763542.7709405001,198.06249998509884,1.413620975390549,0.4747578501701355,0.29159799218177795,0.4747578501701355,0.29159799218177795,True
763542.872859,489,76,763542.7709405001,198.06249998509884,1.413620975390549,0.47421547770500183,0.2898734211921692,0.47421547770500183,0.2898734211921692,True
763542.904952,490,76,763542.7709405001,198.06249998509884,1.413620975390549,0.47447335720062256,0.2885657846927643,0.47447335720062256,0.2885657846927643,True
763542.9410260001,491,76,763542.7709405001,198.06249998509884,1.413620975390549,0.47515538334846497,0.28781452775001526,0.47515538334846497,0.28781452775001526,True
763542.9735910001,492,76,763542.7709405001,198.06249998509884,1.413620975390549,0.4755050837993622,0.2874514162540436,0.4755050837993622,0.2874514162540436,True
763542.9735910001,492,77,763542.973066,218.06199988350272,1.1393398906139052,0.464592844247818,0.32347092032432556,0.464592844247818,0.32347092032432556,True
763543.025064,493,77,763542.973066,218.06199988350272,1.1393398906139052,0.46508336067199707,0.3233962655067444,0.46508336067199707,0.3233962655067444,True
763543.065793,494,77,763542.973066,218.06199988350272,1.1393398906139052,0.4658011794090271,0.3228478729724884,0.4658011794090271,0.3228478729724884,True
763543.117424,495,77,763542.973066,218.06199988350272,1.1393398906139052,0.4655078053474426,0.3209517002105713,0.4655078053474426,0.3209517002105713,True
763543.1552380001,496,77,763542.973066,218.06199988350272,1.1393398906139052,0.4650196135044098,0.3202928602695465,0.4650196135044098,0.3202928602695465,True
763543.185886,497,77,763542.973066,218.06199988350272,1.1393398906139052,0.46499356627464294,0.31957265734672546,0.46499356627464294,0.31957265734672546,True
763543.185886,497,78,763543.195035,217.90750010404736,1.486946664464056,0.4501814842224121,0.32196030020713806,0.4501814842224121,0.32196030020713806,True
763543.21525,498,78,763543.195035,217.90750010404736,1.486946664464056,0.45011040568351746,0.32146719098091125,0.45011040568351746,0.32146719098091125,True
763543.2463390001,499,78,763543.195035,217.90750010404736,1.486946664464056,0.45003679394721985,0.3207968771457672,0.45003679394721985,0.3207968771457672,True
763543.2781280001,500,78,763543.195035,217.90750010404736,1.486946664464056,0.450116902589798,0.3194156289100647,0.450116902589798,0.3194156289100647,True
763543.311437,501,78,763543.195035,217.90750010404736,1.486946664464056,0.4502652585506439,0.31852686405181885,0.4502652585506439,0.31852686405181885,True
763543.34224,502,78,763543.195035,217.90750010404736,1.486946664464056,0.44993993639945984,0.3184657692909241,0.44993993639945984,0.3184657692909241,True
763543.3788310001,503,78,763543.195035,217.90750010404736,1.486946664464056,0.4496639370918274,0.3185831308364868,0.4496639370918274,0.3185831308364868,True
763543.4147170001,504,78,763543.195035,217.90750010404736,1.486946664464056,0.4495846629142761,0.3174118399620056,0.4495846629142761,0.3174118399620056,True
763543.4147170001,504,79,763543.4169930001,119.87499985843897,1.492816611917997,0.46665990352630615,0.3284861743450165,0.46665990352630615,0.3284861743450165,True
763543.450987,505,79,763543.4169930001,119.87499985843897,1.492816611917997,0.46630367636680603,0.3264676630496979,0.46630367636680603,0.3264676630496979,True
763543.486964,506,79,763543.4169930001,119.87499985843897,1.492816611917997,0.4658735394477844,0.3254104256629944,0.4658735394477844,0.3254104256629944,True
763543.5228080001,507,79,763543.4169930001,119.87499985843897,1.492816611917997,0.4661013185977936,0.32393014430999756,0.4661013185977936,0.32393014430999756,True
763543.553789,508,80,763543.540898,126.82999996468425,1.4221005450436077,0.47649967670440674,0.3188651502132416,0.47649967670440674,0.3188651502132416,True
763543.5853050001,509,80,763543.540898,126.82999996468425,1.4221005450436077,0.4758909344673157,0.31968748569488525,0.4758909344673157,0.31968748569488525,True
763543.608382,510,80,763543.540898,126.82999996468425,1.4221005450436077,0.47585272789001465,0.32086804509162903,0.47585272789001465,0.32086804509162903,True
763543.640369,511,80,763543.540898,126.82999996468425,1.4221005450436077,0.4768688380718231,0.3217105269432068,0.4768688380718231,0.3217105269432068,True
763543.6759390001,512,80,763543.540898,126.82999996468425,1.4221005450436077,0.47793442010879517,0.321794718503952,0.47793442010879517,0.321794718503952,True
763543.6759390001,512,81,763543.6717224999,197.45650002732873,1.3273317080912208,0.46599429845809937,0.31235551834106445,0.46599429845809937,0.31235551834106445,True
763543.7083210001,513,81,763543.6717224999,197.45650002732873,1.3273317080912208,0.4662647843360901,0.31148630380630493,0.4662647843360901,0.31148630380630493,True
763543.741567,514,81,763543.6717224999,197.45650002732873,1.3273317080912208,0.4662420451641083,0.3103448450565338,0.4662420451641083,0.3103448450565338,True
763543.7767950001,515,81,763543.6717224999,197.45650002732873,1.3273317080912208,0.4663538932800293,0.3094478249549866,0.4663538932800293,0.3094478249549866,True
763543.810734,516,81,763543.6717224999,197.45650002732873,1.3273317080912208,0.46645137667655945,0.30830472707748413,0.46645137667655945,0.30830472707748413,True
763543.8464240001,517,81,763543.6717224999,197.45650002732873,1.3273317080912208,0.46592360734939575,0.30741262435913086,0.46592360734939575,0.30741262435913086,True
763543.87756,518,81,763543.6717224999,197.45650002732873,1.3273317080912208,0.4656176269054413,0.30724626779556274,0.4656176269054413,0.30724626779556274,True
763544.2475050001,529,82,763544.233022,144.2795000039041,1.3724213415141646,0.5172366499900818,0.31995537877082825,0.5172366499900818,0.31995537877082825,True
763544.278362,530,82,763544.233022,144.2795000039041,1.3724213415141646,0.5176278948783875,0.3203657269477844,0.5176278948783875,0.3203657269477844,True
763544.3121000001,531,82,763544.233022,144.2795000039041,1.3724213415141646,0.517880916595459,0.32077276706695557,0.517880916595459,0.32077276706695557,True
763544.345483,532,82,763544.233022,144.2795000039041,1.3724213415141646,0.5178734660148621,0.32157883048057556,0.5178734660148621,0.32157883048057556,True
763544.385524,533,82,763544.233022,144.2795000039041,1.3724213415141646,0.5179699659347534,0.32216793298721313,0.5179699659347534,0.32216793298721313,True
763544.385524,533,83,763544.3810395,201.83550007641315,1.327397096111228,0.4818704128265381,0.3347529172897339,0.4818704128265381,0.3347529172897339,True
763544.420674,534,83,763544.3810395,201.83550007641315,1.327397096111228,0.4822496175765991,0.3350345194339752,0.4822496175765991,0.3350345194339752,True
763544.4580420001,535,83,763544.3810395,201.83550007641315,1.327397096111228,0.48273488879203796,0.3357890546321869,0.48273488879203796,0.3357890546321869,True
763544.487423,536,83,763544.3810395,201.83550007641315,1.327397096111228,0.4828624427318573,0.3369411528110504,0.4828624427318573,0.3369411528110504,True
763544.518961,537,83,763544.3810395,201.83550007641315,1.327397096111228,0.4829314947128296,0.3377143442630768,0.4829314947128296,0.3377143442630768,True
763544.550869,538,83,763544.3810395,201.83550007641315,1.327397096111228,0.48328617215156555,0.3377697467803955,0.48328617215156555,0.3377697467803955,True
763544.5913130001,539,83,763544.3810395,201.83550007641315,1.327397096111228,0.48386263847351074,0.3372361361980438,0.48386263847351074,0.3372361361980438,True
763544.6667350001,541,84,763544.6769264999,143.9630000386387,1.3767424289812353,0.4705703854560852,0.269318163394928,0.4705703854560852,0.269318163394928,True
763544.701021,542,84,763544.6769264999,143.9630000386387,1.3767424289812353,0.47040027379989624,0.2698180675506592,0.47040027379989624,0.2698180675506592,True
763544.732357,543,84,763544.6769264999,143.9630000386387,1.3767424289812353,0.4711150527000427,0.26990556716918945,0.4711150527000427,0.26990556716918945,True
763544.754024,544,84,763544.6769264999,143.9630000386387,1.3767424289812353,0.4712851047515869,0.2698599100112915,0.4712851047515869,0.2698599100112915,True
763544.7835980001,545,84,763544.6769264999,143.9630000386387,1.3767424289812353,0.4705299139022827,0.26967597007751465,0.4705299139022827,0.26967597007751465,True
763544.815681,546,84,763544.6769264999,143.9630000386387,1.3767424289812353,0.4699940085411072,0.269563764333725,0.4699940085411072,0.269563764333725,True
763544.815681,546,85,763544.8248294999,174.08250004518777,1.4474120957041998,0.48622462153434753,0.2945886552333832,0.48622462153434753,0.2945886552333832,True
763544.848769,547,85,763544.8248294999,174.08250004518777,1.4474120957041998,0.4864654242992401,0.2947620451450348,0.4864654242992401,0.2947620451450348,True
763544.8811080001,548,85,763544.8248294999,174.08250004518777,1.4474120957041998,0.48661038279533386,0.29546311497688293,0.48661038279533386,0.29546311497688293,True
763544.914475,549,85,763544.8248294999,174.08250004518777,1.4474120957041998,0.48676344752311707,0.2963036894798279,0.48676344752311707,0.2963036894798279,True
763544.948666,550,85,763544.8248294999,174.08250004518777,1.4474120957041998,0.48712754249572754,0.29592013359069824,0.48712754249572754,0.29592013359069824,True
763544.980448,551,85,763544.8248294999,174.08250004518777,1.4474120957041998,0.4871280789375305,0.2951472997665405,0.4871280789375305,0.2951472997665405,True
763545.0161730001,552,85,763544.8248294999,174.08250004518777,1.4474120957041998,0.48672592639923096,0.29430800676345825,0.48672592639923096,0.29430800676345825,True
763545.0161730001,552,86,763545.002943,91.97700000368059,1.4860953891850783,0.47119221091270447,0.3392685353755951,0.47119221091270447,0.3392685353755951,True
763545.0481060001,553,86,763545.002943,91.97700000368059,1.4860953891850783,0.4711623787879944,0.33830583095550537,0.4711623787879944,0.33830583095550537,True
763545.07998,554,86,763545.002943,91.97700000368059,1.4860953891850783,0.4715416133403778,0.3374713361263275,0.4715416133403778,0.3374713361263275,True
763545.226246,558,87,763545.2133114999,123.72550007421523,1.4945208395831184,0.5015444755554199,-0.03824441507458687,0.5015444755554199,-0.03824441507458687,False
763545.259608,559,87,763545.2133114999,123.72550007421523,1.4945208395831184,0.5020082592964172,-0.03746657446026802,0.5020082592964172,-0.03746657446026802,False
763545.297476,560,87,763545.2133114999,123.72550007421523,1.4945208395831184,0.502519428730011,-0.03718838468194008,0.502519428730011,-0.03718838468194008,False
763545.335483,561,87,763545.2133114999,123.72550007421523,1.4945208395831184,0.5031459331512451,-0.03787646442651749,0.5031459331512451,-0.03787646442651749,False
763545.4523710001,564,88,763545.4490004999,215.9675001166761,1.0125548823468065,0.4041418731212616,-0.04851071536540985,0.4041418731212616,-0.04851071536540985,False
763545.48909,565,88,763545.4490004999,215.9675001166761,1.0125548823468065,0.4045264422893524,-0.049704037606716156,0.4045264422893524,-0.049704037606716156,False
763545.521805,566,88,763545.4490004999,215.9675001166761,1.0125548823468065,0.40426209568977356,-0.050518251955509186,0.40426209568977356,-0.050518251955509186,False
763545.5554030001,567,88,763545.4490004999,215.9675001166761,1.0125548823468065,0.4038468599319458,-0.05135713890194893,0.4038468599319458,-0.05135713890194893,False
763545.594734,568,88,763545.4490004999,215.9675001166761,1.0125548823468065,0.4038233160972595,-0.05147271603345871,0.4038233160972595,-0.05147271603345871,False
763545.6331420001,569,88,763545.4490004999,215.9675001166761,1.0125548823468065,0.4037056565284729,-0.050469737499952316,0.4037056565284729,-0.050469737499952316,False
763545.6756440001,570,88,763545.4490004999,215.9675001166761,1.0125548823468065,0.40340518951416016,-0.04888617619872093,0.40340518951416016,-0.04888617619872093,False
763545.6756440001,570,89,763545.6693424999,136.1925001256168,1.0344647428171496,0.3984992206096649,-0.04235491156578064,0.3984992206096649,-0.04235491156578064,False
763545.717209,571,89,763545.6693424999,136.1925001256168,1.0344647428171496,0.39851850271224976,-0.041050635278224945,0.39851850271224976,-0.041050635278224945,False
763545.7564160001,572,89,763545.6693424999,136.1925001256168,1.0344647428171496,0.3977639973163605,-0.04127507656812668,0.3977639973163605,-0.04127507656812668,False
763545.798588,573,89,763545.6693424999,136.1925001256168,1.0344647428171496,0.39681315422058105,-0.04194192960858345,0.39681315422058105,-0.04194192960858345,False
763545.911862,576,90,763545.9011745,219.939999980852,1.1737006282759175,0.5609720945358276,-0.06764224916696548,0.5609720945358276,-0.06764224916696548,False
763545.9473260001,577,90,763545.9011745,219.939999980852,1.1737006282759175,0.5600709915161133,-0.0666278824210167,0.5600709915161133,-0.0666278824210167,False
763545.981019,578,90,763545.9011745,219.939999980852,1.1737006282759175,0.5599101185798645,-0.06466018408536911,0.5599101185798645,-0.06466018408536911,False
763546.0185740001,579,90,763545.9011745,219.939999980852,1.1737006282759175,0.5599778294563293,-0.06270699948072433,0.5599778294563293,-0.06270699948072433,False
763546.059356,580,90,763545.9011745,219.939999980852,1.1737006282759175,0.560022234916687,-0.061580173671245575,0.560022234916687,-0.061580173671245575,False
763546.09568,581,90,763545.9011745,219.939999980852,1.1737006282759175,0.5597209930419922,-0.06104723736643791,0.5597209930419922,-0.06104723736643791,False
763546.146545,582,90,763545.9011745,219.939999980852,1.1737006282759175,0.5590772032737732,-0.05900193378329277,0.5590772032737732,-0.05900193378329277,False
763546.1906590001,583,91,763546.1691685,167.8735000314191,1.4767286944448423,0.5763083100318909,-0.047207899391651154,0.5763083100318909,-0.047207899391651154,False
763546.23692,584,91,763546.1691685,167.8735000314191,1.4767286944448423,0.5764182209968567,-0.046740904450416565,0.5764182209968567,-0.046740904450416565,False
763546.2779770001,585,91,763546.1691685,167.8735000314191,1.4767286944448423,0.5758744478225708,-0.04560988023877144,0.5758744478225708,-0.04560988023877144,False
763546.316187,586,91,763546.1691685,167.8735000314191,1.4767286944448423,0.5751323699951172,-0.04554133489727974,0.5751323699951172,-0.04554133489727974,False
763546.352561,587,91,763546.1691685,167.8735000314191,1.4767286944448423,0.5747865438461304,-0.04464628919959068,0.5747865438461304,-0.04464628919959068,False
763546.352561,587,92,763546.3410265,134.1885000001639,1.2832089871476764,0.5590537190437317,-0.07348538190126419,0.5590537190437317,-0.07348538190126419,False
763546.393531,588,92,763546.3410265,134.1885000001639,1.2832089871476764,0.5593447089195251,-0.07043945044279099,0.5593447089195251,-0.07043945044279099,False
763546.425521,589,92,763546.3410265,134.1885000001639,1.2832089871476764,0.5599611401557922,-0.06922521442174911,0.5599611401557922,-0.06922521442174911,False
763546.456719,590,92,763546.3410265,134.1885000001639,1.2832089871476764,0.5604858994483948,-0.0679582729935646,0.5604858994483948,-0.0679582729935646,False
763546.4886350001,591,92,763546.3410265,134.1885000001639,1.2832089871476764,0.5604212284088135,-0.06634978950023651,0.5604212284088135,-0.06634978950023651,False
763546.4886350001,591,93,763546.4792045,217.93150005396456,1.3377935486993235,0.550277590751648,-0.07941488176584244,0.550277590751648,-0.07941488176584244,False
763546.5242440001,592,93,763546.4792045,217.93150005396456,1.3377935486993235,0.5498607754707336,-0.07832760363817215,0.5498607754707336,-0.07832760363817215,False
763546.573619,593,93,763546.4792045,217.93150005396456,1.3377935486993235,0.5494371056556702,-0.07780130952596664,0.5494371056556702,-0.07780130952596664,False
763546.6149660001,594,93,763546.4792045,217.93150005396456,1.3377935486993235,0.5491663217544556,-0.07642216980457306,0.5491663217544556,-0.07642216980457306,False
763546.653153,595,93,763546.4792045,217.93150005396456,1.3377935486993235,0.5487557649612427,-0.07444261014461517,0.5487557649612427,-0.07444261014461517,False
763546.702779,596,93,763546.4792045,217.93150005396456,1.3377935486993235,0.5503348708152771,-0.0736420750617981,0.5503348708152771,-0.0736420750617981,False
763546.702779,596,94,763546.7052745,185.66499999724329,1.495158103897392,0.5553230047225952,-0.031523797661066055,0.5553230047225952,-0.031523797661066055,False
763546.7405610001,597,94,763546.7052745,185.66499999724329,1.495158103897392,0.5566918849945068,-0.030418599024415016,0.5566918849945068,-0.030418599024415016,False
763546.778161,598,94,763546.7052745,185.66499999724329,1.495158103897392,0.556755781173706,-0.02904510498046875,0.556755781173706,-0.02904510498046875,False
763546.8132140001,599,94,763546.7052745,185.66499999724329,1.495158103897392,0.5559156537055969,-0.029104867950081825,0.5559156537055969,-0.029104867950081825,False
763546.847242,600,94,763546.7052745,185.66499999724329,1.495158103897392,0.5554479956626892,-0.02885940857231617,0.5554479956626892,-0.02885940857231617,False
763546.8778570001,601,94,763546.7052745,185.66499999724329,1.495158103897392,0.5552505850791931,-0.028461942449212074,0.5552505850791931,-0.028461942449212074,False
763546.909937,602,95,763546.894847,218.0800000205636,1.1557950796593497,0.5838977694511414,-0.03478270024061203,0.5838977694511414,-0.03478270024061203,False
763546.941645,603,95,763546.894847,218.0800000205636,1.1557950796593497,0.5839164853096008,-0.03512221574783325,0.5839164853096008,-0.03512221574783325,False
763546.975388,604,95,763546.894847,218.0800000205636,1.1557950796593497,0.5837522149085999,-0.03650650754570961,0.5837522149085999,-0.03650650754570961,False
763547.0153470001,605,95,763546.894847,218.0800000205636,1.1557950796593497,0.5836353302001953,-0.03776588290929794,0.5836353302001953,-0.03776588290929794,False
763547.052256,606,95,763546.894847,218.0800000205636,1.1557950796593497,0.5830008387565613,-0.03916424885392189,0.5830008387565613,-0.03916424885392189,False
763547.10485,607,95,763546.894847,218.0800000205636,1.1557950796593497,0.5810235738754272,-0.040593113750219345,0.5810235738754272,-0.040593113750219345,False
763547.10485,607,96,763547.1169725,217.94100000988692,1.0658154988860649,0.5542353391647339,-0.06811392307281494,0.5542353391647339,-0.06811392307281494,False
763547.146421,608,96,763547.1169725,217.94100000988692,1.0658154988860649,0.5532964468002319,-0.06764033436775208,0.5532964468002319,-0.06764033436775208,False
763547.185917,609,96,763547.1169725,217.94100000988692,1.0658154988860649,0.5534461736679077,-0.06703349202871323,0.5534461736679077,-0.06703349202871323,False
763547.2268970001,610,96,763547.1169725,217.94100000988692,1.0658154988860649,0.5540730357170105,-0.0672808438539505,0.5540730357170105,-0.0672808438539505,False
763547.269621,611,96,763547.1169725,217.94100000988692,1.0658154988860649,0.5560734272003174,-0.06742078065872192,0.5560734272003174,-0.06742078065872192,False
763547.316447,612,96,763547.1169725,217.94100000988692,1.0658154988860649,0.5572906732559204,-0.0675382986664772,0.5572906732559204,-0.0675382986664772,False
763547.3551840001,613,97,763547.3383239999,194.5945001207292,1.329548241278549,0.548795223236084,-0.0525331124663353,0.548795223236084,-0.0525331124663353,False
763547.3925760001,614,97,763547.3383239999,194.5945001207292,1.329548241278549,0.5485215187072754,-0.04988482594490051,0.5485215187072754,-0.04988482594490051,False
763547.428684,615,97,763547.3383239999,194.5945001207292,1.329548241278549,0.5482313632965088,-0.04984540864825249,0.5482313632965088,-0.04984540864825249,False
763547.4643910001,616,97,763547.3383239999,194.5945001207292,1.329548241278549,0.5482345819473267,-0.051250845193862915,0.5482345819473267,-0.051250845193862915,False
763547.499437,617,97,763547.3383239999,194.5945001207292,1.329548241278549,0.548730194568634,-0.05406847968697548,0.548730194568634,-0.05406847968697548,False
763547.536434,618,97,763547.3383239999,194.5945001207292,1.329548241278549,0.5488305687904358,-0.056629862636327744,0.5488305687904358,-0.056629862636327744,False
763547.759601,623,98,763547.7374105,211.43950009718537,1.4939843271715378,0.5052050948143005,0.08850865811109543,0.5052050948143005,0.08850865811109543,True
763547.7915170001,624,98,763547.7374105,211.43950009718537,1.4939843271715378,0.5050415992736816,0.08846032619476318,0.5050415992736816,0.08846032619476318,True
763547.8209350001,625,98,763547.7374105,211.43950009718537,1.4939843271715378,0.5049965977668762,0.08886698633432388,0.5049965977668762,0.08886698633432388,True
763547.8528760001,626,98,763547.7374105,211.43950009718537,1.4939843271715378,0.5047860741615295,0.09014429897069931,0.5047860741615295,0.09014429897069931,True
763547.8856540001,627,98,763547.7374105,211.43950009718537,1.4939843271715378,0.50452721118927,0.0923469066619873,0.50452721118927,0.0923469066619873,True
763547.9190740001,628,98,763547.7374105,211.43950009718537,1.4939843271715378,0.5042383074760437,0.09397182613611221,0.5042383074760437,0.09397182613611221,True
763547.955057,629,98,763547.7374105,211.43950009718537,1.4939843271715378,0.5040132403373718,0.09395831823348999,0.5040132403373718,0.09395831823348999,True
763547.955057,629,99,763547.952943,96.2689999723807,1.300968394686356,0.5058079361915588,0.05832304060459137,0.5058079361915588,0.05832304060459137,True
763547.9998150001,630,99,763547.952943,96.2689999723807,1.300968394686356,0.5051633715629578,0.05703718587756157,0.5051633715629578,0.05703718587756157,True
763548.041221,631,99,763547.952943,96.2689999723807,1.300968394686356,0.5046453475952148,0.05742374807596207,0.5046453475952148,0.05742374807596207,True
763548.041221,631,100,763548.0533135,139.7309999447316,1.4574891832107406,0.5110782384872437,0.0052037471905350685,0.5110782384872437,0.0052037471905350685,True
763548.082319,632,100,763548.0533135,139.7309999447316,1.4574891832107406,0.5104714632034302,0.00681369798257947,0.5104714632034302,0.00681369798257947,True
763548.123639,633,100,763548.0533135,139.7309999447316,1.4574891832107406,0.5096766352653503,0.009005852974951267,0.5096766352653503,0.009005852974951267,True
763548.174814,634,100,763548.0533135,139.7309999447316,1.4574891832107406,0.5081040263175964,0.010660962201654911,0.5081040263175964,0.010660962201654911,True
763548.6587820001,647,101,763548.653134,205.90199995785952,1.3850938758399947,0.046474821865558624,0.33185875415802,0.046474821865558624,0.33185875415802,True
763548.6897300001,648,101,763548.653134,205.90199995785952,1.3850938758399947,0.0450211800634861,0.3323896527290344,0.0450211800634861,0.3323896527290344,True
763548.718494,649,101,763548.653134,205.90199995785952,1.3850938758399947,0.04598866403102875,0.33387112617492676,0.04598866403102875,0.33387112617492676,True
763548.7482860001,650,101,763548.653134,205.90199995785952,1.3850938758399947,0.04679831117391586,0.33524224162101746,0.04679831117391586,0.33524224162101746,True
763548.777443,651,101,763548.653134,205.90199995785952,1.3850938758399947,0.046956829726696014,0.335612416267395,0.046956829726696014,0.335612416267395,True
763548.8087520001,652,101,763548.653134,205.90199995785952,1.3850938758399947,0.04815973341464996,0.33491089940071106,0.04815973341464996,0.33491089940071106,True
763548.8386550001,653,101,763548.653134,205.90199995785952,1.3850938758399947,0.050708625465631485,0.3327656686306,0.050708625465631485,0.3327656686306,True
763548.8706070001,654,101,763548.653134,205.90199995785952,1.3850938758399947,0.05320572480559349,0.3308855891227722,0.05320572480559349,0.3308855891227722,True
763548.8706070001,654,102,763548.863,146.15599997341633,1.3032656878825108,0.047265633940696716,0.2804834246635437,0.047265633940696716,0.2804834246635437,True
763548.9091960001,655,102,763548.863,146.15599997341633,1.3032656878825108,0.04894359037280083,0.27907654643058777,0.04894359037280083,0.27907654643058777,True
763548.9489770001,656,102,763548.863,146.15599997341633,1.3032656878825108,0.04999334737658501,0.27860814332962036,0.04999334737658501,0.27860814332962036,True
763548.989425,657,102,763548.863,146.15599997341633,1.3032656878825108,0.050734568387269974,0.27904385328292847,0.050734568387269974,0.27904385328292847,True
763549.026747,658,102,763548.863,146.15599997341633,1.3032656878825108,0.05142722278833389,0.2798280715942383,0.05142722278833389,0.2798280715942383,True
763549.026747,658,103,763549.028974,124.14750002790242,1.4452542143755966,0.038436178117990494,0.4146338701248169,0.038436178117990494,0.4146338701248169,True
763549.0625440001,659,103,763549.028974,124.14750002790242,1.4452542143755966,0.03986603021621704,0.41519680619239807,0.03986603021621704,0.41519680619239807,True
763549.1014080001,660,103,763549.028974,124.14750002790242,1.4452542143755966,0.04214605316519737,0.4142214357852936,0.04214605316519737,0.4142214357852936,True
763549.141591,661,103,763549.028974,124.14750002790242,1.4452542143755966,0.04693340137600899,0.4099624752998352,0.04693340137600899,0.4099624752998352,True
763549.141591,661,104,763549.157424,97.44349995162338,1.408482508374038,0.07473853975534439,0.4271068274974823,0.07473853975534439,0.4271068274974823,True
763549.1805530001,662,104,763549.157424,97.44349995162338,1.408482508374038,0.07727443426847458,0.4253975450992584,0.07727443426847458,0.4253975450992584,True
763549.215417,663,104,763549.157424,97.44349995162338,1.408482508374038,0.07949875295162201,0.4255909025669098,0.07949875295162201,0.4255909025669098,True
763549.2482520001,664,104,763549.157424,97.44349995162338,1.408482508374038,0.08056477457284927,0.42756107449531555,0.08056477457284927,0.42756107449531555,True
763549.2482520001,664,105,763549.258806,110.29250000137836,1.3833521148811327,0.03522500768303871,0.4266076982021332,0.03522500768303871,0.4266076982021332,True
763549.280994,665,105,763549.258806,110.29250000137836,1.3833521148811327,0.035243481397628784,0.42881861329078674,0.035243481397628784,0.42881861329078674,True
763549.313822,666,105,763549.258806,110.29250000137836,1.3833521148811327,0.03565526008605957,0.4301149249076843,0.03565526008605957,0.4301149249076843,True
763549.3470940001,667,105,763549.258806,110.29250000137836,1.3833521148811327,0.036852482706308365,0.43066462874412537,0.036852482706308365,0.43066462874412537,True
763549.38662,668,105,763549.258806,110.29250000137836,1.3833521148811327,0.038163792341947556,0.43123653531074524,0.038163792341947556,0.43123653531074524,True
