id_participant,id_pan,somme_pixel,somme_norm
1,0,518.3091898541327,0.5106494481321504
1,1,1075.5003477271766,0.7737412573576811
1,2,1246.464954751874,0.8315309904949126
1,3,949.1610338466242,0.4316330303986467
1,4,1689.642887360093,0.40181757131036694
1,5,1804.068236875368,0.3848268423368959
1,6,2831.057101820478,0.7082954970779279
1,7,89.52346333062675,0.22380865832656688
1,8,1147.5215874918185,0.425165464057732
1,9,2434.5710396757913,0.4966485189057102
1,10,1828.0750051831294,0.4939408282040339
1,11,66.22915367685071,0.22681217012620108
1,12,124.71617205679374,0.4157205735226458
1,13,99.24802762450884,0.16568952858849556
1,14,1076.8405307151456,0.7615562452016589
1,15,44.67658965896372,0.15405720572056456
1,16,986.9948864140706,0.8224957386783922
1,17,2101.009996628836,0.7781518506032725
1,18,86.45631644535698,0.8732961257106765
1,19,2753.4198383376643,0.5097981555892731
1,20,178.1507001425722,0.25450100020367455
1,21,922.0295018290147,0.28858513359280585
1,22,166.15732317350793,0.33165134365969645
1,23,2696.7444141270516,0.6270040488553945
1,24,197.21800480684732,0.3297959946602798
1,25,842.9525386467454,0.8429525386467455
1,26,1395.2187173618315,2.00174851845313
1,27,210.4748664349671,0.7039293191804921
1,28,1754.4973759996285,0.8382691715239505
1,29,593.6192667786202,0.39574617785241345
1,30,79.81036828384664,0.40105712705450575
1,31,307.504966261828,0.27980433690794176
1,32,427.0296238681463,0.3885619871411704
1,33,103.90604988985586,0.3452028235543384
1,34,363.5494913599381,0.39732184848080665
1,35,424.69032061700096,0.42469032061700096
1,36,716.5940175154891,0.39810778750860504
1,37,267.978855924892,0.334973569906115
1,38,50.94469782661496,0.2547234891330748
1,39,790.2897970320598,0.8780997744800665
1,40,336.01514077936827,0.37293578332893257
1,41,381.4961171886735,0.2961926375688459
1,42,3476.370830031835,0.7239422803065045
1,43,258.93499713813253,0.44186859579886095
1,44,7615.106141854191,0.7050371393254505
1,45,180.80869676991713,0.3660095076314112
1,46,735.9868237065928,0.8177631374517698
1,47,4470.248571907594,0.5079827922622265
1,48,186.57363689663677,0.2665337669951954
1,49,118.98470048573486,0.20304556396883083
1,50,1060.3087519746423,0.5580572378813907
1,51,934.2694546897397,0.8493358678997635
1,52,269.35132173282443,0.2992792463698049
1,53,223.1951527468826,0.2786456338912392
1,54,2737.181479191479,0.5951688365278276
1,55,871.6604201656526,0.7269895080614284
1,56,477.59274880343264,1.586686873101105
1,57,672.1820136878813,0.6728548685564377
1,58,816.3274132640232,0.627461501355898
1,59,86.1143414293106,0.2860941575724605
1,60,2155.9290033060493,0.6161557597330807
1,61,844.5118310241811,0.46891273238433157
1,62,53.81047324038439,0.2745432308182877
10,0,1224.241485071916,0.6142706899507858
10,1,496.3016216677208,0.7069823670480353
10,2,127.17014721013403,0.18167163887162005
10,3,1602.8319007526673,0.3643627871681444
10,4,463.8836774662356,0.6636390235568463
10,5,511.1934187820185,0.3651381562728704
10,6,653.852508697585,0.3269262543487925
10,7,256.3338539882478,0.4279363171757059
10,8,770.1690935303006,1.124334443109928
10,9,137.28319787328704,1.460459551843479
10,10,413.9859378496495,0.34788734273079785
10,11,362.3127512960486,0.9126265775719108
10,12,55.48585429817841,0.09247642383029735
10,13,864.1645446832215,0.7863189669547056
10,14,738.9882961231715,0.9248914845096013
10,15,4143.633614616476,0.5599504884616859
10,16,1370.3032971525065,0.6265675798593994
10,17,674.572536521834,1.1242875608697234
10,18,486.23554349817965,0.6077944293727245
10,19,118.21113894059545,0.5910556947029773
10,20,111.35591415956637,0.11157907230417471
10,21,127.7636626154633,0.2607421686029863
10,22,743.8930184685751,1.239821697447625
10,23,1343.6227057604567,0.6721474265935251
10,24,132.39372424864985,0.26964098624979604
10,25,160.44891930692222,0.14666263190760714
10,26,173.3307568797531,0.5739429035753414
10,27,622.9485829126642,0.5135602497218995
10,28,1324.9161399511822,0.4908914931275221
10,29,48.859316810400216,0.2518521485072176
10,30,1083.0743436486193,0.6033840354588409
10,31,188.3332358311713,0.23659954250147147
10,32,1362.2172841176982,0.6191896745989537
10,33,383.0143433685375,1.9150717168426874
10,34,43.24480815945567,0.14367045900151387
10,35,141.3673582545176,0.17693036076910837
10,36,373.2532718044477,0.3110443931703731
10,37,281.5002404625991,0.4027185128220302
10,38,177.211184062735,0.4430279601568375
10,39,1254.5143037093735,0.9044803920038742
10,40,173.4455831519388,0.2453261430720492
10,41,105.84893250788534,0.5319041834567102
10,42,1114.1595833708839,0.6189775463171577
10,43,407.6134245057353,0.3399611547170436
10,44,629.6853275050065,0.419790218336671
10,45,651.1677897612927,0.9302396996589897
10,46,1717.7936702511943,1.2287508370895524
10,47,206.1115947428271,0.42409793156960307
10,48,262.9886332746875,0.8766287775822917
10,49,37.95730410702031,0.12652434702340104
10,50,467.65950671424673,0.31177300447616446
10,51,1183.3936523732493,0.4733574609492997
10,52,1803.4887690729136,0.5304378732567393
10,53,2554.1231212287053,0.5678352870672978
10,54,366.647786647741,0.36738255175124346
10,55,190.43141931680853,0.38316180949056045
10,56,127.69374368827296,0.21246879149463055
10,57,182.63113896773208,0.365994266468401
10,58,678.9941512315635,1.1335461623231444
10,59,867.2178385960572,0.6665778928486219
10,60,4082.538983302974,0.7702903742081083
10,61,2698.245258519572,0.6582691530908934
10,62,142.60612161725885,0.7059708990953408
11,0,1700.772389046152,0.630850292672905
11,1,727.2353359325145,0.6611230326659223
11,2,1380.8193996942202,0.6904096998471101
11,3,169.9362902336335,0.8670218889471097
11,4,173.07480096972884,0.2472497156710412
11,5,1397.4051558464844,0.8701152900663041
11,6,312.39442064296475,0.39245530231528236
11,7,1266.5595900756073,0.5301630766327364
11,8,1807.25794143141,0.502434790500809
11,9,6573.567448043308,0.5926938461854935
11,10,1371.782207028913,0.4288159446792476
11,11,289.06156510292243,0.7208517832990584
11,12,659.6624349437101,0.8245780436796376
11,13,103.1374414278039,1.0211627864139001
11,14,1167.1093563994957,0.259472956069252
11,15,581.7251625606863,0.38807549203514763
11,16,498.5785116878388,0.415482093073199
11,17,329.1593052870945,0.2530048464927706
11,18,451.76207527875886,0.4110664925193438
11,19,1670.1332735501712,0.5220797979212789
11,20,2433.007999999935,0.45064048897942854
11,21,529.0249964969278,0.5279690583801674
11,22,250.45608734663216,0.4099117632514438
11,23,90.54669123096028,0.2263667280774007
11,24,128.6829556144912,0.321707389036228
11,25,1449.3001357861126,0.5367778280689306
11,26,1390.35518550226,0.6319796297737545
11,27,375.6773633158833,0.37605341673261594
11,28,494.65854615101443,0.5490105950621692
11,29,342.6615956928575,0.685323191385715
11,30,2058.449969942187,0.6640161193361894
11,31,1241.6500836499038,0.7299530180187559
11,32,292.02543576767073,0.587576329512416
11,33,196.375545924074,0.39353816818451703
11,34,111.71780892346666,0.15959686989066665
11,35,1897.9073680493048,0.5422592480140871
11,36,44.881596836242785,0.2362189307170673
11,37,4928.998026205061,0.6401296137928651
11,38,97.88810878993907,0.24472027197484766
11,39,81.76824045751289,0.20391082408357328
11,40,65.5988611962242,0.2186628706540807
11,41,973.1555448547567,0.4634074023117889
12,0,523.1047981231246,0.6546993718687417
12,1,54.25471815480086,0.18024823307242813
12,2,245.76939309126345,0.307981695603087
12,3,1160.1341473589641,0.5287758192155716
12,4,1520.261281508038,1.0937131521640562
12,5,644.9327029059529,0.7118462504480716
12,6,0,0.0
12,7,564.5335384297127,0.6272594871441253
12,8,517.5344749349053,0.5113977025048472
12,9,137.41007179008162,0.16964206393837236
12,10,162.12749558600376,0.5404249852866791
12,11,601.8502779675289,0.4629617522827145
12,12,213.39400092535413,0.43109899176839217
12,13,93.8144211957206,0.188382371878957
12,14,85.63607326701732,0.28833694702699436
12,15,69.98507601759536,0.35706671437548654
12,16,173.8155655378392,0.19486049948188253
12,17,59.04145984655825,0.2937386062017823
12,18,1461.3773587824905,0.768741377581531
12,19,158.90518496328946,0.2276578581135952
12,20,144.77774863964098,0.18074625298332206
12,21,488.0762475194607,0.4091167204689528
12,22,801.4342398390066,0.5024666080495339
12,23,613.7066567125405,0.770988262201684
12,24,2733.0394141505985,0.5158624790771231
12,25,222.64167168946858,0.27934965080234453
12,26,71.64494501060456,0.7236863132384299
12,27,113.26827407181887,0.38526623833951995
12,28,52.40051142844288,0.5188169448360681
12,29,142.52830261517764,0.23794374393184914
12,30,356.882118783663,0.5112924337874828
12,31,469.9948063691991,0.3618127839639716
12,32,104.09946801994116,0.5257548889896018
12,33,497.6100405108641,0.4986072550209059
12,34,189.06869540605663,0.23604081823477732
12,35,346.0058735718359,1.149521174657262
12,36,56.322604390947106,0.2918269657562026
12,37,821.1158466652003,0.5167500608339838
12,38,726.3719022940988,0.6609389465824376
12,39,280.7425335568447,0.46174758808691563
12,40,413.6868264112432,0.29485875011492746
13,0,831.6270633480405,0.593171942473638
13,1,36.893329951247416,0.1863299492487243
13,2,252.91665132087095,0.27762530331599444
13,3,321.0650378960127,0.45605829246592716
13,4,299.3825603902795,0.49897093398379916
13,5,578.8397732523064,0.5266967909484135
13,6,394.7498623033891,0.49037249975576286
13,7,373.61155684710695,0.4146632151466226
13,8,250.29866738887733,0.5005973347777547
13,9,37.40120876852267,0.03421885523195121
13,10,342.003550294157,0.4329158864483
13,11,136.371150822291,0.22690707291562565
13,12,208.7014154830674,0.3537312126831651
13,13,310.69838894949356,0.5195625233269123
13,14,167.69579496240115,0.3353915899248023
13,15,514.0277276376455,0.5079325371913493
13,16,195.72639914516276,0.49177487222402705
13,17,1489.656828753199,0.6479586031984337
13,18,625.3148141982101,0.7806676831438328
13,19,486.89738363222176,0.4859255325670876
13,20,200.6357361547465,0.33383649942553495
13,21,772.7048216757923,0.5168594124921688
13,22,127.17809550248256,0.1587741516884926
13,23,712.5261427215472,0.6501150937240394
13,24,781.1775365933479,0.7114549513600619
13,25,748.6092953892054,0.49609628587753835
15,0,7.735988954889196,0.009730803716841756
15,1,283.73846352859005,0.28317211929001
15,2,2.633609488674868,0.0016460059304217924
15,3,365.4739317655383,0.4540048841807929
15,4,101.40204480723385,0.5173573714654788
15,5,637.1586776813702,0.398473219312927
15,6,6.9882733843263205,0.013976546768652641
15,7,139.78741973143389,0.10752878440879529
15,8,0,0.0
15,9,7.381870255460477,0.012303117092434129
15,10,0,0.0
15,11,0,0.0
15,12,22.30579752556001,0.0318654250365143
15,13,350.7451831237526,0.4367935032674379
15,14,608.7173163236665,0.3205462434563805
15,15,641.6332826916254,0.4027829772075489
15,16,0,0.0
15,17,0,0.0
15,18,56.59075845534168,0.09511051841233896
15,19,78.91852873850016,0.06122461500271541
15,20,232.4006773019082,0.33390901911193704
15,21,11.224169283041608,0.016149883860491522
15,22,84.13151625990767,0.10609270650681926
15,23,6.420360903580011,0.0042773890097135316
15,24,458.5510328173918,0.25475057378743987
15,25,4.6286497864920815,0.011485483341171419
15,26,336.8849218613698,0.48264315452918305
15,27,5.347696083579651,0.005889533131695651
15,28,0,0.0
15,29,1153.1387825476156,0.8236705589625826
15,30,0,0.0
15,31,19.21588512996896,0.06558322569955277
15,32,198.73544519554136,0.0947261416565974
15,33,9.936462722222126,0.024717568960751557
15,34,77.52360698440245,0.38568958698707684
15,35,71.72015726206956,0.24477869372719988
15,36,0,0.0
15,37,0,0.0
15,38,5.445541856080186,0.007903544058171532
15,39,0,0.0
15,40,146.99590307332844,0.18443651577581988
15,41,25.405894999682335,0.12766781406875546
15,42,0,0.0
15,43,661.5895066693295,0.20674672083416545
16,0,921.6506613961521,1.8433013227923043
16,1,239.7444622759731,0.4022558091878743
16,2,461.1775925963687,1.1825066476829966
16,3,93.53738935537845,0.9261127658948362
16,4,1867.9020791617754,1.0365716310553692
16,5,771.1596461337678,1.0938434696932875
16,6,127.10414822812696,0.4236804940937565
16,7,255.92667035428443,0.8502547187849981
16,8,204.4797777956812,0.4089595555913624
16,9,737.6009368943438,0.567822122320511
16,10,285.2129619634271,0.7130324049085678
16,11,160.0587649017199,0.5576960449537279
16,12,383.26922685076346,0.4258546965008483
16,13,289.4504993549461,0.47528817628069964
16,14,95.67878727266005,0.48079792599326654
16,15,248.90035257854535,0.6206991336123325
16,16,964.9472212906562,0.7399902003762701
16,17,457.33919529961287,0.7635044996654639
16,18,871.6877453426417,0.7938868354668869
16,19,795.3787790146055,0.41862041000768707
16,20,250.51163671357097,1.2279982191841714
16,21,484.8495395004266,0.6053052927595838
16,22,284.18712594303213,0.9410169733212984
18,0,845.9418065476278,0.6008109421503038
18,1,2082.9326864671316,0.771456550543382
18,2,549.9366878078137,0.3465259532500401
18,3,14.018678503423558,0.0128376176771278
18,4,3425.8268744355705,0.43859004921720274
18,5,9.057441803995832,0.009048393410585246
18,6,2215.879506234057,0.4713634346381742
18,7,248.03169326966236,0.6200792331741559
18,8,0,0.0
18,9,55.29259417108459,0.04611559146879449
18,10,760.3473910235988,0.5450518932068809
18,11,1456.915920429943,0.5609995843010948
18,12,3230.479140767424,0.7013632524462492
18,13,532.2479771782315,0.4869606378574854
18,14,221.2105472386324,0.22143197921785024
18,15,213.77009221437154,0.08225090119829609
18,16,0,0.0
18,17,959.3820383651184,0.9593820383651185
18,18,0,0.0
18,19,1551.3015755467827,0.48297060259862473
18,20,199.51263044097723,0.39664538855065057
18,21,395.7688297688317,0.7899577440495643
18,22,110.23289227246441,0.5539341320224342
18,23,149.02566890190658,0.29805133780381315
18,24,248.08072464561138,0.30971376360251107
18,25,1548.5968922383236,0.3097813347146076
18,26,460.15707202186246,0.1278214088949618
18,27,342.8622057450066,0.3428622057450066
18,28,529.787121885948,0.44185748280729603
18,29,226.7492027017712,0.5814082120558236
18,30,3983.666073282086,1.1388410729794414
18,31,11.753823139082536,0.039179410463608455
18,32,295.1102548662385,0.15450798684096256
18,33,75.70928423720646,0.2523642807906882
18,34,2960.9785977974375,0.3697064050190333
18,35,245.79727293438148,0.4144979307493786
18,36,397.61733957060903,0.28421539640501003
18,37,674.488584529379,1.0985156099827018
18,38,1210.3418320103983,0.3904328490356124
18,39,20.10194610860242,0.040203892217204835
18,40,1464.7035208289014,0.6368276177516963
18,41,189.31624016178424,0.31764469825802727
18,42,197.7397911826106,0.3978667830636028
18,43,2557.661728056853,0.40610697492169784
18,44,353.1554494417268,0.32163519985585315
18,45,434.5277926537315,0.8553696705782117
18,46,484.7616689145049,0.700522642940036
18,47,189.6092121080048,0.31601535351334137
18,48,1430.5910212914007,0.5286736959687364
18,49,0,0.0
18,50,255.0624151528582,0.12823650837247771
18,51,85.91175686990627,0.28637252289968756
18,52,299.73322127272564,0.5994664425454513
18,53,1427.7290408911929,0.6180645198663173
18,54,1100.1760642776303,0.7852791322467025
18,55,355.60519060509813,0.1481688294187909
18,56,7.317319916918982,0.010483266356617452
19,0,1062.511386703198,0.9667983500484059
19,1,1988.0819098821603,0.9526027359282033
19,2,1052.6568184936068,1.0526568184936067
19,3,431.2111153084884,1.4325950674700612
19,4,549.0585646950572,1.7884643801141926
19,5,77.32578699984643,0.25187552768679616
19,6,167.92944321450003,0.42087579753007526
19,7,28.451883502845668,0.09483961167615222
19,8,960.0217608728814,0.6003888435727839
19,9,4753.227130519973,0.949695730373621
19,10,1142.5484508547563,0.9481729882612085
19,11,1354.0950132741075,0.7965264783965338
19,12,0,0.0
19,13,229.8155338715014,0.5818114781556998
19,14,1090.1134963637237,1.8168558272728728
19,15,726.6821967614779,0.5585566462424888
19,16,2230.034443403006,3.722928953928224
19,17,395.6616270480184,1.958720925980289
19,18,940.7402697699787,3.178176587060739
19,19,89.07627525472643,0.45447079211595115
19,20,1451.9913568907937,2.8981863410993887
19,21,1043.2418111104162,1.1414024191580046
19,22,91.50444469514224,0.2287611117378556
19,23,460.14928160211184,1.544125106047355
19,24,1006.6850862748631,1.4238827245754782
19,25,1833.6696231743158,2.619528033106165
19,26,653.0713265154926,0.46781613647241593
19,27,413.8942529967688,0.8294474007951278
19,28,429.13076777006387,0.5370848157322451
19,29,1426.3553301512854,3.5748253888503396
19,30,457.23664356993726,0.5154866331115414
19,31,1120.0257873580256,0.7461864006382583
19,32,0,0.0
19,33,178.22233328834758,0.5960613153456441
19,34,1006.4058678604877,0.504464094165658
19,35,117.2724787455908,0.3909082624853027
19,36,0,0.0
19,37,284.6974744458431,0.9553606525028292
19,38,112.19209766084052,0.3882079503835312
19,39,373.18410190106164,1.243947006336872
19,40,319.9933790607452,0.5315504635560552
19,41,512.0162455649095,0.7304083388943073
19,42,610.264461089236,0.7618782285758252
19,43,269.63376214418366,0.5392675242883673
19,44,417.5034535546273,0.6981663102920189
19,45,528.3282419497908,0.880547069916318
19,46,93.02645413354989,0.4651322706677494
19,47,0,0.0
19,48,910.1294491212857,4.573514819704953
19,49,1114.9961493275462,3.6677504912090333
19,50,156.89552801229343,0.5391598900766097
19,51,280.0709512313155,0.9335698374377184
19,52,1063.6708823892393,0.966973529444763
19,53,140.03561087718157,0.46678536959060524
19,54,247.5502403564315,1.2075621480801535
20,0,460.784767895475,0.5825344726870734
20,1,784.5775283204308,1.5691550566408616
20,2,229.06691127722954,0.32770659696313237
20,3,255.39577796341575,0.4277986230542977
20,4,1627.1156410217836,0.8135578205108918
20,5,338.09076152423273,0.8431191060454681
20,6,270.2280571051154,0.5415391925954216
20,7,328.1110502172793,1.0828747531923408
20,8,1348.2002800281355,0.7907333020692877
20,9,1754.5631362878032,0.5854398185811822
20,10,44.399317411076,0.4988687349559101
20,11,755.8254027366452,0.41873983531116077
20,12,147.94933221333463,0.2125708796168601
20,13,254.52182758004318,0.1956355323443837
20,14,348.70226366382303,0.6918695707615536
20,15,219.78345159525344,0.24312328716289097
20,16,247.8537728150999,0.4967009475252503
20,17,2059.225629070291,0.6433069756545738
20,18,75.9002166941192,0.15241007368297027
20,19,634.6181128102996,0.45329865200735686
20,20,718.5181993780221,0.3601594984350988
20,21,958.0068899752761,0.3197619792974887
20,22,86.89447846004418,0.8603413708915266
20,23,552.5100908032567,0.42500776215635133
20,24,37.08273077178954,0.3565647189595148
20,25,137.4011865530069,0.22900197758834484
20,26,69.75054910923309,0.24218940662928157
20,27,394.2295677511104,0.657049279585184
20,28,590.0248608898759,0.6555831787665287
20,29,178.37302624701292,0.35746097444291164
20,30,1019.966081561295,0.5368242534533132
20,31,38.55568682115892,0.4283965202350991
20,32,1042.280454423541,0.3858868768691377
20,33,234.40350309025047,0.4669392491837659
20,34,1059.0632926521812,0.3781018538565445
20,35,134.8958058640539,0.3432463253538267
20,36,1399.9540729946077,0.669514142991204
20,37,393.5124854961711,1.3073504501533924
20,38,1113.362847768868,0.8027129399919741
20,39,270.9828760351198,1.334891014951329
20,40,586.7462938848169,0.36694577478725254
20,41,846.0015288261336,0.7067681945080482
20,42,16.10296392381617,0.08704304823684415
20,43,659.1155215624428,0.6058047073184217
20,44,338.55571431040215,0.3388946089193215
20,45,188.56919780052058,0.6327825429547671
20,46,511.44503671925105,0.7285541833607565
20,47,147.2407877622572,0.4908026258741907
3,0,0,0.0
3,1,353.3457689918571,1.1817584247219302
3,2,1779.0456302885086,1.3674447581003142
3,3,496.5001458475271,0.6198503693477242
3,4,105.26733255755298,0.3395720405082354
3,5,332.26410567128374,0.8306602641782094
3,6,1126.6916146512376,1.1266916146512376
3,7,1035.9853444377095,0.5179926722188547
3,8,275.14665076440315,1.3826464862532821
3,9,419.88695550466934,0.8621908737262204
3,10,770.769659955682,0.3670331714074676
3,11,394.096144154111,0.6579234460001854
3,12,129.90770393549877,0.6495385196774939
3,13,834.9411571019787,0.46463058269447893
3,14,485.0054117819709,0.8110458391002858
3,15,73.34721658460032,0.7484409855571461
3,16,190.2494419296891,0.6278859469626703
3,17,24.0550389258184,0.12087959259205226
3,18,386.4332387205901,0.6429837582705327
3,19,308.63926628615553,0.6185155636997105
3,20,256.49932315915885,0.6560084991282835
3,21,480.3499086565196,0.8005831810941992
3,22,6.411025680118341,0.0320551284005917
3,23,347.7048218053011,0.4346310272566264
3,24,818.4615927359774,0.6895211396259288
3,25,11.071427804772155,0.055081730372000766
3,26,123.01695964872661,0.4086942181020818
3,27,1810.7679057952848,0.7872903938240369
3,28,121.80688941282642,0.4060229647094214
3,29,573.0959445658066,0.636773271739785
3,30,178.60099579610556,0.61799652524604
3,31,866.9002467337298,0.9632224963708108
3,32,150.01652293099588,0.5017275014414578
3,33,459.60698995120913,0.9284989695984023
3,34,2499.232370469185,1.0866227697692108
3,35,105.62077899739101,0.3520692633246367
3,36,557.4763294371966,0.7952586725209652
3,37,11.198200931586785,0.11198200931586784
3,38,103.22012716685335,1.0219814570975578
3,39,882.3431832677211,0.6797713276330671
3,40,329.2766307170273,0.6585532614340546
3,41,831.3412765316012,0.923712529479557
3,42,258.427025066346,0.5178898297922766
3,43,438.5382697031374,0.6255895430857881
3,44,610.5190603660792,0.763148825457599
3,45,186.03505009387007,0.9301752504693503
3,46,439.56353183373074,0.8989029280853389
3,47,463.1855132307402,0.9226803052405183
4,0,400.3218600200116,0.33332378019984316
4,1,325.4220742310378,0.36037881974644276
4,2,78.31886134513277,0.15726678984966422
4,3,65.27956316218733,0.06527956316218733
4,4,516.901022305216,1.0463583447474007
4,5,298.7639630099577,0.331591523873427
4,6,261.8345872783144,2.592421656220935
4,7,12.282725109569197,0.012282725109569197
4,8,996.2123273513644,0.21196006964922645
4,9,56.465872614622796,0.1875942611781488
4,10,238.84451664492707,0.34071970990717126
4,11,201.32547108463575,0.4026509421692715
4,12,377.23730944747297,0.26926289039791074
4,13,644.1867576842083,0.5368222980701736
4,14,736.5933647412334,0.5705603135098631
4,15,159.17418516189096,0.3989327948919573
4,16,111.9044266959308,0.18619704941086654
4,17,530.0096628004276,0.479213076673081
4,18,167.5039921928822,0.2091185920011014
4,19,198.08088011445747,0.6580760136692939
4,20,109.03719049811419,0.27744832187815316
4,21,978.3370348244373,0.4656530389454723
4,22,58.00881918469848,0.1927203295172707
4,23,425.42886991756274,0.4233123083756843
4,24,276.95312147267816,0.34575920283730105
4,25,1658.5748563033546,0.3385537571552061
5,0,68.92108865930965,0.08615136082413706
5,1,208.53600675439054,0.20874475150589644
5,2,47.34738986675493,0.15730029856064762
5,3,288.4867965063836,0.32197187110087455
5,4,1337.5345590757995,0.8934766593692716
5,5,658.0968290839247,0.6580968290839248
5,6,273.89877288888744,0.34366219935870446
5,7,476.4666325557043,0.2166742303573007
5,8,225.27901074732296,0.15018600716488198
5,9,29.09412459343817,0.09698041531146057
5,10,12.605546399689151,0.1248073900959322
5,11,141.6541717209185,0.12877651974628954
5,12,14.263432351571913,0.14407507425830215
5,13,420.3512044632845,0.840702408926569
5,14,89.99153877162668,0.8999153877162668
5,15,60.59664219369198,0.30298321096845987
5,16,270.2790178609006,0.6740125133688294
5,17,538.3534904725706,1.3733507410014556
5,18,238.94274895082458,0.6018709041582483
5,19,1203.9506193714276,0.7529397244349141
5,20,296.00165017234934,0.49333608362058223
5,21,637.3627770938648,0.37513995120298105
5,22,306.9355298285178,1.0265402335401934
5,23,37.36068343274256,0.12330258558660911
5,24,566.8345189557717,0.9447241982596195
5,25,53.81232940098761,0.1787785029933143
5,26,972.4200055341139,0.6500133726832312
5,27,1584.349923845753,0.9319705434386782
5,28,153.60220144133874,0.2560036690688979
5,29,140.7742416487807,0.48542841947855414
5,30,158.4422681475621,0.31944005674911713
5,31,223.5757662781763,0.7477450377196532
5,32,0,0.0
5,33,3736.491727363071,2.197936310213571
5,34,444.43573996299216,0.3416108685341984
6,0,539.0005422936533,0.35957341046941516
6,1,4082.661676047997,0.6187726092828125
6,2,112.76493782110656,0.22689122298009368
6,3,1455.652005962979,0.7673442308713648
6,4,818.2785552100268,0.685899878633719
6,5,58.959796833118574,0.595553503364834
6,6,81.52482811333165,0.8958772320146335
6,7,332.6666358865036,0.5516859633275351
6,8,114.90826841337427,0.2865542853201353
6,9,903.245259401129,0.565588766062072
6,10,2089.058431682516,0.4543406767469587
6,11,641.4288983420993,0.45783647276381106
6,12,172.30327836017253,0.8746359307622971
6,13,132.5523192807335,0.3313807982018338
6,14,714.8005993931786,1.1933232043291795
6,15,334.3541636256,0.8379803599639097
6,16,388.46961029575834,0.7784962130175518
6,17,24.565626290272036,0.24565626290272036
6,18,1470.2805230939362,0.5654925088822831
6,19,391.91403131952137,0.7654570924209402
6,20,46.6959831721644,0.11644883584080896
6,21,368.0897736583198,0.36845823189021004
6,22,47.60952742532276,0.1641707842252509
6,23,1084.3643240707434,0.6367377123140008
6,24,255.586182117334,0.42955660860056133
6,25,184.993039397829,0.30780871780004826
6,26,906.3116923242648,0.4531558461621324
6,27,408.4823668335912,1.0289228383717661
6,28,56.697694341117426,0.30319622642308786
6,29,64.41466610063749,0.10789726315014656
6,30,134.6448693526146,0.16872790645691052
6,31,2616.5760731339337,0.6392807410539785
6,32,9.006310344238718,0.011257887930298398
6,33,85.53646610867975,0.09514623593846468
6,34,1637.2171625494468,0.6821738177289361
6,35,86.02776482082255,0.2858065276439288
6,36,220.76879903981487,0.5424294816703068
6,37,167.0120822714175,0.5585688370281522
6,38,73.08427938170193,0.3636033800084673
6,39,3051.797219385419,0.4238607249146415
6,40,363.1771630122532,0.6063057813226264
6,41,947.5371116279919,0.8598340395898293
6,42,306.3784390695868,0.437683484385124
6,43,3.514314025245177,0.03479518836876413
6,44,235.7474370468643,0.33678205292409186
6,45,1983.6037384263213,0.7629245147793544
6,46,301.1247385979845,0.4307936174506216
6,47,210.8098178855786,0.35193625690413793
6,48,195.82067467948073,0.2797438209706868
6,49,196.49445671832416,0.6549815223944139
6,50,461.2053704911946,0.33132569719195015
6,51,101.87393656598454,0.3384516164982875
6,52,165.04941208832818,0.550164706961094
6,53,575.5890663832621,0.576165231614877
6,54,372.23774952768116,1.2407924984256038
6,55,114.18218490750586,0.3818802170819594
6,56,591.4235725024719,0.34810098440404463
6,57,36.469037168531216,0.3683741128134466
6,58,16.65347308631117,0.08285309993189637
6,59,291.51689064651833,0.4164527009235976
6,60,593.5385578588413,0.4242591550098937
6,61,124.81913593944408,0.3120478398486102
6,62,123.26833626098458,0.12326833626098459
6,63,202.45000066996113,0.6748333355665371
6,64,404.6361826246756,0.4046361826246756
6,65,71.14668537396494,0.38250906115034916
6,66,96.78809805244978,0.3204903909021516
6,67,101.68033262470004,0.12491441354385754
6,68,1480.147817757244,0.4774670379862077
6,69,75.55599839424424,0.38159595148608205
6,70,67.25677103087106,0.22876452731588798
6,71,962.0339549989678,0.5662354061206403
6,72,213.20935921540905,0.5316941626319428
6,73,212.58671353795145,0.6992983997958929
6,74,610.7180663529011,0.3392878146405006
6,75,235.30872617595898,0.7896265979059026
6,76,127.31958078078002,0.1818851154011143
6,77,846.8362055567075,0.7056968379639229
6,78,1140.469108647074,0.7079262002775134
6,79,247.56158199507007,0.4126026366584501
6,80,755.630122708618,0.5401216030797842
6,81,98.31731789301476,0.9931042211415633
6,82,0,0.0
6,83,156.89135471156612,0.3826618407599174
6,84,1356.542834100495,0.41132287268056245
6,85,924.6264049016514,0.6160069319797811
7,0,444.4480193492454,0.34188309180711185
7,1,370.071568258328,0.37118512362921563
7,2,602.0632045770978,0.753520906854941
7,3,588.3101824777935,0.9904211826225481
7,4,1655.4132183418633,2.7590220305697724
7,5,457.3239200030894,0.6533198857186991
7,6,149.52266376464107,0.1904747309103708
7,7,278.8948174116291,0.5589074497227036
7,8,419.626718837748,0.7005454404636862
7,9,37.82129425878041,0.06293060608782099
7,10,520.5590500453218,1.0390400200505425
7,11,1498.1662974571802,0.6239759672874553
7,12,231.51210584536796,0.7691432087885979
7,13,154.84434428060285,0.1194786607103417
7,14,1228.4577872426523,1.2284577872426523
7,15,0,0.0
7,16,979.2412389342484,0.6120257743339053
7,17,81.20034989897886,0.10137372022344426
7,18,162.28746008755107,0.40470688301134927
7,19,990.4167669721245,1.976879774395458
7,20,13.836119013344321,0.1397587779125689
7,21,252.78315177186724,0.2527831517718672
7,22,185.60328292525838,0.26552687113770873
7,23,1321.6770800377942,1.0158932206285889
7,24,68.69999459083371,0.23771624425894017
7,25,354.0393615329406,0.16859017215854313
7,26,776.903363291398,0.388646004648023
7,27,36.502188301249475,0.12167396100416492
7,28,656.6182527694045,0.5054797942797572
7,29,366.97996495501167,0.40775551661667964
7,30,614.5630126909765,0.7672447099762503
7,31,392.57787421011335,0.7835885712776713
8,0,415.02590656632174,0.31827140074104426
8,1,523.5137534645636,0.3079492667438609
8,2,4783.602988129723,1.0169224039391418
8,3,2479.1394507499076,0.9912592765893273
8,4,398.14863086555596,0.36195330078686905
8,5,283.02474125461174,0.35333925250263637
8,6,2571.380590537758,0.5142761181075516
8,7,786.2257232860557,0.6535542171953912
8,8,1276.908494543754,0.9120774961026814
8,9,3866.759767981322,0.5608876948043693
8,10,1229.5367036939483,0.8782405026385345
8,11,506.75051478678677,0.36352260745106657
8,12,1041.8729353305844,0.54806572084723
8,13,307.2290103059036,0.768072525764759
8,14,828.0968531323063,0.6883598114150509
8,15,424.3647715959862,0.5378514215411739
8,16,1110.8099929852215,0.4434371229481922
8,17,627.0051688559863,0.4478608348971331
8,18,1350.4958745856418,0.7502754858809121
8,19,349.02543081788446,0.8747504531776553
8,20,1700.9951962985797,0.6085850433984185
8,21,393.1638841883984,1.9560392248179026
8,22,90.93984146830007,0.4569841279814074
8,23,338.8169884421991,0.48471672166265967
8,24,477.2644280651623,0.5965805350814528
8,25,0,0.0
8,26,2099.475122004726,0.3749732312921461
8,27,393.3149326129841,0.32694508114130016
8,28,205.96475278620903,0.3438476674227196
8,29,720.171415243032,0.5539780117254093
8,30,233.63685392606817,0.3823843763110772
8,31,248.0512849377693,0.3159888980098972
8,32,545.2254326639392,0.5978349042367754
8,33,543.9549950026726,0.41810529977146244
8,34,184.04884423059525,0.4601221105764881
8,35,377.1841947231132,0.5388345638901617
8,36,74.67734282633235,0.36076011027213695
8,37,989.0945696448359,0.659396379763224
8,38,1074.1469322688777,0.597080006819832
8,39,486.84673120576997,0.40570560933814165
8,40,376.17953392974454,0.7645925486376921
8,41,200.6743737095523,0.39117811639288946
8,42,192.03979109351135,0.48009947773377837
9,0,729.6630989472991,0.5612793068825378
9,1,410.99922088863246,0.5838057114895348
9,2,387.65558422839035,0.7753111684567807
9,3,858.7952118619397,0.33005196458952335
9,4,950.1864913094776,1.1892196386852034
9,5,480.29999517060816,0.4370336625756216
9,6,34.79035484039368,0.17395177420196842
9,7,160.3290208626031,0.26721503477100517
9,8,14.358075100974565,0.04786025033658188
9,9,1692.154504374024,0.3846679937199418
9,10,569.5309709464537,0.3342317904615339
9,11,1458.182633327842,0.5610552648433406
9,12,0,0.0
9,13,927.3397683527153,0.34345917346396865
9,14,996.4094628345493,0.4349233796746178
9,15,318.7458196146318,0.3984322745182897
9,16,57.65264845995015,0.29565460748692385
9,17,148.70716728572665,0.37176791821431665
9,18,48.464982500008205,0.12086030548630475
9,19,722.2445509677657,0.5560004241476256
9,20,636.4107231497854,0.30319710488317553
9,21,182.7493364724033,0.609164454908011
9,22,633.7146691993454,0.4526533351423896
9,23,519.4367436720898,1.295353475491496
9,24,1054.4707321443668,0.39054471560902476
9,25,1599.1516809024595,0.5713296466246729
9,26,335.9258834096952,0.47989411915670743
9,27,190.9395567964181,0.3766066209002329
9,28,90.90645551597372,0.46145408891357215
9,29,213.66947314832143,0.4273389462966429
9,30,263.4898065615045,0.37749255954370275
9,31,1127.9971456734077,0.4163887580928046
9,32,248.5091311454281,0.20691851052908253
9,33,663.5659270227083,0.5104353284790063
9,34,144.10048357344576,0.28820096714689153
9,35,911.219124501274,0.47958901289540734
9,36,9.256602539956795,0.03085534179985598
9,37,837.5847085904797,0.4185830627638579
9,38,901.170607197478,0.5635838694168093
9,39,1101.2664445447551,0.5506332222723775
9,40,419.4030503854222,0.29978774151924387
9,41,393.8084247672599,0.3580076588793272
9,42,1031.4467321625054,0.6450573684568515
