world_index,id_fixation,x,y,zoom,etape,id_pan
408,103,259717.1998518016,6255040.974408042,15.0,1,0
409,103,259714.9648595004,6255040.977175813,15.0,1,0
410,103,259712.57541873417,6255035.9084642185,15.0,1,0
411,103,259684.5535831416,6255031.542317734,15.0,1,0
412,103,259686.51193500636,6255041.965436413,15.0,1,0
412,104,259714.0157896288,6255008.840751104,15.0,1,0
413,104,259617.2533251201,6254991.069250095,15.0,1,0
414,104,259619.93772145055,6254987.112259919,15.0,1,0
415,104,259556.20395640304,6254968.840714919,15.0,1,0
415,105,258324.8532495164,6255340.104311056,15.0,1,0
416,105,258191.68150934303,6255317.275335831,15.0,1,0
417,105,258189.3812523144,6255314.928573413,15.0,1,0
418,105,258193.74660833276,6255316.857709914,15.0,1,0
419,105,258066.31406377623,6255293.660621125,15.0,1,0
420,105,258074.306430142,6255301.805556605,15.0,1,0
420,106,258105.19468800968,6255386.843788017,15.0,1,0
421,106,258022.14998990996,6255369.54328193,15.0,1,0
422,106,258022.70805458492,6255370.2343021305,15.0,1,0
423,106,257881.03351637087,6255336.7767781,15.0,1,0
424,106,257719.4566851676,6255327.289806192,15.0,1,0
424,107,257891.8690101739,6255438.903868805,15.0,1,0
425,107,257884.6734885437,6255436.675197956,15.0,1,0
426,107,257886.91968860963,6255437.531361837,15.0,1,0
427,107,257869.33619102088,6255440.9329526,15.0,1,0
428,107,257868.904282039,6255446.853215123,15.0,1,0
429,107,257857.02268463545,6255455.071957834,15.0,1,0
430,108,257731.27361468,6255666.421424277,15.0,1,0
431,108,257728.71400724203,6255650.538723209,15.0,1,0
431,109,257650.9408676102,6255712.7569888905,15.0,1,0
432,109,257660.76337994667,6255699.88685297,15.0,1,0
433,109,257700.8520918729,6255747.829494866,15.0,1,0
434,109,257707.51531301887,6255753.42193027,15.0,1,0
435,109,257739.83955890723,6255795.308497504,15.0,1,0
436,109,257746.75953354136,6255796.611195133,15.0,1,0
436,110,257646.51762758748,6255628.836902861,15.0,1,0
437,110,257662.5399610028,6255706.252658313,15.0,1,0
438,110,257660.4115791465,6255714.946535074,15.0,1,0
439,110,257666.63736488036,6255787.006038262,15.0,1,0
440,110,257660.63000299048,6255786.896865065,15.0,1,0
441,111,257377.11541156872,6256594.5125176655,15.0,1,0
442,111,257374.05548678013,6256594.532814654,15.0,1,0
443,111,257459.62964525312,6256680.000157662,15.0,1,0
444,111,257465.7214070785,6256680.334135382,15.0,1,0
445,111,257602.1101128705,6256777.223263579,15.0,1,0
446,111,257613.48531066085,6256779.636760036,15.0,1,0
446,112,257592.77821360063,6256874.066654072,15.0,1,0
447,112,257685.0148505914,6256891.256756842,15.0,1,0
448,112,257695.27432907184,6256884.842293401,15.0,1,0
449,112,257867.7934695432,6256837.822740776,15.0,1,0
450,113,261156.01844362117,6256961.952049539,15.0,1,0
451,113,261275.86972353293,6256887.4125983305,15.0,1,0
452,113,261313.32744002712,6256891.133405368,15.0,1,0
453,113,261413.91315555372,6256831.840541682,15.0,1,0
454,114,261781.2432704839,6256586.151645917,15.0,1,0
455,114,261848.01146037728,6256510.138842916,15.0,1,0
456,114,261861.38970441112,6256490.121091726,15.0,1,0
457,114,261927.9558082834,6256406.315807832,15.0,1,0
457,115,261747.80957890023,6256644.684871453,15.0,1,0
458,115,261761.363320128,6256631.671426493,15.0,1,0
459,115,261821.7062898596,6256567.444690647,15.0,1,0
460,115,261865.81906770036,6256474.586833683,15.0,1,0
461,115,261893.84148646117,6256464.292262597,15.0,1,0
462,116,261972.8223493056,6256615.096718848,15.0,1,0
463,116,261972.86991396564,6256606.036573703,15.0,1,0
464,116,261974.57704788452,6256535.077221966,15.0,1,0
576,143,264377.6558094171,6254252.7440684335,14.0,1,1
577,143,264378.6464664743,6254252.5232618,14.0,1,1
578,143,264362.6417784544,6254266.945809814,14.0,1,1
579,143,264358.4374998839,6254323.608418417,14.0,1,1
580,143,264377.35401985,6254312.3897192925,14.0,1,1
580,144,264368.55838478595,6254224.416727856,14.0,1,1
581,144,264332.416751454,6254309.616827183,14.0,1,1
582,144,264349.79152037087,6254307.400457539,14.0,1,1
583,145,261359.53419727317,6258093.742486243,14.0,1,1
584,145,261392.579061429,6258101.729043706,14.0,1,1
585,145,261359.81626846397,6258433.381267073,14.0,1,1
586,145,261360.55324733432,6258429.606642263,14.0,1,1
587,145,261347.1200396933,6258638.928036345,14.0,1,1
588,145,261339.5370301,6258649.265969179,14.0,1,1
588,146,261335.5487060204,6258238.202131212,14.0,1,1
589,146,261313.3533590415,6258429.370686927,14.0,1,1
590,146,261308.6067340026,6258426.931972999,14.0,1,1
591,146,261260.83854825445,6258504.516653613,14.0,1,1
591,147,261341.123320624,6257920.750045517,14.0,1,1
592,147,261363.0697641061,6257955.082094115,14.0,1,1
593,147,261358.6271155152,6258077.829701899,14.0,1,1
594,147,261353.28456542536,6258103.627789403,14.0,1,1
595,147,261347.921786687,6258170.213730109,14.0,1,1
596,148,261386.10636772728,6258023.100542056,14.0,1,1
597,148,261370.0539692553,6258019.947128109,14.0,1,1
598,148,261367.3318492289,6258020.620004032,14.0,1,1
599,148,261360.9717069986,6258125.021311939,14.0,1,1
600,148,261341.6247724192,6258153.8267115215,14.0,1,1
976,243,260216.2793100407,6247071.011932641,16.0,2,2
977,243,260212.30479064697,6247072.602017175,16.0,2,2
978,243,260203.7674808917,6247071.839957515,16.0,2,2
979,243,260199.6730930875,6247072.750092933,16.0,2,2
980,243,260194.3734605357,6247074.374467078,16.0,2,2
981,243,260192.5050441489,6247079.088288902,16.0,2,2
981,244,260224.7500566079,6247036.440933133,16.0,2,2
982,244,260233.6201185193,6247058.459034553,16.0,2,2
983,244,260236.134293506,6247096.752029077,16.0,2,2
984,244,260237.67836811623,6247095.343079789,16.0,2,2
984,245,260235.82115949417,6246977.876103751,16.0,2,2
985,245,260276.6322938645,6247058.901622805,16.0,2,2
986,245,260275.05322915956,6247061.674468217,16.0,2,2
987,245,260303.19868730812,6247113.537832237,16.0,2,2
988,245,260299.1738696532,6247114.779331369,16.0,2,2
988,246,260261.2731730925,6247014.664896654,16.0,2,2
989,246,260285.34115531595,6247059.058673888,16.0,2,2
990,246,260281.5946182582,6247062.9350911705,16.0,2,2
990,247,260644.8977286525,6247023.654421493,16.0,2,2
991,247,260638.33910875453,6247037.928382339,16.0,2,2
992,247,260641.8627206384,6247041.249400208,16.0,2,2
993,247,260650.38927822903,6247065.641704846,16.0,2,2
993,248,260681.0969134007,6247010.550296151,16.0,2,2
994,248,260680.55921405423,6247014.241887826,16.0,2,2
995,248,260686.2336962199,6247035.843522833,16.0,2,2
996,248,260686.87855273145,6247039.085659223,16.0,2,2
997,248,260692.0199826726,6247058.531744934,16.0,2,2
997,249,260633.22541575303,6246963.394992895,16.0,2,2
998,249,260633.1040438619,6246962.148111984,16.0,2,2
999,249,260633.73031188565,6246973.986446734,16.0,2,2
1000,249,260634.61299169736,6246973.262520809,16.0,2,2
1001,249,260637.5704747828,6246984.658332231,16.0,2,2
1001,250,260616.98208435264,6246901.045656734,16.0,2,2
1002,250,260616.26205380945,6246900.94078896,16.0,2,2
1003,250,260616.5094447136,6246905.430325645,16.0,2,2
1004,250,260619.96088952705,6246903.96925,16.0,2,2
1005,250,260621.05487670776,6246919.149290283,16.0,2,2
1005,251,260620.07433397483,6246886.862701459,16.0,2,2
1006,251,260618.2830051405,6246891.467798854,16.0,2,2
1008,252,258813.04847839972,6247220.624600306,16.0,2,2
1009,252,258810.53588890165,6247222.5294419285,16.0,2,2
1010,252,258772.5951769761,6247232.702750467,16.0,2,2
1011,252,258768.47297478013,6247236.589316244,16.0,2,2
1012,252,258728.11951813853,6247235.621826457,16.0,2,2
1013,253,259035.7244799772,6247346.270244462,16.0,2,2
1014,253,258975.0474322929,6247337.453521944,16.0,2,2
1015,253,258974.9849695066,6247336.68500415,16.0,2,2
1016,253,258957.5311812925,6247333.672144,16.0,2,2
1017,253,258957.4117912622,6247334.616261497,16.0,2,2
1036,258,259152.4803711815,6247287.038204543,16.0,2,3
1037,258,259153.56704597917,6247290.645686728,16.0,2,3
1038,258,259152.83068216903,6247292.733970072,16.0,2,3
1039,258,259148.69460694725,6247292.230389485,16.0,2,3
1040,259,258894.00430429203,6247540.086450072,16.0,2,3
1041,259,258889.9544377385,6247534.969763777,16.0,2,3
1042,259,258889.43471181963,6247532.035465047,16.0,2,3
1043,259,258889.0005111688,6247537.740822098,16.0,2,3
1044,259,258892.36789774688,6247536.351849739,16.0,2,3
1111,277,257915.3789242916,6247368.355928648,15.0,2,4
1112,277,257917.94413561185,6247377.90566176,15.0,2,4
1113,277,257906.8198824072,6247405.871529147,15.0,2,4
1114,277,257906.3831896233,6247422.07313896,15.0,2,4
1114,278,258233.7092385869,6247557.78526252,15.0,2,4
1115,278,258233.45214339864,6247579.5439417735,15.0,2,4
1116,278,258225.5624055321,6247567.336683631,15.0,2,4
1117,278,258220.95027366985,6247588.747546308,15.0,2,4
1118,278,258209.00565764777,6247554.445095776,15.0,2,4
1118,279,258248.51958892783,6247710.703307289,15.0,2,4
1119,279,258241.8228128277,6247673.463253787,15.0,2,4
1120,279,258234.28299413252,6247650.047602195,15.0,2,4
1121,279,258233.38473279428,6247604.239144225,15.0,2,4
1122,279,258235.67767743987,6247592.504102013,15.0,2,4
1122,280,258194.29491973275,6247647.694689175,15.0,2,4
1123,280,258186.83478551116,6247711.6125485925,15.0,2,4
1124,280,258188.98749641769,6247732.296102513,15.0,2,4
1125,280,258210.5197355413,6247902.518831221,15.0,2,4
1126,280,258211.4353552469,6247901.263185702,15.0,2,4
1312,332,273788.04601740674,6250730.6851279605,18.0,3,5
1313,332,273784.12647756614,6250729.606293045,18.0,3,5
1314,332,273784.5297179059,6250730.26098625,18.0,3,5
1314,333,273782.2733010057,6250712.998974109,18.0,3,5
1315,333,273769.09774666314,6250743.555308729,18.0,3,5
1316,333,273767.8036940482,6250743.782342847,18.0,3,5
1317,333,273754.03066333605,6250761.374307055,18.0,3,5
1317,334,273773.3509361922,6250737.463704941,18.0,3,5
1318,334,273771.2753470081,6250736.831845849,18.0,3,5
1319,334,273767.66879538726,6250736.968576735,18.0,3,5
1320,334,273770.5230850293,6250738.798477109,18.0,3,5
1321,334,273767.5954323664,6250736.90953095,18.0,3,5
1322,334,273770.9780246009,6250738.380582104,18.0,3,5
1324,335,273426.33522740484,6250945.415535375,18.0,3,5
1325,335,273424.33416302217,6250946.439072528,18.0,3,5
1326,335,273423.9904810174,6250946.592568504,18.0,3,5
1326,336,273421.49383183103,6250951.835534358,18.0,3,5
1327,336,273417.5340442695,6250952.089784893,18.0,3,5
1328,336,273391.1455148626,6250944.068826767,18.0,3,5
1329,336,273391.607151757,6250945.053692007,18.0,3,5
1330,336,273393.50278456026,6250941.146587204,18.0,3,5
1332,337,273457.7130937405,6250735.729195715,18.0,3,5
1333,337,273465.0384443404,6250733.900621565,18.0,3,5
1334,337,273481.07952912065,6250728.573084498,18.0,3,5
1334,338,273430.68487432844,6250674.224361065,18.0,3,5
1335,338,273433.55074760533,6250675.027341453,18.0,3,5
1336,338,273439.923320887,6250673.1119955415,18.0,3,5
1336,339,273418.14007339365,6250659.477993222,18.0,3,5
1337,339,273417.7959642637,6250658.919845257,18.0,3,5
1338,339,273421.1871844269,6250660.320875645,18.0,3,5
1339,339,273421.6727574163,6250660.427108084,18.0,3,5
1340,339,273420.97078572575,6250659.943843706,18.0,3,5
1340,340,273414.25689044833,6250670.92574463,18.0,3,5
1341,340,273414.31627793337,6250669.974150307,18.0,3,5
1342,340,273415.060825462,6250668.987478328,18.0,3,5
1343,340,273417.20005629776,6250668.25711349,18.0,3,5
1344,340,273417.64231879404,6250667.786726937,18.0,3,5
1345,340,273417.4337279412,6250666.492371063,18.0,3,5
1859,469,257734.38840478729,6257071.885449224,15.0,4,6
1860,469,257734.2544583309,6257091.46558504,15.0,4,6
1861,469,257732.09135973995,6257096.772940015,15.0,4,6
1862,469,257728.2440894798,6257097.175189424,15.0,4,6
1863,469,257730.71690508115,6257093.364276059,15.0,4,6
1863,470,257793.731878818,6257108.13740842,15.0,4,6
1864,470,257795.7082724503,6257101.424025694,15.0,4,6
1865,470,257762.63235458545,6257170.077632695,15.0,4,6
1866,470,257760.9336948301,6257163.708376183,15.0,4,6
1867,470,257706.74635751476,6257256.690616556,15.0,4,6
1868,471,257205.0783527162,6257335.377974925,15.0,4,6
1869,471,257205.18605660155,6257332.402313391,15.0,4,6
1870,471,257154.2659376061,6257448.068541061,15.0,4,6
1871,471,257162.0482267234,6257449.367855858,15.0,4,6
1872,472,257639.9608365901,6257088.522191395,15.0,4,6
1873,472,257655.99286062148,6257109.602459182,15.0,4,6
1874,472,257665.70385114296,6257189.934074085,15.0,4,6
1874,473,257657.29365384125,6257041.124857369,15.0,4,6
1875,473,257687.12205353857,6257140.628606726,15.0,4,6
1876,473,257691.88344002367,6257140.755924201,15.0,4,6
1876,474,257664.27789543843,6257079.664141383,15.0,4,6
1877,474,257678.38827075655,6257111.252946054,15.0,4,6
1878,474,257682.64066070731,6257115.824381429,15.0,4,6
1879,474,257685.44314860756,6257142.527928755,15.0,4,6
1880,474,257685.97729427245,6257144.544403815,15.0,4,6
1896,479,255634.39268198877,6255373.727321094,15.0,4,7
1897,479,255624.3333031125,6255367.759083871,15.0,4,7
1898,479,255570.36507304144,6255338.958347357,15.0,4,7
1899,479,255560.2346205353,6255339.351063332,15.0,4,7
1900,479,255472.0828174128,6255285.29060839,15.0,4,7
1900,480,255426.0968120472,6255329.8246615045,15.0,4,7
1901,480,255329.0851160096,6255275.108386032,15.0,4,7
1902,480,255304.73337687465,6255261.655788047,15.0,4,7
1903,481,253860.863627736,6256289.425604039,15.0,4,7
1904,481,253841.68994424157,6256274.057708408,15.0,4,7
1905,481,253754.5301011928,6256202.142553029,15.0,4,7
1906,481,253747.4252667808,6256201.373112645,15.0,4,7
1907,481,253702.19854647093,6256166.837130566,15.0,4,7
1907,482,254272.01948327405,6256408.894095501,15.0,4,7
1908,482,254269.74936419804,6256405.94826439,15.0,4,7
1909,482,254228.52839923112,6256353.808501402,15.0,4,7
1909,483,254335.20294707397,6256439.101675291,15.0,4,7
1910,483,254301.33996165355,6256391.839622628,15.0,4,7
1911,483,254300.6484972424,6256382.652775069,15.0,4,7
1912,483,254283.45576793817,6256338.917336695,15.0,4,7
1913,483,254288.84916300944,6256339.721835514,15.0,4,7
1915,484,254735.37032737653,6256685.193569921,15.0,4,7
1916,484,254732.7686133689,6256664.229906168,15.0,4,7
1917,484,254738.9246831613,6256667.763427356,15.0,4,7
1918,484,254730.6739914868,6256653.091497466,15.0,4,7
1918,485,254841.4967790765,6256712.840296207,15.0,4,7
1919,485,254850.04010275428,6256713.053414587,15.0,4,7
1920,485,254831.8144913671,6256670.510104231,15.0,4,7
1921,485,254847.5045418945,6256681.536289494,15.0,4,7
1922,485,254850.1334461216,6256668.504750371,15.0,4,7
1922,486,255027.1655570734,6256772.2349705845,15.0,4,7
1923,486,255033.99081242768,6256775.562139055,15.0,4,7
1924,486,255031.97388860228,6256755.04377893,15.0,4,7
1925,486,255031.53459889727,6256751.916197512,15.0,4,7
1926,486,255030.560343447,6256749.423358283,15.0,4,7
1926,487,254910.79854341288,6256745.92735577,15.0,4,7
1927,487,254907.26263032385,6256752.353505356,15.0,4,7
1928,487,254907.186909572,6256757.937637448,15.0,4,7
1929,487,254909.8713059024,6256762.774163795,15.0,4,7
1930,487,254921.38100598135,6256717.139278105,15.0,4,7
1930,488,254818.9915146231,6256683.647709352,15.0,4,7
1931,488,254851.91489754376,6256632.685978112,15.0,4,7
1932,488,254853.7108735001,6256632.234216352,15.0,4,7
1933,489,256077.08413492725,6256211.70562382,15.0,4,7
1934,489,256084.14748694177,6256213.573561826,15.0,4,7
1935,489,256104.7022723018,6256195.176852064,15.0,4,7
1936,489,256175.7333673984,6256203.122225547,15.0,4,7
1937,490,256059.74585047373,6256235.526675294,15.0,4,7
1938,490,256081.04007494517,6256234.787372862,15.0,4,7
1939,490,256084.570794192,6256228.602326898,15.0,4,7
1940,490,256091.97127212447,6256229.067312454,15.0,4,7
2251,569,539263.219885903,5744835.872383615,13.0,5,8
2252,569,538963.5483129852,5745058.092953572,13.0,5,8
2253,569,538774.6605556168,5745277.139912825,13.0,5,8
2254,569,538460.6047734416,5745238.213979153,13.0,5,8
2255,569,538060.0488117354,5745345.160720774,13.0,5,8
2255,570,539181.2167354018,5745107.385805362,13.0,5,8
2256,570,538901.907210739,5745018.033541295,13.0,5,8
2257,570,538569.5004360038,5745505.362268126,13.0,5,8
2258,571,542073.1805039862,5747224.854242006,13.0,5,8
2259,571,541878.0407456489,5747217.046667079,13.0,5,8
2259,572,542664.5666835909,5746663.364501432,13.0,5,8
2260,572,542549.7298487347,5747012.076733209,13.0,5,8
2261,572,542414.3356771575,5747011.894675372,13.0,5,8
2262,572,542424.3785633066,5747462.984252207,13.0,5,8
2262,573,543129.9767858883,5746725.308040196,13.0,5,8
2263,573,543114.973470642,5746829.091212542,13.0,5,8
2264,573,542908.8030849395,5746828.7763016885,13.0,5,8
2265,573,542790.0718525394,5746846.1972684655,13.0,5,8
2266,573,542546.0465580954,5746879.987448975,13.0,5,8
2266,574,543135.9653406021,5746700.532547323,13.0,5,8
2267,574,543015.8684010669,5746698.345393042,13.0,5,8
2268,574,542793.846409009,5746679.2416213965,13.0,5,8
2269,574,542641.2360173817,5746614.961673727,13.0,5,8
2270,574,542475.3053340649,5746560.012190187,13.0,5,8
2271,574,542351.0030225186,5746510.472776685,13.0,5,8
2271,575,542769.597179917,5746775.091382042,13.0,5,8
2272,575,542554.7109803042,5746671.815383829,13.0,5,8
2273,575,542477.0275027901,5746619.461454582,13.0,5,8
2274,575,542294.1091284795,5746535.564775012,13.0,5,8
2274,576,544473.1697632459,5747718.449895268,13.0,5,8
2275,576,544303.6515017784,5747678.113013362,13.0,5,8
2276,576,544243.6128729748,5747666.976732312,13.0,5,8
2276,577,544848.4975750641,5747873.141240772,13.0,5,8
2277,577,545489.4233139628,5749250.015783553,13.0,5,8
2278,577,545349.1567716937,5749263.105495985,13.0,5,8
2279,577,545799.7025714759,5750454.84484149,13.0,5,8
2280,578,544777.5994058794,5749059.527411589,13.0,5,8
2281,578,544747.4029541231,5749071.628107125,13.0,5,8
2283,579,541624.111796474,5750696.047829425,13.0,5,8
2284,579,541692.7208116066,5750727.018573707,13.0,5,8
2285,579,541639.0306981166,5750731.319075038,13.0,5,8
2286,579,541678.1299421021,5750696.689952335,13.0,5,8
2286,580,541278.7136369399,5750684.744251984,13.0,5,8
2287,580,541319.6192445661,5750661.246489849,13.0,5,8
2288,580,541321.7700419518,5750598.67763982,13.0,5,8
2289,580,541474.9162194048,5750629.509380484,13.0,5,8
2289,581,541224.7600042989,5752330.467137632,13.0,5,8
2290,581,541226.3968846683,5752347.950840554,13.0,5,8
2291,581,541304.378871428,5752419.850154713,13.0,5,8
2292,581,541389.3555968134,5752474.890667171,13.0,5,8
2293,581,541413.1565153165,5752484.8201999925,13.0,5,8
2293,582,541694.0580892898,5752403.100833739,13.0,5,8
2294,582,541692.3282664813,5752407.842948336,13.0,5,8
2295,582,542054.9808435856,5753188.027560335,13.0,5,8
2296,582,542066.6740958699,5753183.132910794,13.0,5,8
2297,582,542950.6538624995,5754623.938411497,13.0,5,8
2297,583,543088.297241104,5754285.380952164,13.0,5,8
2298,583,543505.0141799201,5754912.280647339,13.0,5,8
2299,583,543437.5653051159,5754887.617961073,13.0,5,8
2300,584,550709.3747454057,5752856.968450965,13.0,5,8
2301,584,550620.0559679519,5752718.786552934,13.0,5,8
2302,584,550820.0975469772,5752765.561584936,13.0,5,8
2303,584,550725.4996389801,5752660.767618005,13.0,5,8
2303,585,550637.3289740097,5752419.272818146,13.0,5,8
2304,585,550982.6867491428,5752454.318186297,13.0,5,8
2305,585,551105.0972629002,5752440.704442523,13.0,5,8
2306,585,551077.1040936718,5752350.19832541,13.0,5,8
2307,585,551415.3445190554,5752409.496849925,13.0,5,8
2308,586,551882.6416080036,5750980.834880287,13.0,5,8
2309,586,551918.0056593762,5750978.815022397,13.0,5,8
2310,586,552090.7387815894,5750981.593864647,13.0,5,8
2311,586,552044.2916177097,5750923.3525786,13.0,5,8
2312,586,552253.3542263261,5750968.864577526,13.0,5,8
2312,587,551583.0380470824,5750591.058892945,13.0,5,8
2313,587,551655.5900085155,5750589.346565183,13.0,5,8
2314,587,551711.0204418423,5750548.8682194175,13.0,5,8
2315,587,551924.33653385,5750619.318451606,13.0,5,8
2316,587,551957.194419687,5750621.814366137,13.0,5,8
2316,588,551639.5412183969,5750489.632995992,13.0,5,8
2317,588,551751.9100123416,5750511.04816409,13.0,5,8
2318,588,551827.7357345134,5750527.873752536,13.0,5,8
2372,601,550368.6105136463,5749999.663692457,13.0,5,9
2373,601,550445.8369330479,5750058.062433929,13.0,5,9
2374,601,550437.8777799361,5750061.380068966,13.0,5,9
2375,601,550451.8208224158,5749943.793049112,13.0,5,9
2376,601,550347.8619706366,5749909.731011968,13.0,5,9
2376,602,550254.2098886378,5749975.366552448,13.0,5,9
2377,602,550333.2951568222,5750083.282565254,13.0,5,9
2378,602,550341.8688234728,5750103.50574657,13.0,5,9
2379,602,550250.8355313768,5750065.81977438,13.0,5,9
2380,602,550242.0486438365,5750062.547653802,13.0,5,9
2380,603,549828.9096608952,5750374.4754641615,13.0,5,9
2381,603,549827.6511109252,5750381.029546281,13.0,5,9
2382,603,549899.2703676457,5750458.3463112,13.0,5,9
2383,603,549812.3101412649,5750423.016019803,13.0,5,9
2383,604,548546.667022997,5748886.926395204,13.0,5,9
2384,604,548588.476905884,5748893.315641175,13.0,5,9
2385,604,548582.7213268842,5748807.837792027,13.0,5,9
2386,604,548504.7830777428,5748776.636400146,13.0,5,9
2387,604,548466.0709116803,5748753.320130904,13.0,5,9
2388,604,548428.1110326546,5748784.526443265,13.0,5,9
2390,605,538543.6312748686,5754078.41738475,13.0,5,9
2391,605,538531.8286785383,5754073.372660506,13.0,5,9
2392,605,538516.9885046087,5754082.037629435,13.0,5,9
2393,605,538496.2760086864,5754095.923229842,13.0,5,9
2394,605,538496.2128807238,5754051.788400952,13.0,5,9
2395,605,538507.0018577472,5754063.073526585,13.0,5,9
2395,606,538899.5830665911,5754196.282047361,13.0,5,9
2396,606,538943.2977592081,5754087.268402574,13.0,5,9
2397,606,538945.4245009038,5754097.798234208,13.0,5,9
2398,606,538993.7980517389,5754058.061186402,13.0,5,9
2400,607,551609.2093987113,5749811.437539463,13.0,5,9
2401,607,551634.500676562,5749836.063322113,13.0,5,9
2402,607,551645.3110121224,5749718.154110915,13.0,5,9
2402,608,551950.1162880021,5749605.354519653,13.0,5,9
2403,608,551964.4370777128,5749638.501347132,13.0,5,9
2404,609,553834.3017628787,5749057.590099338,13.0,5,9
2405,609,553863.7793139801,5748919.477953697,13.0,5,9
2406,610,554323.0418024248,5749162.614964447,13.0,5,9
2407,610,554338.4749126681,5749141.325368874,13.0,5,9
2408,610,554258.2666811307,5749109.833053491,13.0,5,9
2409,610,554421.2033057786,5749107.998479087,13.0,5,9
2410,610,554470.8804927787,5749082.489469904,13.0,5,9
2410,611,554439.7852329639,5748861.500164022,13.0,5,9
2411,611,554479.5517672143,5748802.153765038,13.0,5,9
2412,611,554587.1966067858,5748847.559358539,13.0,5,9
2428,616,542863.0269654689,5747443.217026447,13.0,5,9
2429,616,541601.3692189913,5747250.277279428,13.0,5,9
2430,616,541264.1051630425,5747175.921414595,13.0,5,9
2431,616,539597.5584418981,5746871.144431488,13.0,5,9
2433,617,542029.3354368166,5747254.063863743,13.0,5,9
2434,617,541255.9244424456,5746871.29467932,13.0,5,9
2435,617,540958.4266291632,5746619.233144212,13.0,5,9
2435,618,541118.9404084388,5745957.762898293,13.0,5,9
2436,618,540526.3328558399,5746062.379727869,13.0,5,9
2440,619,539044.9036364601,5743077.2081330335,13.0,5,9
2441,619,538897.0562714785,5742795.407819341,13.0,5,9
2442,619,538822.7302028984,5742491.035409204,13.0,5,9
2444,620,537781.1058812094,5742060.619383588,13.0,5,9
2445,620,537996.0172299528,5742092.785805014,13.0,5,9
2446,620,536652.1193479783,5740656.347446282,13.0,5,9
2447,621,537371.3984789131,5741906.696002325,13.0,5,9
2448,621,537487.7011800506,5741783.525880036,13.0,5,9
2449,621,537607.5346004348,5741650.239861666,13.0,5,9
2449,622,538094.2883689367,5742351.823107557,13.0,5,9
2450,622,538116.6667214007,5742322.530247661,13.0,5,9
2451,622,538166.8600122981,5742264.679524879,13.0,5,9
2452,622,538191.5498978955,5742264.469174271,13.0,5,9
2453,622,538174.5479921757,5742228.271032847,13.0,5,9
2453,623,538739.3613817099,5740779.694027082,13.0,5,9
2454,623,538729.4362226503,5740678.234916875,13.0,5,9
2455,623,538694.0524893495,5740434.640301293,13.0,5,9
2456,623,538683.9589404588,5740299.249546717,13.0,5,9
2457,623,538351.2529275176,5738546.236283005,13.0,5,9
2457,624,538483.9670765263,5739224.72463123,13.0,5,9
2458,624,538397.0724565731,5739032.959298494,13.0,5,9
2459,624,537975.6100590548,5737661.8401889205,13.0,5,9
2460,624,538033.2813892614,5737509.3040145645,13.0,5,9
2460,625,538245.6701708626,5738686.60500273,13.0,5,9
2461,625,538220.1740551657,5738294.135753077,13.0,5,9
2462,625,538275.6169537138,5738212.839548282,13.0,5,9
2462,626,538286.6519548409,5739134.143230742,13.0,5,9
2463,626,538303.4154905404,5738919.495196129,13.0,5,9
2464,626,538317.0605340466,5738895.558896029,13.0,5,9
2465,626,538326.9966275109,5738888.411895819,13.0,5,9
2466,626,538423.3134239118,5738940.428156984,13.0,5,9
2467,626,538405.9889532562,5738830.660812799,13.0,5,9
2467,627,538077.9688429603,5737888.255642973,13.0,5,9
2468,627,538028.7224715016,5737786.559119507,13.0,5,9
2469,627,537771.7027306254,5737476.692991136,13.0,5,9
2470,627,537857.8166340897,5737455.30611581,13.0,5,9
2471,627,537700.3928446594,5736476.587797405,13.0,5,9
2472,627,537787.5947213819,5736380.289042772,13.0,5,9
2472,628,537849.3905090054,5737163.705441064,13.0,5,9
2473,628,537168.4953662024,5735284.5940538645,13.0,5,9
2474,628,537211.757338021,5735266.379044293,13.0,5,9
2475,628,536873.3794307234,5734456.993580858,13.0,5,9
2475,629,537342.7802991176,5735551.576344909,13.0,5,9
2476,629,537206.6863256457,5735443.801846079,13.0,5,9
2477,629,537164.174453983,5735396.506787462,13.0,5,9
2477,630,537301.0928815621,5735987.552018663,13.0,5,9
2478,630,537221.5133782895,5735873.973761112,13.0,5,9
2479,630,537373.3113436548,5735920.036854031,13.0,5,9
2480,630,537280.0966378401,5735857.946520884,13.0,5,9
2481,630,537386.0050939603,5735896.253088875,13.0,5,9
2481,631,538378.6992307239,5734766.79886838,13.0,5,9
2482,631,538325.5623981069,5734644.861326849,13.0,5,9
2483,631,538439.4365679816,5734667.038554608,13.0,5,9
2484,631,538605.5954887705,5734073.5669835815,13.0,5,9
2485,631,538742.2066595802,5734122.058949462,13.0,5,9
2486,631,539023.7402421397,5732851.257913084,13.0,5,9
2486,632,539206.5995706654,5733241.909746235,13.0,5,9
2487,632,539227.0414400739,5733220.193198609,13.0,5,9
2488,633,539325.2575425546,5733795.426419669,13.0,5,9
2489,633,539339.0458267612,5733745.007469996,13.0,5,9
2489,634,539037.0528797458,5734469.334414145,13.0,5,9
2490,634,538972.4283616511,5734320.949532057,13.0,5,9
2491,634,539084.5213170158,5734425.005426677,13.0,5,9
2492,634,539114.8883454839,5734432.952005223,13.0,5,9
2492,635,539335.2220654709,5732677.305550085,13.0,5,9
2493,635,539378.440299671,5732702.925270114,13.0,5,9
2494,635,539407.5662732165,5732725.981418984,13.0,5,9
2495,635,539471.2077883373,5732718.175689236,13.0,5,9
2496,635,539361.9829273005,5732616.718424211,13.0,5,9
2497,635,539357.211153131,5732589.02718123,13.0,5,9
2497,636,539250.2945449062,5732517.166000808,13.0,5,9
2498,636,539346.4716725124,5732450.670241605,13.0,5,9
2499,636,539323.1234383599,5732428.69290843,13.0,5,9
2500,636,540010.2274276813,5730589.364684889,13.0,5,9
2501,636,539980.4803799542,5730553.55772179,13.0,5,9
2501,637,540198.384475238,5731239.378203362,13.0,5,9
2502,637,540483.6480018962,5729937.546196912,13.0,5,9
2503,637,540490.3158747202,5729319.205894433,13.0,5,9
2503,638,540223.477038509,5730375.9778290605,13.0,5,9
2504,638,540188.9013577084,5730261.777745589,13.0,5,9
2505,638,540187.7116944875,5730196.82128175,13.0,5,9
2505,639,540106.7697644011,5731147.679839776,13.0,5,9
2506,639,540119.0589417364,5731091.960300791,13.0,5,9
2507,639,540133.0615402731,5730993.86003466,13.0,5,9
2508,640,540103.8098210747,5731648.913356896,13.0,5,9
2509,640,540126.6911561504,5731607.36849664,13.0,5,9
2510,640,540135.4135307036,5731580.390723559,13.0,5,9
2511,640,540163.7981516169,5731527.975288286,13.0,5,9
2512,640,540197.546097989,5731510.022909446,13.0,5,9
2512,641,540022.0303155957,5731536.50986444,13.0,5,9
2513,641,539933.270286217,5731444.015872569,13.0,5,9
2514,641,540045.5917706379,5731444.040474979,13.0,5,9
2514,642,539449.8733799289,5729417.616201052,13.0,5,9
2515,642,539294.7644768493,5729276.723732458,13.0,5,9
2516,642,539278.6384169384,5729233.170085398,13.0,5,9
2517,642,539034.4819096391,5729119.515560375,13.0,5,9
2518,642,539102.2435084148,5729184.06982492,13.0,5,9
2519,642,538989.2080073734,5729128.727932935,13.0,5,9
2519,643,539348.6809325146,5728894.349995333,13.0,5,9
2520,643,539520.60687698,5727979.127258751,13.0,5,9
2521,643,539313.6568682293,5727778.620689614,13.0,5,9
2522,643,539393.6923361738,5726931.110966603,13.0,5,9
2523,643,539345.7996440053,5726897.322631274,13.0,5,9
2523,644,539250.5259898036,5727646.092685176,13.0,5,9
2524,644,539211.8717760855,5726994.179004095,13.0,5,9
2525,644,539213.0155148072,5726968.588191898,13.0,5,9
2526,644,539159.2695629577,5726277.799677261,13.0,5,9
2526,645,539026.780662684,5727069.154043256,13.0,5,9
2527,645,539029.8138665212,5727102.348230375,13.0,5,9
2528,645,538952.2123241457,5726787.257816613,13.0,5,9
2529,645,538919.1685534304,5726704.99535215,13.0,5,9
2530,645,538742.8036051756,5726170.327095567,13.0,5,9
2530,646,538998.4849749282,5727372.192975417,13.0,5,9
2531,646,538729.9775485743,5726939.322791026,13.0,5,9
2532,646,538663.931120505,5726851.05655936,13.0,5,9
2533,647,539810.8900243125,5729477.825160545,13.0,5,9
2534,647,539712.6476063647,5729452.139679184,13.0,5,9
2535,647,539673.9070108503,5729464.932932572,13.0,5,9
2536,647,539732.2005086788,5729444.544915106,13.0,5,9
2537,647,539842.3843169995,5729413.109185268,13.0,5,9
2538,647,539973.2286828207,5729512.500462884,13.0,5,9
2540,648,537312.9962931031,5725037.07168877,13.0,5,9
2541,648,537340.8101380961,5725039.498716552,13.0,5,9
2542,648,537295.0561425722,5724968.737979165,13.0,5,9
2543,648,537381.472929044,5724889.3410804495,13.0,5,9
2544,648,536735.132545881,5724626.92775315,13.0,5,9
2544,649,536892.080615815,5724253.102123505,13.0,5,9
2545,649,536719.6253732707,5723995.602562731,13.0,5,9
2546,649,536941.1432892764,5724098.637457321,13.0,5,9
2547,649,536942.6636088927,5723858.618938765,13.0,5,9
2548,649,536928.0246280079,5723829.120648743,13.0,5,9
2549,650,538863.7094719639,5725033.175528054,13.0,5,9
2550,650,538833.0854120916,5724959.434409116,13.0,5,9
2551,650,538881.7435125825,5724979.936212731,13.0,5,9
2552,650,538919.3589578631,5724999.384418121,13.0,5,9
2553,650,538991.6364657406,5725080.874366897,13.0,5,9
2556,651,533414.0665477292,5726371.001371136,13.0,5,9
2557,651,533224.45522436,5726333.370139308,13.0,5,9
2558,651,533417.9036125449,5726961.059257492,13.0,5,9
2559,651,533364.8892452595,5727011.481282466,13.0,5,9
2559,652,532317.4902822586,5725688.765287624,13.0,5,9
2560,652,532266.3203667898,5726057.99248986,13.0,5,9
2561,652,532170.7323484558,5726077.214968136,13.0,5,9
2562,652,532215.4597127312,5726501.480536954,13.0,5,9
2563,652,532340.0872499183,5727097.897280749,13.0,5,9
2563,653,532594.7260241917,5726486.134359783,13.0,5,9
2564,653,532678.386793983,5726616.401047341,13.0,5,9
2566,654,540461.4021744161,5733948.364592858,13.0,5,9
2567,654,540700.3071787677,5734711.902749294,13.0,5,9
2568,654,540758.1042546273,5734779.259228379,13.0,5,9
2568,655,540673.5310087717,5733685.969936053,13.0,5,9
2569,655,540972.7554374371,5734711.653554213,13.0,5,9
2570,655,540961.4667581232,5734736.423260964,13.0,5,9
2571,655,540918.3841834363,5734987.079296816,13.0,5,9
2571,656,540518.7338820155,5734060.866203369,13.0,5,9
2572,656,540615.2857681154,5734233.8998759175,13.0,5,9
2573,656,540588.9568152677,5734302.956381558,13.0,5,9
2574,656,540552.1002176667,5734375.780746346,13.0,5,9
2575,656,540471.4447689811,5734509.055693631,13.0,5,9
2576,656,540410.3793995852,5734553.154284081,13.0,5,9
2576,657,540223.6044607705,5734704.101142729,13.0,5,9
2577,657,540079.5065031279,5734780.6638437705,13.0,5,9
2578,657,540035.9252466949,5734811.238489246,13.0,5,9
2579,658,538697.963069812,5736884.201912733,13.0,5,9
2580,658,538551.1041750069,5736900.1959397085,13.0,5,9
2581,658,538635.8545582169,5736979.605139629,13.0,5,9
2582,658,538678.6212015068,5737024.204389131,13.0,5,9
2583,658,538713.4188507209,5737049.186906732,13.0,5,9
2583,659,538210.938128076,5737167.343672849,13.0,5,9
2584,659,538051.2737333501,5738052.563355401,13.0,5,9
2585,659,537386.4515092518,5740243.8638806725,13.0,5,9
2586,659,537517.9005476476,5740306.630780105,13.0,5,9
2587,659,537369.3428108471,5741767.323739455,13.0,5,9
2637,674,537289.418261171,5737512.260085477,14.0,5,10
2638,674,537296.5999781154,5737450.864155361,14.0,5,10
2639,674,537356.8474540468,5737484.499955745,14.0,5,10
2640,674,537382.6138317776,5737495.712504268,14.0,5,10
2641,674,537409.5048130219,5737528.895620301,14.0,5,10
2641,675,537625.9808750643,5739689.142860205,14.0,5,10
2642,675,537627.0133744432,5740227.491783171,14.0,5,10
2643,675,537782.7355518288,5741298.059505742,14.0,5,10
2644,675,537801.7953124952,5741340.933511217,14.0,5,10
2645,675,538010.6498393919,5741863.077159067,14.0,5,10
2645,676,538189.2146805092,5741340.9131413335,14.0,5,10
2646,676,538223.8253514045,5741385.589273367,14.0,5,10
2647,676,538222.302334635,5741395.500636853,14.0,5,10
2648,677,538899.4470495544,5741766.106426043,14.0,5,10
2649,677,538908.6406969461,5741798.070492644,14.0,5,10
2650,677,538917.7681911897,5741812.718152712,14.0,5,10
2651,677,538930.5603511368,5741822.227599377,14.0,5,10
2652,677,538916.3456251507,5741816.833520905,14.0,5,10
2652,678,538954.2114682968,5741636.497852962,14.0,5,10
2653,678,539003.2867163233,5741663.219760976,14.0,5,10
2654,678,539059.4578462181,5741658.806088557,14.0,5,10
2655,678,539034.8844120298,5741633.234343228,14.0,5,10
2656,678,539146.9024667229,5741640.699329591,14.0,5,10
2657,678,539223.2120727464,5741834.255549231,14.0,5,10
2657,679,539084.7469736359,5741674.485651168,14.0,5,10
2658,679,539327.0319846908,5742603.348528999,14.0,5,10
2659,679,539301.8484107255,5742599.379545148,14.0,5,10
2660,680,539325.5067445926,5743661.621761937,14.0,5,10
2661,680,539334.9868733848,5743663.359307169,14.0,5,10
2662,680,539493.6418767734,5743970.247026738,14.0,5,10
2663,680,539450.5974996067,5743941.85153976,14.0,5,10
2664,680,539305.2382583929,5743889.113812911,14.0,5,10
2664,681,538909.4948197374,5742891.244969169,14.0,5,10
2665,681,538790.1698491672,5742852.2581445305,14.0,5,10
2666,681,538799.3706039218,5742858.118438678,14.0,5,10
2667,681,538741.1613010088,5742857.907473009,14.0,5,10
2668,681,538716.6430855636,5742900.591424865,14.0,5,10
2668,682,538871.2845428463,5742811.135215613,14.0,5,10
2669,682,538869.2884672857,5742835.558643438,14.0,5,10
2670,683,539064.0012371232,5744032.41793278,14.0,5,10
2671,683,539083.7564259225,5744033.093884004,14.0,5,10
2672,683,539103.1114155132,5744034.632764772,14.0,5,10
2673,683,539121.8393169999,5744041.851111972,14.0,5,10
2673,684,538991.6132917592,5744149.62996634,14.0,5,10
2674,684,538993.8504709413,5744157.5876159705,14.0,5,10
2675,684,539044.1565684461,5744784.994936326,14.0,5,10
2675,685,539710.48387689,5744757.685645765,14.0,5,10
2676,685,539699.5303370772,5744811.132537092,14.0,5,10
2677,685,539860.9455851163,5745662.648279696,14.0,5,10
2678,686,540627.4652803291,5745708.422604101,14.0,5,10
2679,686,540619.272677679,5745713.982748843,14.0,5,10
2680,686,540696.9262313724,5745957.9629707625,14.0,5,10
2681,686,540700.8604301491,5745957.534273761,14.0,5,10
2682,686,540739.9104693139,5745983.298532952,14.0,5,10
2683,686,540712.1332545764,5746014.739183271,14.0,5,10
2683,687,540788.1115116923,5745658.221964375,14.0,5,10
2684,687,540701.7264349938,5745656.02496913,14.0,5,10
2685,687,540754.0951256873,5745682.463949424,14.0,5,10
2686,687,540786.5047009357,5745724.492247043,14.0,5,10
2687,687,540746.8745916067,5745741.0921083735,14.0,5,10
2687,688,540767.2207849749,5745386.817399181,14.0,5,10
2688,688,540847.4897024577,5745529.2850370975,14.0,5,10
2689,689,541004.6127228654,5745047.178663912,14.0,5,10
2690,689,540991.7833859427,5745179.028516578,14.0,5,10
2691,689,541006.4092455419,5745221.357578663,14.0,5,10
2692,689,541037.3393958473,5745203.787767304,14.0,5,10
2693,689,541139.304905667,5745204.370229369,14.0,5,10
2693,690,540939.8170813386,5745045.278127712,14.0,5,10
2694,690,541112.6798126946,5745258.020537071,14.0,5,10
2695,690,541171.0476644745,5745275.398449629,14.0,5,10
2696,690,541430.144031025,5746131.942642438,14.0,5,10
2696,691,541051.2466828236,5745842.081964052,14.0,5,10
2697,691,541155.5568934707,5746402.110230331,14.0,5,10
2698,691,541114.797260146,5746306.951182358,14.0,5,10
2698,692,540810.4736447892,5745673.795850524,14.0,5,10
2699,692,540826.6163978912,5745708.474925232,14.0,5,10
2700,692,540877.244878092,5745717.134358618,14.0,5,10
3051,779,563176.6095527482,5994601.476492593,14.0,6,11
3052,779,563178.957716137,5994637.537990408,14.0,6,11
3053,779,563176.6204871527,5994624.677695452,14.0,6,11
3053,780,561225.0222574553,5993691.161991551,14.0,6,11
3054,780,561203.2076828928,5993725.556293361,14.0,6,11
3055,780,561206.5645451064,5993709.993423627,14.0,6,11
3056,780,561169.4751540314,5993805.623307063,14.0,6,11
3057,780,561102.6415581744,5993972.951869725,14.0,6,11
3057,781,561103.096429406,5993678.317401139,14.0,6,11
3058,781,561100.4672518187,5993674.453285062,14.0,6,11
3059,781,561056.6738679365,5993635.009470651,14.0,6,11
3060,781,561042.8934929493,5993812.291835955,14.0,6,11
3142,803,560207.665716898,5994793.635568695,14.0,6,12
3143,803,560184.6914393831,5994783.493225024,14.0,6,12
3144,803,560198.7623779486,5995058.388257188,14.0,6,12
3145,803,560159.3854000862,5995448.061529467,14.0,6,12
3145,804,559691.7917154131,5994668.584592134,14.0,6,12
3146,804,559258.9435775158,5994658.722351459,14.0,6,12
3147,804,559329.9636288638,5994567.80106867,14.0,6,12
3148,804,559104.5936861321,5994187.210974402,14.0,6,12
3148,805,557799.0246828906,5994991.364744388,14.0,6,12
3149,805,557806.1481741305,5994767.107008288,14.0,6,12
3150,805,557569.2718116413,5994459.307086014,14.0,6,12
3150,806,557710.1176039943,5994885.42452382,14.0,6,12
3151,806,557553.9967035447,5994783.445040741,14.0,6,12
3151,807,557955.8740698234,5995151.949784085,14.0,6,12
3152,807,557950.7493877453,5995145.553772452,14.0,6,12
3153,807,557577.695840965,5995062.153646974,14.0,6,12
3153,808,556888.4289717408,5995771.914734068,14.0,6,12
3154,808,556646.6340589243,5995772.449221433,14.0,6,12
3155,808,556644.6691464168,5995757.532164971,14.0,6,12
3156,808,556396.7177628797,5995700.25511117,14.0,6,12
3156,809,556951.9203574867,5995858.912365223,14.0,6,12
3157,809,556906.0253810394,5995856.346333823,14.0,6,12
3158,809,556758.1072340122,5995747.832168079,14.0,6,12
3159,809,556698.6478552927,5995738.022572008,14.0,6,12
3180,814,559893.9053094401,5993800.557538644,14.0,6,13
3181,814,559935.750729142,5993776.155637927,14.0,6,13
3182,814,559884.1561942946,5993705.804430441,14.0,6,13
3183,814,559874.4524569281,5993685.220516282,14.0,6,13
3184,814,559884.577715592,5993614.3348966045,14.0,6,13
3184,815,560005.4854412287,5993904.361641261,14.0,6,13
3185,815,559910.6354952055,5993835.006216333,14.0,6,13
3186,815,559952.8940896095,5993785.169314127,14.0,6,13
3187,815,559943.1367736604,5993579.863830717,14.0,6,13
3188,815,559968.8260638387,5993543.660768812,14.0,6,13
3258,833,560024.540428882,5994477.156705002,16.0,6,14
3259,833,560040.3510312202,5994483.833491644,16.0,6,14
3260,833,560059.8156382171,5994476.23672862,16.0,6,14
3261,833,560032.8329446542,5994476.370811756,16.0,6,14
3262,833,560046.9428370361,5994481.621805571,16.0,6,14
3262,834,560057.4919405585,5994519.6975722,16.0,6,14
3263,834,560058.3964891795,5994516.571682199,16.0,6,14
3264,834,560056.5561924365,5994528.859472232,16.0,6,14
3265,834,560057.0397300321,5994547.532190286,16.0,6,14
3266,834,560059.0508403991,5994552.958713186,16.0,6,14
3267,835,560210.7051185757,5994565.601002311,16.0,6,14
3268,835,560215.1701826961,5994563.960944131,16.0,6,14
3269,835,560222.1267875857,5994579.013737558,16.0,6,14
3270,835,560227.0979779591,5994578.88688138,16.0,6,14
3271,835,560241.4839276093,5994574.640563441,16.0,6,14
3271,836,560247.9599654165,5994552.153499076,16.0,6,14
3272,836,560240.88728271,5994566.041995962,16.0,6,14
3273,836,560251.4858644133,5994571.072727586,16.0,6,14
3274,836,560249.8754999752,5994575.482235819,16.0,6,14
3275,836,560230.1710194772,5994572.143842499,16.0,6,14
3305,845,560216.8144255644,5993817.89976709,16.0,6,14
3306,845,560223.1126426167,5993812.049313906,16.0,6,14
3307,845,560209.9011847011,5993785.293768929,16.0,6,14
3308,845,560229.0141139099,5993791.996080572,16.0,6,14
3309,845,560231.676267839,5993781.325348314,16.0,6,14
3309,846,560191.1890378691,5993841.367761446,16.0,6,14
3310,846,560190.7650563305,5993837.218411174,16.0,6,14
3311,846,560190.1590169553,5993832.334525187,16.0,6,14
3312,846,560187.4855550295,5993817.613211652,16.0,6,14
3313,846,560169.9306417967,5993804.500050047,16.0,6,14
3314,847,560121.8314260611,5993935.194127603,16.0,6,14
3315,847,560102.1187447597,5993916.570871785,16.0,6,14
3316,847,560107.2107603041,5993906.732675413,16.0,6,14
3317,847,560104.4007550008,5993899.487419327,16.0,6,14
3318,847,560099.5816895313,5993887.991635555,16.0,6,14
3318,848,560113.8022927599,5993973.944769102,16.0,6,14
3319,848,560104.0370493676,5993972.604552797,16.0,6,14
3320,848,560085.4322966128,5993951.51213757,16.0,6,14
3321,848,560092.3990158266,5993952.701202815,16.0,6,14
3322,848,560087.8175002972,5993951.72617854,16.0,6,14
3323,849,560012.8322237994,5994438.726124911,16.0,6,14
3324,849,560024.685118391,5994451.152789855,16.0,6,14
3325,849,560009.5565495399,5994451.054072684,16.0,6,14
3326,849,559993.924506029,5994495.885407203,16.0,6,14
3327,849,560005.5384838799,5994505.028739248,16.0,6,14
3327,850,560049.4418952084,5994521.171149511,16.0,6,14
3328,850,560012.3381527273,5994605.895852817,16.0,6,14
3328,851,560029.4328642063,5994691.267139358,16.0,6,14
3329,851,560034.4542434969,5994747.254482416,16.0,6,14
3330,851,560032.9849328782,5994748.173536208,16.0,6,14
3331,851,560029.8037045385,5994763.139830521,16.0,6,14
3332,851,560013.5591430175,5994762.81807086,16.0,6,14
3332,852,560043.8680824613,5994672.826605417,16.0,6,14
3333,852,560040.1680166231,5994676.635058541,16.0,6,14
3334,852,560036.985831523,5994679.297654402,16.0,6,14
3335,852,560045.7893940303,5994685.172556231,16.0,6,14
3336,852,560045.1465877197,5994685.174247647,16.0,6,14
3337,853,560154.0912546385,5994503.465303911,16.0,6,14
3338,853,560169.3785090363,5994511.175545553,16.0,6,14
3339,853,560154.1750395137,5994505.215457877,16.0,6,14
3340,853,560169.1339884133,5994512.828827528,16.0,6,14
3341,853,560164.5830892168,5994507.010665009,16.0,6,14
3341,854,560212.0865165815,5994267.280934328,16.0,6,14
3342,854,560195.3057591948,5994255.959673906,16.0,6,14
3343,854,560215.4388683531,5994262.437334789,16.0,6,14
3344,854,560213.902037786,5994264.521005182,16.0,6,14
3345,854,560212.263653936,5994265.292598276,16.0,6,14
3375,863,560091.5623595071,5994201.2467681095,17.0,6,15
3376,863,560089.4635005431,5994199.506070694,17.0,6,15
3377,863,560088.230646424,5994198.508135423,17.0,6,15
3378,863,560084.3985112021,5994187.860964529,17.0,6,15
3379,863,560072.3798738167,5994136.771250639,17.0,6,15
3379,864,560081.1636177157,5994172.724521197,17.0,6,15
3380,864,560078.1628753921,5994169.067526662,17.0,6,15
3381,864,560077.9027732426,5994124.608812733,17.0,6,15
3382,864,560084.6228532925,5994123.58896594,17.0,6,15
3383,865,560127.3756691169,5993988.221765325,17.0,6,15
3384,865,560136.9164155145,5993992.94043075,17.0,6,15
3385,865,560140.649885959,5993957.84694837,17.0,6,15
3386,866,560119.7347800753,5994003.260005741,17.0,6,15
3387,866,560121.9706607969,5994005.790978707,17.0,6,15
3388,866,560121.7780785958,5994006.129492498,17.0,6,15
3388,867,560114.0687766292,5993888.86198819,17.0,6,15
3389,867,560113.5093451536,5993888.380818862,17.0,6,15
3390,867,560114.6170003401,5993885.8141724,17.0,6,15
3391,867,560115.3150253941,5993881.064523315,17.0,6,15
3392,867,560115.6034203155,5993879.432268712,17.0,6,15
3392,868,560123.217729642,5993883.182483317,17.0,6,15
3393,868,560121.4349433113,5993882.866880521,17.0,6,15
3394,868,560112.2866053587,5993879.993741846,17.0,6,15
3395,868,560116.9864858179,5993859.570164501,17.0,6,15
3395,869,560133.3494122687,5993936.031149953,17.0,6,15
3396,869,560128.8598140781,5993942.518498034,17.0,6,15
3397,869,560128.5057124969,5993851.605266271,17.0,6,15
3398,869,560126.4654892777,5993858.538917454,17.0,6,15
3398,870,560119.0272238653,5993945.013698983,17.0,6,15
3399,870,560115.3814974623,5993919.265057766,17.0,6,15
3400,870,560139.250550974,5993912.776045603,17.0,6,15
3400,871,560164.9403878725,5993949.296939897,17.0,6,15
3401,871,560157.3966737958,5993953.7617392,17.0,6,15
3402,871,560179.6855327142,5993966.639511549,17.0,6,15
3403,871,560178.9473237233,5993979.429612752,17.0,6,15
3404,871,560172.1397684366,5993981.673813872,17.0,6,15
4071,1042,-190752.01649004,6124610.736693078,12.0,8,16
4072,1042,-190770.8138249959,6124607.587584551,12.0,8,16
4073,1042,-190915.2846458355,6124497.848533138,12.0,8,16
4074,1042,-191185.95861511776,6125135.665748376,12.0,8,16
4075,1042,-191214.5083455406,6125011.020096525,12.0,8,16
4075,1043,-191922.73847931065,6124585.07364547,12.0,8,16
4076,1043,-193801.29681799345,6126297.299716601,12.0,8,16
4077,1043,-193795.77494366808,6126315.86469546,12.0,8,16
4078,1043,-194287.30136109176,6126445.812895703,12.0,8,16
4078,1044,-193428.88061943345,6124282.00384184,12.0,8,16
4079,1044,-193714.69072052985,6124425.047176158,12.0,8,16
4080,1044,-193742.34382977517,6124875.04248334,12.0,8,16
4083,1045,-191243.56776501008,6124179.652894258,12.0,8,16
4084,1045,-191480.15329056105,6124608.613140581,12.0,8,16
4085,1045,-191689.55369938372,6123778.6828102,12.0,8,16
4086,1045,-191494.81632713592,6121888.313555928,12.0,8,16
4086,1046,-191707.2586873197,6124408.595544349,12.0,8,16
4087,1046,-191687.62924417327,6123506.177902203,12.0,8,16
4088,1046,-191341.3257159379,6122936.183108367,12.0,8,16
4088,1047,-192588.8756749064,6124175.335171239,12.0,8,16
4089,1047,-191998.3762755152,6123558.112360354,12.0,8,16
4090,1047,-191759.4890577949,6123736.408488479,12.0,8,16
4091,1047,-191936.47989136932,6124158.425934598,12.0,8,16
4092,1047,-191727.46328014825,6124330.320515546,12.0,8,16
4093,1047,-191327.37778942412,6123873.790808173,12.0,8,16
4093,1048,-191921.9622823757,6124764.658848776,12.0,8,16
4094,1048,-191744.98894384867,6124406.4821973,12.0,8,16
4095,1048,-191499.04356795608,6123913.991146701,12.0,8,16
4096,1048,-191434.0735226759,6123823.902040443,12.0,8,16
4097,1048,-191397.3291732145,6123812.902824528,12.077161764562202,8,16
4112,1053,-191118.61622613936,6125204.21804536,14.0,8,17
4113,1053,-191127.21258167943,6125184.606849002,14.0,8,17
4114,1053,-191456.39556590503,6125004.321351752,14.0,8,17
4115,1053,-191476.92081014864,6125007.550418112,14.0,8,17
4116,1053,-191721.96626631825,6124891.85608902,14.0,8,17
4116,1054,-191542.97306990065,6124887.866808181,14.0,8,17
4117,1054,-191786.50912263457,6124772.970444602,14.0,8,17
4118,1054,-191729.76502993848,6124808.1771088885,14.0,8,17
4119,1054,-191856.80859671917,6124746.175212293,14.0,8,17
4119,1055,-192348.19062533003,6124392.195116964,14.0,8,17
4120,1055,-192354.9650357029,6124359.263560576,14.0,8,17
4121,1055,-192363.5472676371,6124338.82274816,14.0,8,17
4122,1055,-192384.56647360872,6124309.3250731975,14.0,8,17
4123,1055,-192271.70455624023,6124282.864565794,14.0,8,17
4123,1056,-192274.02565697773,6124200.718347722,14.0,8,17
4124,1056,-192270.01191040743,6124237.198801804,14.0,8,17
4125,1056,-192255.89450062235,6124200.004877821,14.0,8,17
4126,1056,-192220.8677756319,6124170.179375741,14.0,8,17
4126,1057,-191475.47269405096,6124202.753582118,14.0,8,17
4127,1057,-191454.43325943084,6124194.995827071,14.0,8,17
4128,1057,-191355.3358439389,6124222.414598358,14.0,8,17
4129,1057,-191304.0338044146,6124234.916928243,14.0,8,17
4130,1058,-191155.75945093328,6124157.768074774,14.0,8,17
4131,1058,-191109.54409643103,6124200.003032641,14.0,8,17
4132,1058,-191098.8026840676,6124215.020343924,14.0,8,17
4132,1059,-190613.0532406287,6124330.917378651,14.0,8,17
4133,1059,-190650.3597889793,6124307.26462133,14.0,8,17
4134,1059,-190644.5257374024,6124323.609232653,14.0,8,17
4150,1064,-175559.75131580292,6129788.266643147,12.0,8,18
4151,1064,-170841.89542437848,6131193.455434835,12.0,8,18
4152,1064,-165789.37735502908,6131839.044551505,12.0,8,18
4153,1064,-165570.1775327996,6132031.01961979,12.0,8,18
4156,1065,-174698.01147207484,6126997.44518773,12.0,8,18
4157,1065,-174371.94096612,6127125.136617984,12.0,8,18
4158,1065,-174619.95294448282,6126962.979671055,12.0,8,18
4159,1065,-174525.71368495678,6126933.080361744,12.0,8,18
4160,1066,-176232.82136129428,6126047.944682756,12.0,8,18
4161,1066,-176247.6112369626,6125968.223032224,12.0,8,18
4162,1066,-176574.26782700428,6125715.012564551,12.0,8,18
4162,1067,-176469.03293020773,6125324.791273582,12.0,8,18
4163,1067,-176317.56518386162,6125401.230962572,12.0,8,18
4164,1067,-176531.25843993216,6125350.579520121,12.0,8,18
4165,1067,-176664.39356351807,6125486.935919303,12.0,8,18
4166,1067,-176821.14044040733,6125782.383805083,12.0,8,18
4166,1068,-176928.05704863206,6125788.246559472,12.0,8,18
4167,1068,-176828.40088506485,6125576.564960488,12.0,8,18
4168,1068,-176876.30451163804,6125755.695110324,12.0,8,18
4169,1068,-176955.81294128063,6125709.787012591,12.0,8,18
4191,1075,-181699.2444503269,6125156.792936313,14.0,8,19
4192,1075,-181741.62702265504,6125170.051175256,14.0,8,19
4193,1075,-181719.1461601479,6125198.324880303,14.0,8,19
4194,1075,-181775.313189641,6125185.155210038,14.0,8,19
4195,1075,-181755.55034675845,6125213.606667499,14.0,8,19
4195,1076,-181501.8445505578,6125208.200902882,14.0,8,19
4196,1076,-181886.76890612923,6125154.220007125,14.0,8,19
4197,1076,-182376.9927626044,6125139.212586921,14.0,8,19
4200,1077,-180263.5740193851,6125883.712377677,14.0,8,19
4201,1077,-180673.15239570683,6125785.858285993,14.0,8,19
4202,1077,-180626.5969812214,6125823.611914813,14.0,8,19
4202,1078,-180215.24358655215,6125925.670708771,14.0,8,19
4203,1078,-180240.9443578553,6125928.571948013,14.0,8,19
4205,1079,-182064.17869141608,6125194.200454774,14.0,8,19
4206,1079,-182083.7387010932,6125179.976571225,14.0,8,19
4207,1079,-182025.49167448425,6125208.456936518,14.0,8,19
4208,1079,-182061.17774407237,6125187.70541844,14.0,8,19
4208,1080,-182442.70645674175,6125162.351404442,14.0,8,19
4209,1080,-182362.95145627533,6125221.816045344,14.0,8,19
4210,1080,-182604.3491586208,6125281.805947707,14.0,8,19
4211,1080,-182656.4846731361,6125301.725289255,14.0,8,19
4212,1080,-183765.22026988707,6125242.439366639,14.0,8,19
4215,1081,-185404.11085660104,6125413.021559342,14.0,8,19
4216,1081,-185519.1872642621,6125574.177803228,14.0,8,19
4217,1081,-185918.08746552697,6125942.174506798,14.0,8,19
4217,1082,-185353.92139274525,6125465.137460269,14.0,8,19
4218,1082,-185410.8696854473,6125471.146598999,14.0,8,19
4219,1082,-185251.79952093968,6125450.273298989,14.0,8,19
4219,1083,-185320.79042015312,6125562.631892046,14.0,8,19
4220,1083,-185169.83522402289,6125421.746189116,14.0,8,19
4221,1083,-185152.4590883054,6125376.6776486365,14.0,8,19
4222,1083,-185298.94867359512,6125259.8838560525,14.0,8,19
4223,1083,-185710.142189045,6125247.089472776,14.0,8,19
4223,1084,-185478.5553265591,6125678.183363139,14.0,8,19
4224,1084,-186147.2160916176,6125501.082365436,14.0,8,19
4225,1084,-186073.8667387287,6125432.162403172,14.0,8,19
4226,1084,-186006.2969658577,6125296.153945854,14.0,8,19
4227,1085,-186031.84438213625,6124453.201559669,14.0,8,19
4228,1085,-186086.83599958228,6124390.010651361,14.0,8,19
4229,1085,-186132.86464912587,6124323.166517472,14.0,8,19
4230,1085,-186191.5978558116,6124290.289418974,14.0,8,19
4231,1085,-186234.27784394505,6124294.097872098,14.0,8,19
4232,1085,-186234.4115170413,6124293.499418466,14.0,8,19
4232,1086,-186227.6874049297,6124372.231437041,14.0,8,19
4233,1086,-186287.31435339976,6124327.714605615,14.0,8,19
4234,1086,-186304.62324252888,6124320.002980087,14.0,8,19
4235,1086,-186315.6809325455,6124306.250847756,14.0,8,19
4236,1086,-186284.36999159984,6124338.701427022,14.0,8,19
4236,1087,-186159.96161632892,6124245.275618858,14.0,8,19
4237,1087,-186215.05024016788,6124210.493346151,14.0,8,19
4238,1087,-186222.8699796209,6124213.22236852,14.0,8,19
4239,1087,-186231.66534132484,6124200.632085018,14.0,8,19
4240,1087,-186241.5407488436,6124204.448533925,14.0,8,19
4240,1088,-186227.97552649095,6123945.168344087,14.0,8,19
4241,1088,-186224.73784928757,6123954.375796164,14.0,8,19
4242,1088,-186219.6175409713,6123971.375754193,14.0,8,19
4243,1088,-186171.2986803832,6124010.944118306,14.0,8,19
4244,1088,-186167.80541147213,6124023.542397592,14.0,8,19
4246,1089,-183695.66774320503,6124149.365582309,14.0,8,19
4247,1089,-183626.30235885788,6124123.22690177,14.0,8,19
4248,1089,-183663.62530881533,6124104.974988584,14.0,8,19
4248,1090,-183348.66853170068,6124324.723102864,14.0,8,19
4249,1090,-183483.80370368087,6123962.13098846,14.0,8,19
4250,1090,-183569.28964428877,6123692.486812292,14.0,8,19
4250,1091,-183329.71410579863,6124026.318148594,14.0,8,19
4251,1091,-183262.558273038,6124045.717764224,14.0,8,19
4251,1092,-183135.01336380624,6124566.371809023,14.0,8,19
4252,1092,-183199.8759967852,6124382.134317252,14.0,8,19
4253,1092,-183182.50778851108,6124416.280617652,14.0,8,19
4254,1092,-183159.12620442465,6124413.17305075,14.0,8,19
4290,1103,-182419.9353040164,6125440.802200185,14.0,8,20
4291,1103,-182415.19414617983,6125436.747722958,14.0,8,20
4292,1103,-182456.03083060897,6125588.139101601,14.0,8,20
4293,1103,-182440.28364781756,6125581.118803805,14.0,8,20
4293,1104,-182389.47803026225,6125558.306218798,14.0,8,20
4294,1104,-182369.4669399472,6125801.9859587215,14.0,8,20
4295,1105,-180750.3378475392,6127377.595063812,14.0,8,20
4296,1105,-180725.72668965496,6127380.331466904,14.0,8,20
4297,1105,-180713.9168037216,6127504.446868473,14.0,8,20
4298,1105,-180713.82386128244,6127472.902888029,14.0,8,20
4299,1106,-185922.1830925637,6125906.096056101,14.0,8,20
4300,1106,-185951.6411986491,6125885.473700676,14.0,8,20
4301,1106,-185958.646051599,6125890.581161067,14.0,8,20
4302,1106,-185983.09893397655,6125915.636870839,14.0,8,20
4303,1107,-186237.09285173856,6125457.232459796,14.0,8,20
4304,1107,-186215.1898725148,6125454.801741652,14.0,8,20
4305,1107,-186220.7579446996,6125447.31768842,14.0,8,20
4306,1107,-186240.46556883887,6125455.752624813,14.0,8,20
4307,1107,-186267.06760844155,6125434.30301334,14.0,8,20
4307,1108,-186282.5545524034,6125426.341673347,14.0,8,20
4308,1108,-186339.3213886611,6125379.355292969,14.0,8,20
4309,1108,-186369.52522114053,6125397.530323624,14.0,8,20
4310,1108,-186538.805659308,6125323.216100647,14.0,8,20
4310,1109,-185187.88101912636,6125810.0701239705,14.0,8,20
4311,1109,-185385.177734564,6125765.12431307,14.0,8,20
4312,1109,-185352.08749262895,6125784.105072664,14.0,8,20
4313,1109,-185651.370201671,6125901.461062217,14.0,8,20
4314,1109,-185754.1002086127,6125943.517169674,14.0,8,20
4314,1110,-185302.2430456865,6125915.3246525815,14.0,8,20
4315,1110,-185278.41916493385,6125926.763543279,14.0,8,20
4316,1110,-185346.8991540921,6125909.752206635,14.0,8,20
4317,1110,-185309.23997119308,6125936.718908631,14.0,8,20
4317,1111,-185176.3957027697,6125816.400820763,14.0,8,20
4318,1111,-185200.17365902304,6125841.151460646,14.0,8,20
4319,1111,-185233.29014352907,6125829.037848845,14.0,8,20
4320,1111,-185237.0340836657,6125822.569260101,14.0,8,20
4321,1111,-185199.35412539792,6125838.384919601,14.0,8,20
4321,1112,-185182.8967530274,6125900.816611192,14.0,8,20
4322,1112,-185214.00458740751,6125883.847713706,14.0,8,20
4323,1112,-185151.44831194385,6125966.953275436,14.0,8,20
4324,1112,-185186.9457630525,6125969.298500204,14.0,8,20
4325,1112,-185515.75118228715,6126697.154368536,14.0,8,20
4325,1113,-185464.20858586152,6126503.464512249,14.0,8,20
4326,1113,-185750.22651354148,6126931.116320382,14.0,8,20
4327,1113,-185752.46697304497,6126930.686393261,14.0,8,20
4327,1114,-185500.3770084848,6126377.037440868,14.0,8,20
4328,1114,-185575.0947109899,6126471.751267223,14.0,8,20
4329,1114,-185644.4330509097,6126445.034894752,14.0,8,20
4330,1115,-185772.01863612657,6125539.156158182,14.0,8,20
4331,1115,-185735.2609948872,6125560.837647373,14.0,8,20
4332,1115,-185939.5740990716,6125557.847174278,14.0,8,20
4332,1116,-185796.6001982224,6125384.256257135,14.0,8,20
4333,1116,-186079.6689347404,6125234.407889277,14.0,8,20
4334,1116,-186078.01674620455,6125250.858598494,14.0,8,20
4335,1116,-186265.68874357303,6125142.127906482,14.0,8,20
4336,1117,-186256.4130881469,6125248.00591712,14.0,8,20
4337,1117,-186397.4573217195,6125139.252700234,14.0,8,20
4338,1117,-186448.00040422025,6125098.447500055,14.0,8,20
4339,1117,-186430.98537721485,6125065.531935234,14.0,8,20
4340,1117,-186497.12828318097,6124904.679781694,14.0,8,20
4340,1118,-186653.27158093607,6125313.10255091,14.0,8,20
4341,1118,-186657.0641791732,6125280.9914849065,14.0,8,20
4342,1118,-186642.59522828003,6125170.898924192,14.0,8,20
4343,1118,-186582.6697705642,6125179.34862203,14.0,8,20
4343,1119,-185795.95630758328,6124244.194397598,14.0,8,20
4344,1119,-185791.4300107972,6124231.188948421,14.0,8,20
4345,1119,-185856.39458887503,6124168.25936555,14.0,8,20
4346,1119,-185789.99541691304,6124157.116933898,14.0,8,20
4347,1119,-185834.91067070776,6124094.345421514,14.0,8,20
4347,1120,-185899.50238558865,6124177.44867335,14.0,8,20
4348,1120,-185789.5684284132,6124164.193202178,14.0,8,20
4349,1120,-185828.965088204,6124117.3775830325,14.0,8,20
4350,1120,-185788.7215587766,6124099.931706316,14.0,8,20
4351,1120,-185717.59599042416,6124134.186872382,14.0,8,20
4351,1121,-186049.83076697492,6124122.274692815,14.0,8,20
4352,1121,-186045.2536252074,6124145.0694410745,14.0,8,20
4353,1121,-186029.345014156,6124096.993406276,14.0,8,20
4354,1121,-186027.7961557437,6124096.361739391,14.0,8,20
4355,1121,-186057.29674199104,6123851.979450303,14.0,8,20
4355,1122,-186096.36591636387,6123992.165522188,14.0,8,20
4356,1122,-186086.59383896863,6123981.997961046,14.0,8,20
4357,1122,-186020.6575932496,6123963.371858866,14.0,8,20
4358,1122,-185970.6218671225,6123867.82524092,14.0,8,20
4359,1123,-184893.25935518343,6124760.833998754,14.0,8,20
4360,1123,-184880.47087648595,6124729.967249772,14.0,8,20
4361,1123,-184931.4672994016,6124665.981300905,14.0,8,20
4361,1124,-184825.0673417944,6124929.773265274,14.0,8,20
4362,1124,-184821.1194750119,6124924.034753057,14.0,8,20
4363,1124,-184730.00144128024,6124943.057951808,14.0,8,20
4364,1124,-184700.9469422928,6124867.280550592,14.0,8,20
4364,1125,-185198.8363084441,6125156.562457275,14.0,8,20
4365,1125,-185217.6281761977,6125091.421425242,14.0,8,20
4366,1125,-185050.09673249483,6125089.959144534,14.0,8,20
4367,1125,-185030.92817450257,6125088.158248095,14.0,8,20
4367,1126,-184872.6198646357,6125184.059058741,14.0,8,20
4368,1126,-184680.51170642316,6125136.604749632,14.0,8,20
4369,1126,-184450.4492092831,6125175.800362171,14.0,8,20
4370,1126,-184512.06731283173,6125116.565138745,14.0,8,20
4371,1126,-184449.02226948217,6125139.457066526,14.0,8,20
4372,1126,-184432.3038199777,6125162.422136362,14.0,8,20
4372,1127,-184474.0830865318,6125079.724209236,14.0,8,20
4373,1127,-184474.87255054427,6125080.204571298,14.0,8,20
4374,1127,-184480.10520986785,6125080.308516482,14.0,8,20
4375,1127,-184537.2445812904,6125045.211332922,14.0,8,20
4375,1128,-185635.20532462385,6125487.001736249,14.0,8,20
4376,1128,-185581.37415731445,6125515.683841308,14.0,8,20
4377,1128,-185621.7614741624,6125483.105329508,14.0,8,20
4377,1129,-185934.5187957908,6125539.510660682,14.0,8,20
4378,1129,-185899.5172199309,6125548.087060933,14.0,8,20
4379,1129,-185936.04031819152,6125500.900867982,14.0,8,20
4380,1129,-185803.93958928125,6125454.307593121,14.0,8,20
4381,1129,-185783.09260018216,6125404.803238054,14.0,8,20
4381,1130,-186208.6896970097,6125579.126076904,14.0,8,20
4382,1130,-186274.15999130052,6125469.93073876,14.0,8,20
4383,1130,-186237.5313760355,6125448.101020047,14.0,8,20
4384,1130,-186237.50294658355,6125418.18571917,14.0,8,20
4385,1130,-186312.2603774254,6125360.878709656,14.0,8,20
4386,1131,-185478.26436205284,6125430.545970134,14.0,8,20
4387,1131,-185560.41454384796,6125396.631547452,14.0,8,20
4388,1131,-185551.49863033328,6125419.998916813,14.0,8,20
4406,1137,-186065.932650081,6125389.406700132,16.0,8,21
4407,1137,-186090.8032267145,6125371.361293427,16.0,8,21
4408,1137,-186089.6778714606,6125366.272131079,16.0,8,21
4408,1138,-186070.97382064397,6125391.182686629,16.0,8,21
4409,1138,-186072.22300803,6125390.462297301,16.0,8,21
4410,1138,-186135.38474881265,6125407.687733004,16.0,8,21
4411,1138,-186161.5319080717,6125410.845273552,16.0,8,21
4411,1139,-185946.87000043323,6125290.30576399,16.0,8,21
4412,1139,-185931.80977161104,6125286.685519305,16.0,8,21
4413,1139,-185971.53614926065,6125295.239976713,16.0,8,21
4414,1139,-185940.06570268777,6125297.031954777,16.0,8,21
4415,1139,-185940.987555004,6125294.196751366,16.0,8,21
4416,1140,-186010.86455103057,6125558.435710778,16.0,8,21
4417,1140,-186030.45679897728,6125552.11212249,16.0,8,21
4418,1140,-186022.9440429335,6125552.926154743,16.0,8,21
4418,1141,-186037.7828500624,6125611.821096079,16.0,8,21
4419,1141,-186037.1467957465,6125610.194120458,16.0,8,21
4420,1141,-186029.63075938137,6125604.463757791,16.0,8,21
4421,1141,-186061.7351098372,6125589.546406327,16.0,8,21
4422,1141,-186040.07091067397,6125595.821712385,16.0,8,21
4423,1141,-186048.90481615407,6125591.467393281,16.0,8,21
4424,1142,-185981.59125460696,6125736.501831423,16.0,8,21
4425,1142,-185983.39502132655,6125743.778148052,16.0,8,21
4426,1142,-185982.6784442328,6125741.243177194,16.0,8,21
4427,1142,-185988.35553243148,6125739.584667206,16.0,8,21
4478,1156,-184976.80364812652,6125056.243032242,16.0,8,22
4479,1156,-184975.51776214503,6125061.273994514,16.0,8,22
4480,1156,-184946.27205686911,6125042.796718122,16.0,8,22
4481,1156,-184961.32080456644,6125045.202449443,16.0,8,22
4481,1157,-185020.2001131217,6125032.86472506,16.0,8,22
4482,1157,-184839.85281826177,6124952.505091886,16.0,8,22
4483,1157,-184680.02234815396,6124910.033608609,16.0,8,22
4484,1157,-184695.86165330416,6124895.640352841,16.0,8,22
4485,1158,-184928.75207905908,6124930.065766445,16.0,8,22
4486,1158,-184936.40739240288,6124925.866596293,16.0,8,22
4486,1159,-185021.81260976876,6124979.998357219,16.0,8,22
4487,1159,-184947.65664407625,6124969.915820183,16.0,8,22
4488,1159,-184947.75132690807,6124975.801793097,16.0,8,22
4489,1159,-184963.86002845177,6124973.593265472,16.0,8,22
4514,1166,-185108.07102050196,6124826.196380875,16.0,8,23
4515,1166,-185116.1154619696,6124848.5310640605,16.0,8,23
4516,1166,-185099.0918241206,6124866.275860063,16.0,8,23
4517,1166,-185101.5048923128,6124863.767656855,16.0,8,23
4518,1166,-185094.9927709704,6124879.393262736,16.0,8,23
4519,1167,-184994.455221496,6124920.104862132,16.0,8,23
4520,1167,-184984.58828814083,6124922.4417835865,16.0,8,23
4908,1265,233981.68796159927,6348968.605129652,11.0,9,24
4909,1265,234003.023171864,6349181.696446748,11.0,9,24
4909,1266,229817.09253228403,6351504.2427125,11.0,9,24
4910,1266,230222.20347536443,6351610.564489114,11.0,9,24
4911,1266,228652.70703048175,6352803.898535522,11.0,9,24
4912,1266,228775.50039419247,6352345.255481098,11.0,9,24
4913,1266,225458.9391884977,6354746.588214202,11.0,9,24
4913,1267,227149.00887558013,6353577.958960629,11.0,9,24
4914,1267,226884.1207371504,6353416.975548675,11.0,9,24
4915,1267,225885.3348977895,6354359.37871386,11.0,9,24
4916,1267,225141.3195193816,6354188.28331032,11.0,9,24
5063,1304,232134.5322353281,6347863.349444488,15.0,9,25
5064,1304,232157.9922737676,6347885.367832935,15.0,9,25
5065,1304,232102.9061101697,6347836.597665048,15.0,9,25
5066,1304,232141.9561493345,6347865.117701729,15.0,9,25
5067,1304,232120.27902023785,6347745.826487716,15.0,9,25
5067,1305,232189.06845304644,6347831.654302735,15.0,9,25
5068,1305,232148.3755195898,6347817.705043591,15.0,9,25
5069,1305,232124.93760509565,6347751.884852907,15.0,9,25
5070,1305,232159.23254505795,6347770.673713699,15.0,9,25
5071,1305,232098.1654443814,6347708.611939848,15.0,9,25
5071,1306,232102.75816767543,6347787.40515692,15.0,9,25
5072,1306,232115.5738365924,6347783.100042637,15.0,9,25
5073,1306,232155.21816064743,6347803.10087967,15.0,9,25
5074,1306,232152.62862027693,6347818.818129528,15.0,9,25
5075,1306,232150.51281298592,6347826.879724343,15.0,9,25
5075,1307,231866.65457600748,6348093.140848122,15.0,9,25
5076,1307,231876.318129437,6348098.752657925,15.0,9,25
5077,1307,231887.7229867998,6348094.5173529815,15.0,9,25
5078,1307,231889.45827681056,6348095.415033429,15.0,9,25
5079,1307,231880.54010351896,6348104.575433397,15.0,9,25
5079,1308,231635.52688561892,6348041.954303246,15.0,9,25
5080,1308,231602.8991689988,6348025.667507587,15.0,9,25
5081,1308,231573.0491738523,6348066.725447415,15.0,9,25
5082,1308,231610.7772435004,6348081.574539718,15.0,9,25
5083,1308,231517.3158392939,6348154.414670551,15.0,9,25
5085,1309,231741.32084029893,6349032.332699408,15.0,9,25
5086,1309,231703.10372940492,6349079.81981401,15.0,9,25
5087,1309,231688.61564330367,6349076.896740128,15.0,9,25
5088,1309,231657.83132150784,6349119.821080314,15.0,9,25
5088,1310,231783.65761569585,6349005.6821953375,15.0,9,25
5089,1310,231815.75911409443,6349020.677671982,15.0,9,25
5090,1310,231777.39930922035,6349011.246030441,15.0,9,25
5090,1311,231789.9022541656,6348738.941632087,15.0,9,25
5091,1311,231758.66922085272,6348754.625361162,15.0,9,25
5092,1311,231757.55500502352,6348754.543558148,15.0,9,25
5093,1311,231750.2207531349,6348762.037759874,15.0,9,25
5094,1311,231781.69543678957,6348757.677905228,15.0,9,25
5096,1312,231242.5706540332,6349384.5245298175,15.0,9,25
5097,1312,231213.039424117,6349384.860967779,15.0,9,25
5098,1312,231263.2847263323,6349426.397782136,15.0,9,25
5099,1312,231267.4400734422,6349443.829512467,15.0,9,25
5100,1312,231249.5328719171,6349456.077631113,15.0,9,25
5100,1313,231363.18589345863,6349413.04186479,15.0,9,25
5101,1313,231387.99851774776,6349425.763771188,15.0,9,25
5102,1313,231384.2034592696,6349431.6821885295,15.0,9,25
5103,1313,231385.14135782456,6349432.914461759,15.0,9,25
5104,1314,232612.3869475225,6349129.461259179,15.0,9,25
5105,1314,232582.218651858,6349122.848131274,15.0,9,25
5106,1314,232624.14361935345,6349141.202144463,15.0,9,25
5107,1314,232609.63585132392,6349131.731446595,15.0,9,25
5108,1314,232642.308399003,6349147.238653375,15.0,9,25
5108,1315,232913.394978043,6348988.548801128,15.0,9,25
5109,1315,232914.58218102297,6348991.873201828,15.0,9,25
5110,1315,232916.1176447896,6348984.786361344,15.0,9,25
5111,1315,232920.1669281748,6348987.882574689,15.0,9,25
5112,1315,232919.90122214291,6348940.179407642,15.0,9,25
5112,1316,232905.3912672325,6349022.065147695,15.0,9,25
5113,1316,232850.2788610636,6349011.102621169,15.0,9,25
5114,1316,232857.33483235497,6348954.589164678,15.0,9,25
5114,1317,232934.23950690107,6349098.647963484,15.0,9,25
5115,1317,232973.7876081956,6349106.542569438,15.0,9,25
5116,1317,232968.6174754424,6349057.7109080525,15.0,9,25
5117,1318,231938.95083638892,6348985.492070089,15.0,9,25
5118,1318,231911.2208400553,6348957.8685338525,15.0,9,25
5119,1318,231929.28584326283,6348970.007978184,15.0,9,25
5120,1318,231929.01193642747,6348968.977752251,15.0,9,25
5184,1334,231783.49004594528,6347170.986089694,15.0,9,26
5185,1334,231767.08187839543,6347150.923746636,15.0,9,26
5186,1334,231800.4659824542,6347155.927876904,15.0,9,26
5187,1334,231765.86234602588,6347028.105996925,15.0,9,26
5187,1335,231553.13678476284,6346989.266786749,15.0,9,26
5188,1335,231569.38339648463,6347028.362015758,15.0,9,26
5189,1335,231557.9447153636,6346836.052959502,15.0,9,26
5190,1335,231521.4916701885,6346564.829258471,15.0,9,26
5191,1336,231029.07975734383,6346760.314629419,15.0,9,26
5192,1336,231023.9993596044,6346687.377127713,15.0,9,26
5193,1336,231031.63649450056,6346709.567886798,15.0,9,26
5193,1337,230856.8451164124,6346743.6482219845,15.0,9,26
5194,1337,230889.471466232,6346765.184723248,15.0,9,26
5195,1337,230864.75397126292,6346748.243657239,15.0,9,26
5196,1337,230890.60126358777,6346765.33264524,15.0,9,26
5197,1337,230901.99586994623,6346764.532451843,15.0,9,26
5198,1337,230911.94057425417,6346755.786756256,15.0,9,26
5198,1338,231169.2700321408,6346407.52472239,15.0,9,26
5199,1338,231181.53857078732,6346423.134029173,15.0,9,26
5200,1338,231188.95209710932,6346425.36869686,15.0,9,26
5201,1338,231217.636730749,6346445.655844443,15.0,9,26
5202,1338,231200.95342624333,6346492.938281796,15.0,9,26
5203,1338,231191.73353628063,6346523.453881486,15.0,9,26
5204,1339,230736.3759241844,6347946.911205518,15.0,9,26
5205,1339,230749.9974587207,6347919.060046869,15.0,9,26
5206,1339,230758.4666926952,6348126.316941076,15.0,9,26
5206,1340,230657.6115716631,6348344.276152593,15.0,9,26
5207,1340,230624.06656784067,6348630.56311902,15.0,9,26
5208,1340,230649.09309641985,6348605.169741167,15.0,9,26
5209,1340,230690.87144266156,6348764.052886352,15.0,9,26
5209,1341,230588.01423214623,6349018.282816404,15.0,9,26
5210,1341,230603.6571280538,6348998.247843526,15.0,9,26
5211,1341,230644.62054223227,6349074.240698072,15.0,9,26
5212,1341,230711.14398370264,6349158.536225998,15.0,9,26
5213,1341,230712.2993402292,6349150.793232396,15.0,9,26
5213,1342,230535.9876698608,6349047.058399232,15.0,9,26
5214,1342,230536.0361548332,6349045.354390733,15.0,9,26
5215,1342,230532.50106182447,6349067.026654019,15.0,9,26
5215,1343,230397.3350092633,6348914.331794117,15.0,9,26
5216,1343,230404.6153545372,6348957.793696969,15.0,9,26
5217,1343,230401.86371161844,6348959.311358159,15.0,9,26
5218,1343,230395.71843955052,6348952.461714526,15.0,9,26
5219,1344,229459.25171069548,6349502.33727223,15.0,9,26
5220,1344,229459.8254764921,6349536.265292301,15.0,9,26
5221,1344,229467.9610323032,6349544.418838625,15.0,9,26
5222,1344,229441.8853373512,6349597.182580247,15.0,9,26
5223,1345,230586.3113990931,6349955.081099196,15.0,9,26
5224,1345,230594.22626786624,6349958.268033928,15.0,9,26
5225,1345,230533.48743623996,6349972.142014254,15.0,9,26
5260,1355,231946.0157132497,6348192.993577177,16.0,9,27
5261,1355,231933.2849226485,6348213.195769562,16.0,9,27
5262,1355,231940.37725083524,6348257.918031115,16.0,9,27
5263,1355,231941.4946376418,6348177.187254635,16.0,9,27
5264,1355,231951.8079680649,6348129.074242756,16.0,9,27
5264,1356,231941.860803516,6348161.70603415,16.0,9,27
5265,1356,231931.58855000616,6347942.329129807,16.0,9,27
5266,1356,231940.99275758243,6347667.897072294,16.0,9,27
5266,1357,231938.4055407729,6347793.264420477,16.0,9,27
5267,1357,231956.2420149242,6347780.626546687,16.0,9,27
5268,1357,231953.3467212649,6347790.63574234,16.0,9,27
5268,1358,231985.4217037324,6347908.343437587,16.0,9,27
5269,1358,231970.70850557636,6347929.277167268,16.0,9,27
5270,1358,231984.39701334084,6347940.569673623,16.0,9,27
5271,1359,232034.6874837592,6347711.069394523,16.0,9,27
5272,1359,232033.61181170616,6347694.076586571,16.0,9,27
5273,1359,232014.37764728628,6347682.937537749,16.0,9,27
5274,1359,232006.43106873985,6347680.919986335,16.0,9,27
5275,1359,231986.3553652056,6347674.139100744,16.0,9,27
5275,1360,231973.1338931977,6347632.658206755,16.0,9,27
5276,1360,231981.5492843416,6347642.113681883,16.0,9,27
5277,1360,231959.4123088593,6347632.378738751,16.0,9,27
5278,1360,231992.54173241075,6347522.3143967725,16.0,9,27
5279,1360,231991.162739974,6347484.499964691,16.0,9,27
5316,1371,232573.37003363323,6347646.942453343,16.0,9,28
5317,1371,232572.2359991957,6347681.505149539,16.0,9,28
5318,1371,232560.02090245165,6347746.41299685,16.0,9,28
5319,1372,232565.3585320594,6347669.80570394,16.0,9,28
5320,1372,232613.28529401036,6347707.766427533,16.0,9,28
5320,1373,232579.6548924879,6347610.597439515,16.0,9,28
5321,1373,232606.6818703895,6347681.117096631,16.0,9,28
5322,1373,232658.97828466856,6347599.077249242,16.0,9,28
5323,1373,232751.6717291916,6347553.233032919,16.0,9,28
5324,1374,232513.2049393284,6347566.240557924,16.0,9,28
5325,1374,232610.92265164727,6347529.824037076,16.0,9,28
5326,1374,232616.00400614715,6347514.911977979,16.0,9,28
5326,1375,232517.50893966889,6347598.951197765,16.0,9,28
5327,1375,232544.54446463005,6347522.051795081,16.0,9,28
5328,1375,232545.0537345245,6347494.986606562,16.0,9,28
5328,1376,232453.64074522865,6347575.306556961,16.0,9,28
5329,1376,232510.14171143837,6347538.389530827,16.0,9,28
5330,1376,232584.45007539503,6347462.837800345,16.0,9,28
5330,1377,232773.15397986208,6347465.457341989,16.0,9,28
5331,1377,232776.30431850877,6347453.032586578,16.0,9,28
5331,1378,232762.6564047213,6347532.538197195,16.0,9,28
5332,1378,232788.6305543635,6347498.455150616,16.0,9,28
5333,1378,232815.3905778887,6347469.833384107,16.0,9,28
5334,1378,232826.1373207744,6347456.635805482,16.0,9,28
5335,1378,232824.49716008367,6347450.150840758,16.0,9,28
5440,1406,232420.42103090943,6347651.945920282,18.0,9,29
5441,1406,232421.43417183607,6347651.720385374,18.0,9,29
5442,1406,232422.7537152818,6347652.066203004,18.0,9,29
5442,1407,232501.08792654992,6347668.076721283,18.0,9,29
5443,1407,232498.7645705915,6347667.385009139,18.0,9,29
5444,1407,232500.2232748378,6347700.23719428,18.0,9,29
5445,1407,232498.06721526984,6347701.509100454,18.0,9,29
5446,1407,232483.5124270225,6347732.304355802,18.0,9,29
5446,1408,232453.10576133765,6347738.854516913,18.0,9,29
5447,1408,232445.45559627604,6347770.188683503,18.0,9,29
5448,1408,232448.9096380106,6347768.89525022,18.0,9,29
5448,1409,232447.84831736368,6347727.864042164,18.0,9,29
5449,1409,232429.7547844721,6347764.202678728,18.0,9,29
5450,1409,232430.55173171771,6347763.565706947,18.0,9,29
5450,1410,232445.46834396943,6347737.404118829,18.0,9,29
5451,1410,232443.9513821266,6347740.580493604,18.0,9,29
5452,1410,232442.6401078244,6347740.031744529,18.0,9,29
5472,1415,232484.6290415868,6347741.855628844,18.0,9,30
5473,1415,232484.29602062656,6347742.155893575,18.0,9,30
5474,1415,232486.86485396832,6347743.7201455785,18.0,9,30
5475,1415,232484.8964561194,6347744.579269436,18.0,9,30
5476,1415,232485.16421235216,6347744.2953806855,18.0,9,30
5478,1416,232238.50993167303,6347723.997543298,18.0,9,30
5479,1416,232224.39257769895,6347728.529413214,18.0,9,30
5480,1416,232208.71049220196,6347732.349735293,18.0,9,30
5481,1416,232204.98546516825,6347731.239935937,18.0,9,30
5482,1416,232183.7659431823,6347736.840623686,18.0,9,30
5482,1417,232212.7828118719,6347720.220080954,18.0,9,30
5483,1417,232209.6355485265,6347718.339034475,18.0,9,30
5484,1417,232182.87076853536,6347721.282224529,18.0,9,30
5485,1417,232181.5527798253,6347720.730477035,18.0,9,30
5486,1417,232173.1965734244,6347719.187752141,18.0,9,30
5486,1418,232191.4859369464,6347713.811471975,18.0,9,30
5487,1418,232187.2709460764,6347710.9006608585,18.0,9,30
5488,1418,232185.6211813336,6347711.31359694,18.0,9,30
5488,1419,232212.03911289872,6347715.397789266,18.0,9,30
5489,1419,232211.7968304117,6347715.426158921,18.0,9,30
5490,1419,232208.107391448,6347714.670057655,18.0,9,30
5490,1420,232284.6621650468,6347678.677346358,18.0,9,30
5491,1420,232284.47457166776,6347678.908339927,18.0,9,30
5492,1420,232283.8920754325,6347678.726474296,18.0,9,30
5492,1421,232299.0854648007,6347674.173260082,18.0,9,30
5493,1421,232299.2433986072,6347674.897455095,18.0,9,30
5494,1421,232302.69292989987,6347678.001087604,18.0,9,30
5495,1421,232298.5539843969,6347677.489626557,18.0,9,30
5496,1421,232302.7609965685,6347679.6210025605,18.0,9,30
5497,1421,232302.7770223053,6347679.43060297,18.0,9,30
5497,1422,232296.37441585903,6347675.323422766,18.0,9,30
5498,1422,232293.8698221443,6347672.378821776,18.0,9,30
5499,1422,232294.51184254463,6347672.894588244,18.0,9,30
5500,1422,232298.0606035591,6347675.112418656,18.0,9,30
5501,1422,232299.13521634164,6347674.852978551,18.0,9,30
5503,1423,232202.49642450517,6347722.80899943,18.0,9,30
5504,1423,232195.50506187693,6347720.946023479,18.0,9,30
5505,1423,232195.2072360315,6347720.200685769,18.0,9,30
5506,1423,232190.42363448103,6347718.884767477,18.0,9,30
5507,1423,232191.7744605749,6347719.993452036,18.0,9,30
5507,1424,232214.91311294408,6347724.619320244,18.0,9,30
5508,1424,232210.52783239036,6347721.769095694,18.0,9,30
5509,1424,232210.8265808261,6347720.350689855,18.0,9,30
5510,1424,232203.5112021755,6347723.174336966,18.0,9,30
5511,1425,232112.86549030172,6347589.887396006,18.0,9,30
5512,1425,232112.68930970755,6347589.833213042,18.0,9,30
5513,1425,232111.9740117113,6347587.463751055,18.0,9,30
5513,1426,232131.1611411064,6347584.123205024,18.0,9,30
5514,1426,232125.42043403588,6347584.392697521,18.0,9,30
5515,1426,232118.25597636585,6347585.551874681,18.0,9,30
5516,1426,232121.1990226202,6347587.315867505,18.0,9,30
5518,1427,232235.90497151416,6347723.21208629,18.0,9,30
5519,1427,232228.10005501335,6347724.462406127,18.0,9,30
5520,1427,232226.375152687,6347722.766915641,18.0,9,30
5521,1427,232225.71684685771,6347726.1870880565,18.0,9,30
5522,1427,232222.4207730997,6347724.25810532,18.0,9,30
5522,1428,232214.58278685895,6347712.3702590745,18.0,9,30
5523,1428,232214.13622349693,6347717.135372939,18.0,9,30
5524,1428,232214.71130483912,6347718.057694239,18.0,9,30
5525,1428,232209.67432351995,6347723.833328189,18.0,9,30
5526,1428,232210.04264210505,6347724.547759121,18.0,9,30
5526,1429,232196.48228897952,6347728.205022746,18.0,9,30
5527,1429,232194.65326036824,6347731.356103166,18.0,9,30
5528,1429,232194.75491616107,6347731.432370639,18.0,9,30
5530,1430,232358.6132131631,6347818.801044584,18.0,9,30
5531,1430,232359.040406683,6347819.702799807,18.0,9,30
5532,1430,232359.44234856227,6347822.045194443,18.0,9,30
5533,1430,232359.53717035215,6347822.057534089,18.0,9,30
5533,1431,232382.36123648385,6347820.260827749,18.0,9,30
5534,1431,232382.1401564908,6347820.0176867405,18.0,9,30
5535,1431,232381.05160234237,6347819.575804385,18.0,9,30
5536,1431,232381.40561280344,6347823.549199586,18.0,9,30
5537,1431,232381.39156892756,6347823.991005058,18.0,9,30
5593,1444,232276.5618259916,6347822.347218075,18.0,9,31
5594,1444,232280.5020728609,6347824.0528954975,18.0,9,31
5595,1444,232280.8309250794,6347825.417039923,18.0,9,31
5596,1444,232282.07819894463,6347824.337455404,18.0,9,31
5596,1445,232214.8248791329,6347824.327460675,18.0,9,31
5597,1445,232216.14755710796,6347826.165366656,18.0,9,31
5598,1445,232214.36330146657,6347828.679318399,18.0,9,31
5598,1446,232199.89141195212,6347822.83659191,18.0,9,31
5599,1446,232203.65701587792,6347824.851952172,18.0,9,31
5600,1446,232204.76669620725,6347829.75769871,18.0,9,31
5601,1446,232205.7916599589,6347843.522845832,18.0,9,31
5601,1447,232197.69733027017,6347833.805816329,18.0,9,31
5602,1447,232200.0243082501,6347834.668938079,18.0,9,31
5603,1447,232197.29649549935,6347867.826000903,18.0,9,31
5603,1448,232170.0534605968,6347839.171957968,18.0,9,31
5604,1448,232170.6901504749,6347839.454309069,18.0,9,31
5605,1448,232164.0088636423,6347865.374553236,18.0,9,31
5605,1449,232166.510997116,6347836.727160641,18.0,9,31
5606,1449,232164.85767983075,6347840.22842021,18.0,9,31
5607,1449,232164.4611368137,6347839.8017990375,18.0,9,31
5608,1450,232187.73333357213,6347662.155789607,18.0,9,31
5609,1450,232186.0769079546,6347662.8281273525,18.0,9,31
5610,1450,232181.38085453695,6347660.676761891,18.0,9,31
5610,1451,232177.4742138768,6347650.618643033,18.0,9,31
5611,1451,232181.7341554008,6347652.725089876,18.0,9,31
5612,1451,232182.43371810537,6347652.931250387,18.0,9,31
5613,1451,232178.9536046498,6347651.261131136,18.0,9,31
5614,1451,232178.1374196861,6347650.754379145,18.0,9,31
5615,1452,232345.2682393333,6347749.77070065,18.0,9,31
5616,1452,232341.6356592735,6347747.875853757,18.0,9,31
5617,1452,232345.49256547773,6347750.725543261,18.0,9,31
5618,1452,232345.595314711,6347751.387155893,18.0,9,31
5619,1452,232341.71527540704,6347750.604876126,18.0,9,31
5619,1453,232345.1542139953,6347750.34055398,18.0,9,31
5620,1453,232347.2461364462,6347753.215806926,18.0,9,31
5621,1453,232346.6860899104,6347752.592750884,18.0,9,31
5623,1454,232220.55865538557,6347845.48305968,18.0,9,31
5624,1454,232204.08234827107,6347895.6395753855,18.0,9,31
5625,1454,232196.94228685225,6347918.756863239,18.0,9,31
5626,1454,232199.107333134,6347918.9968520645,18.0,9,31
5939,1531,536336.3552444052,5738063.321951351,14.0,10,32
5940,1531,536258.4068809396,5738059.208735869,14.0,10,32
5941,1531,536264.5949338656,5738124.571804655,14.0,10,32
5941,1532,536745.7169372757,5738518.252502051,14.0,10,32
5942,1532,536731.4401585435,5738519.070532196,14.0,10,32
5943,1532,536638.0549306892,5738427.326166656,14.0,10,32
5944,1532,536632.2020172644,5738395.525706084,14.0,10,32
5945,1532,536340.1850925144,5738251.463084791,14.0,10,32
5945,1533,536562.709520464,5738704.394689649,14.0,10,32
5946,1533,536557.960435184,5738684.279758939,14.0,10,32
5947,1533,535999.67871224,5738676.593400998,14.0,10,32
5948,1533,536036.9264881659,5738677.71465585,14.0,10,32
5948,1534,536471.2858701233,5738925.415413722,14.0,10,32
5949,1534,536323.3813546539,5738900.54729733,14.0,10,32
5950,1534,536269.757941032,5738777.498956972,14.0,10,32
5950,1535,536902.3832276033,5738929.549848783,14.0,10,32
5951,1535,536950.7711025084,5738906.563816783,14.0,10,32
5964,1539,536771.7524836,5738522.477136836,14.0,10,33
5965,1539,536765.0272780479,5738516.655591485,14.0,10,33
5966,1539,536679.7580573393,5738477.187174664,14.0,10,33
5967,1539,536727.565461152,5738519.738888564,14.0,10,33
5968,1539,536708.3706605886,5738523.236736257,14.0,10,33
5968,1540,536915.79686266,5738550.794511162,14.0,10,33
5969,1540,536626.7337032979,5738449.338444363,14.0,10,33
5970,1540,536647.1613579805,5738450.8441118775,14.0,10,33
5971,1540,536572.6979532784,5738427.00291376,14.0,10,33
5972,1540,536522.7510874128,5738388.077312675,14.0,10,33
5972,1541,536771.5060585686,5738317.174396137,14.0,10,33
5973,1541,536827.6214229999,5738354.317270118,14.0,10,33
5974,1541,536702.8078551424,5738184.417297698,14.0,10,33
5975,1542,536794.8301641349,5737373.817388668,14.0,10,33
5976,1542,536789.8689331816,5737158.493364102,14.0,10,33
5977,1542,536742.1129210705,5736820.582212366,14.0,10,33
5978,1542,536822.3780115119,5736852.557965112,14.0,10,33
6033,1557,536435.5968748867,5737070.21249501,15.0,10,34
6034,1557,536381.8274869634,5737058.894771184,15.0,10,34
6035,1557,536407.8833530559,5737078.636667848,15.0,10,34
6036,1557,536359.2010510828,5737016.424536823,15.0,10,34
6037,1557,536376.6941849296,5737038.400947408,15.0,10,34
6037,1558,536423.2698280636,5737131.0939112725,15.0,10,34
6038,1558,536397.610789738,5737052.772953413,15.0,10,34
6039,1558,536383.0888069825,5737053.298829935,15.0,10,34
6040,1558,536388.6084944269,5737034.847213516,15.0,10,34
6041,1558,536350.1710552801,5737014.893121063,15.0,10,34
6041,1559,536240.4325505871,5737033.080145392,15.0,10,34
6042,1559,536237.836996294,5737035.501637631,15.0,10,34
6043,1559,536234.0290898904,5737036.935343095,15.0,10,34
6043,1560,536190.2460936925,5737028.300204589,15.0,10,34
6044,1560,536229.3324897526,5737038.11072325,15.0,10,34
6045,1560,536209.2142787204,5737017.23773077,15.0,10,34
6046,1560,536252.0621099646,5736998.200385633,15.0,10,34
6047,1560,536254.8829129924,5737013.521844215,15.0,10,34
6061,1565,536473.5812081743,5737226.388371456,17.0,10,35
6062,1565,536464.3414312633,5737223.883999846,17.0,10,35
6063,1565,536479.8212678621,5737227.226160411,17.0,10,35
6063,1566,536493.1552958974,5737227.432051833,17.0,10,35
6064,1566,536474.5434357795,5737232.789457336,17.0,10,35
6065,1566,536470.9712660272,5737233.483056234,17.0,10,35
6066,1566,536470.0592683431,5737235.127266072,17.0,10,35
6067,1566,536448.2020906066,5737223.746299244,17.0,10,35
6069,1567,536424.5782593419,5736959.549970341,17.0,10,35
6070,1567,536434.0408930868,5736957.275708151,17.0,10,35
6071,1567,536406.6545924258,5736925.675797087,17.0,10,35
6072,1567,536407.1640673403,5736934.087053659,17.0,10,35
6073,1567,536357.0264872343,5736878.909437434,17.0,10,35
6074,1567,536363.1134652577,5736874.386438054,17.0,10,35
6074,1568,536413.323157762,5736932.554993224,17.0,10,35
6075,1568,536380.5677409639,5736908.645174315,17.0,10,35
6076,1568,536391.0800775508,5736914.333174708,17.0,10,35
6077,1568,536384.645248781,5736913.70266106,17.0,10,35
6078,1568,536386.1882982908,5736916.580374246,17.0,10,35
6080,1569,536352.3189800277,5736744.851052302,17.0,10,35
6081,1569,536362.8417042991,5736749.599125295,17.0,10,35
6082,1569,536366.0514304307,5736751.129587426,17.0,10,35
6083,1569,536366.4840911529,5736750.241863266,17.0,10,35
6087,1570,536118.6528858341,5736698.457834902,17.0,10,35
6088,1570,536106.5926293712,5736659.968604832,17.0,10,35
6089,1570,536112.0553212316,5736664.637681023,17.0,10,35
6090,1571,536208.859655398,5736873.005286638,17.0,10,35
6091,1571,536209.9820036906,5736874.411929451,17.0,10,35
6091,1572,536223.8539360923,5736895.207885633,17.0,10,35
6092,1572,536214.9321453351,5736875.443660003,17.0,10,35
6093,1572,536224.6205745351,5736880.414577017,17.0,10,35
6094,1572,536211.861996878,5736858.361446206,17.0,10,35
6095,1572,536212.9819532697,5736858.043306287,17.0,10,35
6096,1572,536219.596106275,5736865.87894334,17.0,10,35
6098,1573,536118.0349917413,5736702.356404885,17.0,10,35
6099,1573,536123.9667012193,5736703.192118011,17.0,10,35
6100,1573,536117.6125592432,5736687.934006649,17.0,10,35
6101,1573,536104.5830315959,5736670.080340994,17.0,10,35
6102,1573,536105.6064235269,5736666.800532162,17.0,10,35
6102,1574,536126.0215036441,5736674.861665682,17.0,10,35
6103,1574,536134.9510851644,5736676.271466943,17.0,10,35
6104,1574,536129.2084725462,5736671.533350237,17.0,10,35
6104,1575,536180.2271059711,5736546.18014844,17.0,10,35
6105,1575,536181.2515913425,5736545.882882129,17.0,10,35
6106,1575,536192.3866422718,5736550.819547975,17.0,10,35
6106,1576,536193.5305860135,5736540.803061008,17.0,10,35
6107,1576,536200.244993841,5736541.135577961,17.0,10,35
6108,1576,536202.1595397473,5736541.2150745,17.0,10,35
6109,1576,536204.341295166,5736540.978430065,17.0,10,35
6110,1576,536196.7065521709,5736535.512005131,17.0,10,35
6111,1576,536197.2705624285,5736538.726348485,17.0,10,35
6111,1577,536191.7389154789,5736533.717759031,17.0,10,35
6112,1577,536190.2822477656,5736533.685660574,17.0,10,35
6113,1577,536202.5489412313,5736538.27231869,17.0,10,35
6114,1578,535900.6309541153,5736606.054715045,17.0,10,35
6115,1578,535902.7312482198,5736605.067466446,17.0,10,35
6116,1578,535888.1590492111,5736593.347537061,17.0,10,35
6117,1578,535885.967213638,5736588.279363644,17.0,10,35
6118,1578,535891.9768922548,5736584.451519607,17.0,10,35
6119,1579,536174.6127766983,5736538.97875583,17.0,10,35
6120,1579,536177.5637674811,5736539.816775433,17.0,10,35
6121,1579,536169.9600645269,5736528.84304285,17.0,10,35
6122,1579,536172.002747987,5736530.61849117,17.0,10,35
6123,1579,536177.214768622,5736532.577765625,17.0,10,35
6124,1579,536180.4948849833,5736533.936126207,17.0,10,35
6124,1580,536186.7961089968,5736529.61963331,17.0,10,35
6125,1580,536193.9777576012,5736528.514293141,17.0,10,35
6126,1580,536204.3204058966,5736535.751860974,17.0,10,35
6127,1580,536214.5474228634,5736534.59547707,17.0,10,35
6128,1580,536214.3096679033,5736528.704199261,17.0,10,35
6154,1586,536241.7634748446,5736522.190918985,17.0,10,36
6155,1586,536238.4292331805,5736520.000535637,17.0,10,36
6156,1586,536228.9631140941,5736516.901246992,17.0,10,36
6157,1586,536217.6294488172,5736511.954471095,17.0,10,36
6158,1586,536216.8305538808,5736512.15228985,17.0,10,36
6158,1587,536231.5164843653,5736516.318400514,17.0,10,36
6159,1587,536224.0604323214,5736513.907630255,17.0,10,36
6160,1587,536214.8872185984,5736509.075217124,17.0,10,36
6161,1587,536211.8762252704,5736512.907696039,17.0,10,36
6162,1587,536208.0193874062,5736512.675357027,17.0,10,36
6197,1597,536100.724175422,5736666.501389628,17.0,10,37
6198,1597,536097.2244825482,5736667.386615107,17.0,10,37
6199,1597,536093.1947444113,5736671.197977238,17.0,10,37
6200,1598,536023.031604128,5736853.969551473,17.0,10,37
6201,1598,536015.0261848167,5736849.478996523,17.0,10,37
6202,1598,535998.2581979032,5736881.161242514,17.0,10,37
6203,1598,535990.5680311447,5736880.729854625,17.0,10,37
6204,1599,536035.4745146356,5736988.64903784,17.0,10,37
6205,1599,536028.2841139515,5737022.297400832,17.0,10,37
6206,1599,536025.9173620747,5737023.856886119,17.0,10,37
6207,1599,536016.1718006107,5737024.205311491,17.0,10,37
6208,1600,536122.0293434095,5736588.089723202,17.0,10,37
6209,1600,536120.5412893988,5736588.742491211,17.0,10,37
6210,1600,536119.2727617845,5736588.743221595,17.0,10,37
6211,1600,536117.8953001645,5736590.372782178,17.0,10,37
6212,1600,536115.1650476747,5736590.8322706325,17.0,10,37
6213,1600,536111.0067072713,5736572.299940083,17.0,10,37
6213,1601,536118.0764832486,5736563.980596579,17.0,10,37
6214,1601,536119.7294918647,5736561.704719855,17.0,10,37
6215,1601,536099.0557174024,5736502.750140167,17.0,10,37
6216,1601,536100.363198833,5736504.13160395,17.0,10,37
6216,1602,536112.0089547973,5736558.029795743,17.0,10,37
6217,1602,536089.9006183428,5736514.750985509,17.0,10,37
6218,1602,536092.546502789,5736502.957934571,17.0,10,37
6219,1603,536490.5439322738,5736595.726089553,17.0,10,37
6220,1603,536496.5417948995,5736596.686659913,17.0,10,37
6221,1603,536498.7197916168,5736597.960526591,17.0,10,37
6223,1604,536697.5643312542,5736648.8479215335,17.0,10,37
6224,1604,536697.960430061,5736647.051945577,17.0,10,37
6229,1606,536724.646664579,5736800.501868831,17.0,10,37
6235,1607,536855.3377482718,5736826.890258142,17.0,10,37
6236,1607,536854.4834979121,5736826.900483518,17.0,10,37
6237,1607,536860.1849789452,5736828.374782959,17.0,10,37
6238,1607,536859.6397621956,5736827.749343558,17.0,10,37
6238,1608,536812.7329432822,5736838.385811265,17.0,10,37
6239,1608,536822.4836985884,5736842.850764332,17.0,10,37
6240,1608,536822.3810518652,5736844.129705259,17.0,10,37
6241,1608,536813.3967983217,5736841.697218817,17.0,10,37
6241,1609,536772.90533127,5736813.905797896,17.0,10,37
6242,1609,536772.4326916309,5736812.840359762,17.0,10,37
6243,1609,536780.4046926681,5736814.727979697,17.0,10,37
6244,1609,536773.4387935346,5736812.817910063,17.0,10,37
6245,1609,536771.6108344449,5736812.738644172,17.0,10,37
6245,1610,536766.306281411,5736782.995021989,17.0,10,37
6246,1610,536765.9833064349,5736784.255049812,17.0,10,37
6247,1610,536772.9262433188,5736773.741708626,17.0,10,37
6248,1610,536771.0516763293,5736773.683277901,17.0,10,37
6250,1611,536040.9098932636,5736639.501096231,17.0,10,37
6251,1611,536036.8345039875,5736635.936130087,17.0,10,37
6252,1611,536037.0631013836,5736633.152751768,17.0,10,37
6253,1611,536036.4182107021,5736632.68469091,17.0,10,37
6254,1611,536040.5681247797,5736637.455482692,17.0,10,37
6254,1612,536057.7347983089,5736637.240903544,17.0,10,37
6255,1612,536056.0818238629,5736639.076320239,17.0,10,37
6256,1612,536051.4714346713,5736637.0962106185,17.0,10,37
6257,1612,536055.4202240442,5736638.947695763,17.0,10,37
6258,1612,536053.9492049247,5736636.846880565,17.0,10,37
6259,1612,536053.9534420065,5736636.984423417,17.0,10,37
6259,1613,536083.2415522704,5736626.994153394,17.0,10,37
6260,1613,536083.2641044798,5736627.777201986,17.0,10,37
6261,1613,536083.8546306685,5736627.276619818,17.0,10,37
6262,1613,536084.4616268042,5736627.650038278,17.0,10,37
6263,1613,536084.2125273993,5736628.067817959,17.0,10,37
6263,1614,536129.0940212198,5736687.602729496,17.0,10,37
6264,1614,536183.8716979278,5736712.193201992,17.0,10,37
6265,1614,536188.9302268581,5736714.980578204,17.0,10,37
6266,1614,536339.6202272287,5736787.875493251,17.0,10,37
6269,1615,536833.1018893239,5736912.368915411,17.0,10,37
6270,1615,536840.3800340489,5736916.978561404,17.0,10,37
6271,1615,536839.7562946063,5736918.1977646025,17.0,10,37
6272,1615,536840.9879869448,5736919.638312612,17.0,10,37
6272,1616,536852.015812369,5736916.884380301,17.0,10,37
6273,1616,536851.2449368443,5736920.618411134,17.0,10,37
6274,1616,536852.9902044993,5736918.61908088,17.0,10,37
6275,1616,536853.0668820116,5736916.636049722,17.0,10,37
6280,1617,537082.0022607249,5736727.318939289,17.0,10,37
6282,1618,537022.6775847585,5736887.470460604,17.0,10,37
6283,1618,537022.676491318,5736885.4394547455,17.0,10,37
6284,1618,537015.5189667438,5736874.070911566,17.0,10,37
6284,1619,536970.7563845734,5736846.384973479,17.0,10,37
6285,1619,536977.3779866418,5736844.033674992,17.0,10,37
6286,1619,536978.1537826486,5736828.360555707,17.0,10,37
6287,1619,536977.9953704618,5736820.181176852,17.0,10,37
6288,1619,537005.0242892206,5736793.396499661,17.0,10,37
6288,1620,536986.5413183969,5736799.752147964,17.0,10,37
6289,1620,536984.6403721564,5736796.649399606,17.0,10,37
6290,1620,536984.7328043234,5736795.303304919,17.0,10,37
6292,1621,536793.9810225541,5736738.796565685,17.0,10,37
6293,1621,536794.0334393561,5736738.846462449,17.0,10,37
6294,1621,536802.3959353177,5736743.205778917,17.0,10,37
6295,1621,536798.9820775201,5736742.302101632,17.0,10,37
6296,1621,536796.1911390848,5736742.971210311,17.0,10,37
6297,1622,536790.5623809544,5736746.289998586,17.0,10,37
6298,1622,536788.1214801464,5736748.6734339725,17.0,10,37
6299,1622,536783.9770993332,5736738.578865676,17.0,10,37
6300,1622,536771.8553960725,5736720.981964898,17.0,10,37
6301,1622,536768.7679302522,5736724.239247147,17.0,10,37
6301,1623,536799.9132149682,5736746.698249388,17.0,10,37
6302,1623,536744.9883201701,5736732.313459239,17.0,10,37
6303,1623,536743.4806024552,5736733.796292641,17.0,10,37
6304,1623,536679.4503464706,5736721.7974334285,17.0,10,37
6304,1624,536737.5321268899,5736742.983875994,17.0,10,37
6305,1624,536732.0664964083,5736748.587459366,17.0,10,37
6306,1624,536662.1979016489,5736722.28473599,17.0,10,37
6310,1625,536207.9225609745,5736814.195343205,17.0,10,37
6311,1625,536198.0805717298,5736819.545291103,17.0,10,37
6312,1625,536159.32709412,5736817.561029825,17.0,10,37
6313,1625,536139.1495981128,5736820.189028546,17.0,10,37
6315,1626,536116.3351679251,5736660.514080412,17.0,10,37
6316,1626,536029.991673856,5736621.951863761,17.0,10,37
6317,1626,535966.0368789315,5736601.701852718,17.0,10,37
6317,1627,536009.0433615523,5736581.21204278,17.0,10,37
6318,1627,536022.1281535026,5736582.823193128,17.0,10,37
6319,1627,536016.1797075515,5736578.121572846,17.0,10,37
6320,1627,536030.1990152253,5736585.608393848,17.0,10,37
6320,1628,536079.4498971258,5736595.039574095,17.0,10,37
6321,1628,536074.8334598418,5736594.057169096,17.0,10,37
6322,1628,536084.5980881739,5736601.669462392,17.0,10,37
6323,1628,536086.5236368248,5736602.3493346255,17.0,10,37
6324,1628,536089.4103196404,5736597.1363914,17.0,10,37
6324,1629,536082.2185567118,5736626.4376314925,17.0,10,37
6325,1629,536048.0726891323,5736607.135457353,17.0,10,37
6326,1629,536053.7841386974,5736605.373694124,17.0,10,37
6327,1629,535964.9938073499,5736574.333315337,17.0,10,37
6328,1629,535925.5672510745,5736567.120724076,17.0,10,37
6328,1630,535988.7800008546,5736580.404949315,17.0,10,37
6329,1630,535984.0606434873,5736576.802541378,17.0,10,37
6330,1630,535979.0156732186,5736573.657821421,17.0,10,37
6331,1630,535981.9481438535,5736568.37306991,17.0,10,37
6331,1631,536004.6068954555,5736474.892444501,17.0,10,37
6332,1631,536018.0847792514,5736478.777664834,17.0,10,37
6333,1631,536012.5886007769,5736474.080372753,17.0,10,37
6333,1632,536015.9468297911,5736451.077157507,17.0,10,37
6334,1632,536030.5036659612,5736458.650586682,17.0,10,37
6335,1632,536032.4471880397,5736459.766805729,17.0,10,37
6337,1633,535632.212964355,5736487.799575725,17.0,10,37
6338,1633,535638.3307637313,5736489.894701615,17.0,10,37
6339,1633,535598.5330800957,5736461.317296327,17.0,10,37
6340,1633,535567.0532048766,5736435.506685511,17.0,10,37
6341,1634,535593.186910262,5736623.267899079,17.0,10,37
6342,1634,535592.1203843828,5736621.06726131,17.0,10,37
6343,1634,535594.927690255,5736621.501878266,17.0,10,37
6344,1634,535597.4461911656,5736624.673052079,17.0,10,37
6362,1639,536050.0480212154,5736457.294320434,17.0,10,38
6363,1639,536045.273991825,5736451.843041359,17.0,10,38
6364,1639,536043.7934051014,5736450.391422265,17.0,10,38
6364,1640,535998.7392160281,5736470.590078054,17.0,10,38
6365,1640,535992.9106270976,5736416.5763096055,17.0,10,38
6366,1640,535992.4634600652,5736334.953554512,17.0,10,38
6367,1640,535992.7356583998,5736321.889443963,17.0,10,38
6385,1645,535790.41848854,5736645.367214079,17.0,10,39
6386,1645,535797.2893950334,5736646.75133031,17.0,10,39
6387,1645,535796.2653197022,5736648.237700309,17.0,10,39
6389,1646,535734.9959462087,5736536.240559942,17.0,10,39
6390,1646,535733.7285279809,5736500.863807004,17.0,10,39
6391,1646,535732.4032098028,5736498.8218838265,17.0,10,39
6392,1646,535724.5018996912,5736460.283336745,17.0,10,39
6411,1649,535611.8210628967,5736502.520401761,17.0,10,40
6412,1649,535614.1399767534,5736507.819530305,17.0,10,40
6413,1649,535611.9957012843,5736555.9110082425,17.0,10,40
6414,1649,535611.2608067847,5736561.801594108,17.0,10,40
6414,1650,535564.2301215692,5736526.536806627,17.0,10,40
6415,1650,535538.014109731,5736664.528501829,17.0,10,40
6416,1650,535540.0827624021,5736673.475168357,17.0,10,40
6432,1654,535196.9016106363,5736747.139515246,17.0,10,41
6433,1654,535195.2015029265,5736751.209445862,17.0,10,41
6434,1654,535192.3934538566,5736755.900356692,17.0,10,41
6435,1654,535184.8977700062,5736763.6714893,17.0,10,41
6436,1655,535153.2696277492,5736747.50032497,17.0,10,41
6437,1655,535152.0015044089,5736755.702105686,17.0,10,41
6438,1655,535157.5355283101,5736771.588650881,17.0,10,41
6439,1655,534910.5749188622,5736851.575595127,17.0,10,41
6439,1656,534924.4331426813,5736808.123433009,17.0,10,41
6440,1656,534804.0895622737,5736850.812720513,17.0,10,41
6441,1656,534799.6805946389,5736853.004487746,17.0,10,41
6442,1657,535071.2926602351,5736772.360375533,17.0,10,41
6443,1657,535064.5252888851,5736761.116151407,17.0,10,41
6444,1657,535053.0158029383,5736751.036851413,17.0,10,41
6444,1658,535119.214567766,5736753.092920976,17.0,10,41
6445,1658,535118.5733332759,5736750.59077896,17.0,10,41
6446,1658,535119.8174976698,5736749.498508822,17.0,10,41
6447,1658,535125.4621790269,5736751.298559553,17.0,10,41
6448,1658,535126.1825512702,5736746.829762358,17.0,10,41
6448,1659,535130.0575675821,5736745.08806547,17.0,10,41
6449,1659,535139.7717609729,5736742.18990153,17.0,10,41
6450,1659,535140.3307140684,5736736.092424769,17.0,10,41
6462,1660,535059.8115376777,5736839.356359827,17.0,10,41
6463,1660,535057.6580750308,5736842.871121678,17.0,10,41
6464,1660,535053.6588848865,5736846.437933003,17.0,10,41
6465,1660,535051.8980698751,5736846.183221173,17.0,10,41
6466,1661,535095.4715013747,5736737.299795462,17.0,10,41
6467,1661,535065.6694171445,5736751.777312209,17.0,10,41
6468,1661,534988.2595913295,5736774.065738877,17.0,10,41
6468,1662,535036.593828424,5736757.450116628,17.0,10,41
6469,1662,535028.9535498866,5736758.142136302,17.0,10,41
6470,1662,534971.1813497973,5736751.594531108,17.0,10,41
6471,1663,535074.1183814661,5736779.648967172,17.0,10,41
6472,1663,535055.5909531757,5736772.701466882,17.0,10,41
6473,1663,535039.277846606,5736769.114512334,17.0,10,41
6473,1664,535088.7443412973,5736781.25649379,17.0,10,41
6474,1664,535086.6561752697,5736778.605744103,17.0,10,41
6475,1664,535086.1447184944,5736778.70646022,17.0,10,41
