world_index,id_fixation,x,y,zoom,etape,id_zoom,x_rel,y_rel,x_pixel,y_pixel
242,55,260323.1618350388,6255344.973896979,19.0,1,0,0.7504526261899181,0.3970695932706197,865.0168991088866,578.2417559623718
243,55,260323.62758941995,6255345.034576518,19.0,1,0,0.6056107088479812,0.5069503625233968,699.6074295043945,644.1702175140381
244,55,260323.13492615247,6255343.802610819,19.0,1,0,0.6041658672058853,0.5000736077626545,697.957420349121,640.0441646575928
245,55,260322.7042472911,6255343.6858646935,19.0,1,0,0.6029028082478485,0.49942193826039627,696.515007019043,639.6531629562378
246,55,260322.2553216421,6255344.220525045,19.0,1,0,0.6015862366364005,0.5024063785870869,695.0114822387694,641.4438271522522
247,56,260224.2599604341,6255352.213282899,19.008647456281032,1,0,0.31282086046689844,0.547721763451894,365.2414226531981,668.6330580711365
248,56,260225.3373984889,6255351.665787954,19.008647456281032,1,0,0.3159996774275957,0.5446473081906636,368.87163162231434,666.7883849143982
249,56,260256.0247546956,6255343.956314778,19.742854173197312,1,0,0.316307049499084,0.5483428557713826,369.222650527954,669.0057134628296
250,56,260255.5804226752,6255344.771008984,19.742854173197312,1,0,0.31412633371436655,0.5559531410535176,366.73227310180664,673.5718846321106
251,57,260253.1499870619,6255347.764202635,19.990445472968663,1,0,0.2572016223299523,0.612629504998525,301.7242527008056,707.577702999115
252,57,260252.21558654783,6255347.863004973,19.990445472968663,1,0,0.25175713574197356,0.6137252410252888,295.50664901733387,708.2351446151733
253,57,260252.09842612548,6255347.61650493,20.0,1,0,0.2491378216317572,0.6121905883153279,292.5153923034668,707.3143529891968
254,57,260252.13212630217,6255347.211862552,20.0,1,0,0.2493354877532049,0.6076732118924458,292.74112701416004,704.6039271354675
254,58,260254.2542422321,6255346.972488787,20.0,1,0,0.2493354877532049,0.6076732118924458,292.74112701416004,704.6039271354675
255,58,260253.7017728969,6255346.839837587,20.0,1,0,0.2585421443611852,0.6035199721654255,303.2551288604736,702.1119832992554
256,58,260253.34842932064,6255346.928627303,20.0,1,0,0.25646963136208645,0.6045112093289693,300.88831901550276,702.7067255973816
257,59,260290.99030937863,6255348.867470224,20.0,1,0,0.47725554898824873,0.62615620692571,553.0258369445801,715.693724155426
258,59,260291.04466532904,6255348.649469804,20.0,1,0,0.4775743701620819,0.6237224777539571,553.3899307250975,714.2334866523743
259,59,260291.13781278825,6255348.796228948,20.0,1,0,0.47812072032387315,0.6253608783086141,554.0138626098632,715.2165269851685
260,59,260291.06850745657,6255349.244415671,20.0,1,0,0.4777142145587767,0.6303643782933552,553.549633026123,718.2186269760132
261,59,260290.99499067065,6255349.706768,20.0,1,0,0.47728300679168434,0.6355260213216145,553.0571937561035,721.3156127929688
261,60,260296.11076291747,6255344.002439679,20.0,1,0,0.47728300679168434,0.6355260213216145,553.0571937561035,721.3156127929688
262,60,260295.7418207296,6255344.186063997,20.0,1,0,0.505125219475367,0.5738935788472493,584.8530006408691,684.3361473083496
263,60,260295.6033894588,6255343.964680745,20.0,1,0,0.5043132601602691,0.5714220841725667,583.9257431030273,682.85325050354
264,60,260295.58403214565,6255344.0109640295,20.0,1,0,0.5041997211409533,0.5719387849171956,583.7960815429688,683.1632709503174
265,60,260296.67717769928,6255342.3441422,20.27406516067585,1,0,0.5048489378546666,0.5779093821843465,584.5374870300292,686.7456293106079
265,61,260295.4487899816,6255337.1170948185,20.27406516067585,1,0,0.5048489378546666,0.5779093821843465,584.5374870300292,686.7456293106079
266,61,260295.3021303177,6255337.271874278,20.27406516067585,1,0,0.49509635698148113,0.5094364484151204,573.4000396728514,645.6618690490723
267,61,260296.8478311691,6255335.449565664,20.86263112008027,1,0,0.4898906480618825,0.5095146616299947,567.4551200866698,645.7087969779968
267,62,260294.11325981977,6255332.414783125,20.86263112008027,1,0,0.4898906480618825,0.5095146616299947,567.4551200866698,645.7087969779968
268,62,260294.09001911795,6255332.47441582,20.86263112008027,1,0,0.4604774281356464,0.4491195758183797,533.8652229309082,609.4717454910278
269,62,260294.8177222662,6255332.821590041,20.99962185571317,1,0,0.46127430570104694,0.4581912358601888,534.7752571105956,614.9147415161133
269,63,260287.69065256108,6255336.620130959,20.99962185571317,1,0,0.46127430570104694,0.4581912358601888,534.7752571105956,614.9147415161133
270,63,260287.5480707076,6255336.813180734,20.99962185571317,1,0,0.37601735003149017,0.5472911079724629,437.4118137359618,668.3746647834778
271,63,260287.25166412635,6255336.872426904,21.0,1,0,0.37249774064366326,0.54864315589269,433.3924198150635,669.185893535614
271,64,260277.42835733705,6255339.790623549,21.0,1,0,0.37249774064366326,0.54864315589269,433.3924198150635,669.185893535614
272,64,260277.155778861,6255339.800642304,21.0,1,0,0.25406426765455237,0.6140236099561055,298.14139366149885,708.4141659736633
273,64,260276.96582347967,6255339.869183081,21.0,1,0,0.2518359266104088,0.6155539711316426,295.5966281890869,709.3323826789856
274,65,260298.1239958984,6255336.40431031,21.7178567712185,1,0,0.4754646788962877,0.6039747675259908,550.9806632995605,702.3848605155945
275,65,260298.04671152667,6255336.303476408,21.7178567712185,1,0,0.47397353979000484,0.6002718170483906,549.2777824401855,700.1630902290344
275,66,260298.76487966743,6255333.914322961,21.7178567712185,1,0,0.47397353979000484,0.6002718170483906,549.2777824401855,700.1630902290344
276,66,260299.1312086946,6255333.465381878,21.964520946938467,1,0,0.48683215941313884,0.5072145064671834,563.9623260498046,644.3287038803101
277,66,260299.1256633068,6255333.229328792,22.0,1,0,0.48542424551033514,0.4984425028165181,562.3544883728027,639.0655016899109
278,66,260299.03537117937,6255333.142732631,22.0,1,0,0.4833058358908952,0.4945755084355672,559.9352645874023,636.7453050613403
279,66,260299.03310741595,6255333.118838982,22.0,1,0,0.4832527240813299,0.4935085256894429,559.8746109008788,636.1051154136658
297,72,260297.85402778743,6255338.71787219,22.0,1,1,0.39079087586411226,0.7285361250241597,454.2831802368163,777.1216750144958
298,72,260297.9488944255,6255338.792505909,22.0,1,1,0.39301661142325844,0.7318689306577046,456.8249702453612,779.1213583946228
299,72,260295.6905832186,6255341.867080467,21.441746192368697,1,1,0.3951764081697746,0.7351375778516133,459.2914581298827,781.082546710968
300,72,260295.7281495539,6255341.866383527,21.441746192368697,1,1,0.39577496824247804,0.7351164420445759,459.97501373291,781.0698652267456
300,73,260295.4895391732,6255341.195849913,21.441746192368697,1,1,0.39577496824247804,0.7351164420445759,459.97501373291,781.0698652267456
301,73,260289.002987466,6255348.845319307,20.51787505873235,1,1,0.39420423658006865,0.7125367482503254,458.1812381744385,767.5220489501953
302,73,260289.51051910853,6255348.63366135,20.51787505873235,1,1,0.39846668477233765,0.7091534097989399,463.04895401000965,765.492045879364
303,73,260284.2972381024,6255354.636044281,20.066052765481697,1,1,0.39695234682848063,0.7100168665250142,461.31958007812494,766.0101199150085
304,73,260283.31109781165,6255355.282308894,20.0,1,1,0.39631172320471114,0.7056612809499104,460.58798789978016,763.3967685699463
304,74,260280.38978795768,6255356.121914199,20.0,1,1,0.39631172320471114,0.7056612809499104,460.58798789978016,763.3967685699463
305,74,260280.6825267422,6255355.502048782,20.0,1,1,0.38089401625918823,0.7081144293149312,442.980966567993,764.8686575889587
306,74,260280.9320703573,6255355.482722435,20.0,1,1,0.3823576975620356,0.7078986724217732,444.65249061584467,764.739203453064
307,74,260280.9691362804,6255355.649451817,20.0,1,1,0.38257510524288774,0.7097600181897481,444.9007701873779,765.8560109138489
308,74,260280.92512957312,6255355.657860844,20.0,1,1,0.38231698685894905,0.7098538955052693,444.60599899291987,765.9123373031616
309,75,260293.30510517908,6255347.280826609,20.0,1,1,0.4549309017361776,0.6163337429364522,527.5310897827148,709.8002457618713
310,75,260293.2234644722,6255347.181946062,20.0,1,1,0.4544520436569187,0.615229852994283,526.9842338562012,709.1379117965698
311,75,260293.56893186012,6255346.904755702,20.0,1,1,0.4564783594027918,0.6121353348096211,529.2982864379883,707.2812008857727
311,76,260295.730552598,6255345.386575555,20.0,1,1,0.4564783594027918,0.6121353348096211,529.2982864379883,707.2812008857727
312,76,260295.86075743783,6255345.345712489,20.0,1,1,0.4699209082982585,0.5947303732236225,544.6496772766112,696.8382239341736
313,76,260295.82453722256,6255345.299246609,20.0,1,1,0.46970846105999786,0.5942116340001423,544.4070625305176,696.5269804000854
314,76,260296.11842497383,6255345.108289619,20.0,1,1,0.4714322399132723,0.5920798142751057,546.375617980957,695.2478885650635
315,76,260296.4606120404,6255344.8957863,20.0,1,1,0.4734393151545483,0.5897074540456135,548.6676979064941,693.8244724273682
315,77,260295.89984793428,6255343.334186744,20.0,1,1,0.4734393151545483,0.5897074540456135,548.6676979064941,693.8244724273682
316,77,260296.13447633808,6255342.864155771,20.0,1,1,0.4715263881115486,0.5670265873273214,546.4831352233886,680.2159523963928
317,77,260273.5891845612,6255349.000146791,19.171982435193264,1,1,0.46972654913853834,0.5590519507726033,544.4277191162108,675.431170463562
317,78,260268.27083861892,6255351.2427193085,19.171982435193264,1,1,0.46972654913853834,0.5590519507726033,544.4277191162108,675.431170463562
318,78,260268.51250854848,6255350.435050624,19.171982435193264,1,1,0.452953138201124,0.5680755456288655,525.2724838256836,680.8453273773193
319,78,260261.93847756973,6255352.766470721,19.00342442543326,1,1,0.454030255720202,0.569247563680013,526.5025520324707,681.5485382080078
319,79,260325.1544723109,6255358.133034376,19.00342442543326,1,1,0.454030255720202,0.569247563680013,526.5025520324707,681.5485382080078
320,79,260325.2343136128,6255358.12781985,19.0,1,1,0.6400951044780777,0.5989162286122639,738.9886093139648,699.3497371673584
554,143,260079.1851903293,6255302.450043464,18.0,1,3,0.2944413935031656,0.09793719847997027,344.2520713806152,398.7623190879822
555,143,260072.8973780464,6255301.8308699895,18.0,1,3,0.28522120841539045,0.09620910485585528,333.722620010376,397.7254629135132
556,143,260069.8654384996,6255301.521802209,18.0,1,3,0.2807752990054583,0.09534650643666573,328.6453914642334,397.20790386199945
557,143,260064.97789632133,6255301.102946173,18.0,1,3,0.2736084114649249,0.09417749245961504,320.46080589294434,396.50649547576904
558,143,260062.740238759,6255301.591092592,18.0,1,3,0.2703272039543726,0.09553989370663958,316.71366691589355,397.32393622398376
558,144,260063.99323610167,6255297.444068016,18.0,1,3,0.2703272039543726,0.09553989370663958,316.71366691589355,397.32393622398376
559,144,259950.628106117,6255240.583091655,17.507074193942252,1,3,0.2700524254980937,0.084638108809789,316.3998699188231,390.7828652858734
560,144,259947.9808267684,6255241.252232787,17.507074193942252,1,3,0.2672940436261338,0.08596515854199725,313.2497978210448,391.57909512519836
561,145,260126.8150737785,6255246.046094578,17.04836689900626,1,3,0.5133826528038118,0.1990932782491047,594.2829895019531,459.45596694946283
562,145,260119.74361466445,6255230.85130959,17.00010143079769,1,3,0.5134495436205754,0.18699592550595598,594.3593788146972,452.1975553035736
563,145,260114.5819006157,6255219.03951326,17.0,1,3,0.5096763002893344,0.1705330630143483,590.0503349304199,442.319837808609
564,145,260113.22658116496,6255217.855868233,17.0,1,3,0.5086826083956583,0.1688813050587971,588.9155387878418,441.32878303527826
600,157,259565.57327376425,6255256.097310169,17.0,1,4,0.12283668584873698,0.33601178725560504,148.27949523925764,541.607072353363
601,157,259564.35236206505,6255258.6930951085,17.0,1,4,0.18244163960792545,0.30420234402020757,216.34835243225086,522.5214064121245
602,157,259561.3924358236,6255262.468219655,17.0,1,4,0.18027148355326997,0.3094704707463581,213.8700342178343,525.6822824478148
603,157,259556.1347811345,6255263.405263959,17.0,1,4,0.17641668102578392,0.31077810128529854,209.46784973144526,526.4668607711791
603,158,259602.60166111265,6255247.993160872,17.0,1,4,0.17641668102578392,0.31077810128529854,209.46784973144526,526.4668607711791
604,158,259131.69133313585,6255121.732344328,16.129638923213843,1,4,0.20892827356341825,0.2909618337949117,246.59608840942366,514.577100276947
605,158,258899.40880486,6255053.881238668,15.836557177616127,1,4,0.20921392490901372,0.28827329476674396,246.9223022460937,512.9639768600464
606,158,258097.53494598536,6254829.623257164,15.12566778142161,1,4,0.21025737154504653,0.2877580960591633,248.1139183044432,512.6548576354979
607,158,258102.1529496807,6254826.12109042,15.12566778142161,1,4,0.21118086566023145,0.28642509182294207,249.16854858398438,511.85505509376526
607,159,258079.12068443777,6254800.164691881,15.12566778142161,1,4,0.21118086566023145,0.28642509182294207,249.16854858398438,511.85505509376526
608,159,257894.9577554417,6254743.350508755,15.007300810487012,1,4,0.2055331762951852,0.27472551067670176,242.7188873291015,504.83530640602106
609,159,257894.5633840637,6254734.179589345,15.007300810487012,1,4,0.20546052334813839,0.27150981028874704,242.63591766357405,502.90588617324823
609,160,257579.0938196481,6254837.620278013,15.007300810487012,1,4,0.20546052334813839,0.27150981028874704,242.63591766357405,502.90588617324823
610,160,257558.72133185068,6254812.9286247445,15.0,1,4,0.1460154311251932,0.30016846259435015,174.74962234497062,520.1010775566101
611,160,257548.84380579105,6254797.549196733,15.0,1,4,0.1442049322111593,0.29480302532513925,172.68203258514393,516.8818151950835
612,160,257538.89001225933,6254783.98435025,15.0,1,4,0.14238045386800413,0.2900706430276235,170.59847831726074,514.0423858165741
613,160,257542.24666945287,6254782.937210159,15.0,1,4,0.14299571159215813,0.2897053261597951,171.3011026382446,513.8231956958771
707,184,260453.3650136595,6255655.36721009,15.0,1,5,0.5706340268697921,0.5640709002812703,659.6640586853026,678.4425401687622
708,184,260456.9053005104,6255638.302363204,15.0,1,5,0.5712829429506211,0.5581174691518147,660.4051208496094,674.8704814910889
709,184,260434.9228393688,6255614.021219051,15.226229556181892,1,5,0.568728966387266,0.5498682816823323,657.4884796142578,669.9209690093994
709,185,260345.87503607885,6255527.660574612,15.226229556181892,1,5,0.568728966387266,0.5498682816823323,657.4884796142578,669.9209690093994
710,185,260349.71853458424,6255544.847596122,15.8413860019734,1,5,0.5461509858246651,0.5074406703313191,631.7044258117676,644.4644021987915
711,185,260343.0693277069,6255551.27360153,15.8413860019734,1,5,0.5439672386583638,0.5114575465520222,629.2105865478514,646.8745279312134
712,185,260362.0502950489,6255579.282226055,16.665527957635888,1,5,0.5437575472215428,0.5140380462010701,628.9711189270018,648.4228277206421
712,186,260379.798510864,6255568.977539052,16.665527957635888,1,5,0.5437575472215428,0.5140380462010701,628.9711189270018,648.4228277206421
713,186,260380.2211757617,6255577.580105905,16.97907872934452,1,5,0.5532938227344519,0.5033697207768758,639.8615455627441,642.0218324661255
714,186,260377.14019846503,6255585.153744618,16.97907872934452,1,5,0.5510674358040564,0.5137864549954732,637.3190116882324,648.2718729972839
714,187,260456.04737329675,6255694.090628057,16.97907872934452,1,5,0.5510674358040564,0.5137864549954732,637.3190116882324,648.2718729972839
715,187,260455.2199412849,6255691.179171856,17.0,1,5,0.608204368952068,0.6612385352452596,702.5693893432617,736.7431211471558
716,187,260455.9664877593,6255689.876781757,17.0,1,5,0.6087517212234737,0.6594210704167683,703.1944656372069,735.652642250061
1030,275,259571.1131670056,6246756.856674437,19.0,2,6,0.47087020673601515,0.5688445885976156,545.7337760925293,681.3067531585693
1031,275,259570.90459323773,6246757.015629074,19.0,2,6,0.2758430908523799,0.7178836782773336,323.0128097534179,770.7302069664001
1032,275,259570.89343672805,6246756.565558729,19.0,2,6,0.27581037197346847,0.7153714140256245,322.97544479370106,769.2228484153748
1033,275,259571.07864674853,6246756.859134679,19.0,2,6,0.27635354043723387,0.7170101364453633,323.5957431793211,770.206081867218
1034,276,259491.7864070232,6246790.824619378,18.20680325770101,2,6,0.2989576510080313,0.7209248741467793,349.40963745117176,772.5549244880676
1035,276,259462.0138983777,6246801.389663759,18.011590161588707,2,6,0.29900595269144725,0.7185871680577596,349.4647979736328,771.1523008346558
1036,276,259461.7139812354,6246801.4847691525,18.011590161588707,2,6,0.29856261939802003,0.7188547452290852,348.95851135253895,771.3128471374512
1165,314,273732.3385528445,6250735.398667393,19.0,3,7,0.8264293203003142,0.13879646857579547,951.7822837829589,423.2778811454773
1166,314,273733.7206274165,6250734.0953354845,19.0,3,7,0.8304825530578291,0.13152135213216143,956.4110755920409,418.9128112792969
1167,314,273733.8453821391,6250733.310086129,19.0,3,7,0.8308484232780603,0.1271381398042042,956.8288993835449,416.2828838825225
1167,315,273742.00670214096,6250731.769456284,19.0,3,7,0.8308484232780603,0.1271381398042042,956.8288993835449,416.2828838825225
1168,315,273743.15512215457,6250731.226780929,19.0,3,7,0.8581512504617721,0.11550926168759662,988.0087280273438,409.305557012558
1170,316,273650.4634333301,6250863.233893347,17.605227952537824,3,7,0.5256633558122998,0.613190730412801,608.3075523376464,707.9144382476807
1171,316,273655.0194080126,6250855.552559521,17.605227952537824,3,7,0.5307447530342275,0.5968845089276631,614.1105079650879,698.1307053565979
1172,316,273677.40485721,6250876.713817926,17.077847258894774,3,7,0.5351150031682697,0.5881025274594625,619.101333618164,692.8615164756775
1172,317,273556.29319298244,6250876.903867718,17.077847258894774,3,7,0.5351150031682697,0.5881025274594625,619.101333618164,692.8615164756775
1173,317,273556.57615115,6250871.151091834,17.077847258894774,3,7,0.44161436812472626,0.5799094518025716,512.3236083984374,687.945671081543
1174,317,273554.5739096706,6250872.253007284,17.00014036845252,3,7,0.44260179683331213,0.5754957159360249,513.4512519836425,685.297429561615
1175,317,273553.00864888687,6250870.613096768,17.0,3,7,0.4414586402906428,0.5731966336568196,512.1457672119141,683.9179801940918
1176,317,273552.32210495777,6250868.896232937,17.0,3,7,0.4409552806313109,0.5708007772763569,511.57093048095703,682.4804663658142
1317,354,273994.96110920206,6251321.245644539,17.0,3,8,0.8661894723120587,0.8337139089902241,997.1883773803711,840.2283453941345
1318,354,274004.8377468413,6251319.132374371,17.0,3,8,0.8734308165969448,0.8307648738225301,1005.4579925537109,838.4589242935181
1319,354,274006.98762992484,6251317.833329337,16.98285904857196,3,8,0.8717652102067883,0.8238455255826314,1003.5558700561523,834.3073153495789
1320,354,274007.2417121299,6251317.479799605,16.98285904857196,3,8,0.8719492977429605,0.8233580072720845,1003.7660980224609,834.0148043632507
1321,354,274281.49384515214,6251545.69930015,16.194654682049404,3,8,0.8727587016785415,0.8259577115376789,1004.6904373168945,835.5746269226074
1321,355,274249.73659244395,6251527.321257624,16.194654682049404,3,8,0.8727587016785415,0.8259577115376789,1004.6904373168945,835.5746269226074
1322,355,274331.76938874647,6251600.289904392,16.009035825085775,3,8,0.858438956132077,0.8124507506688435,988.337287902832,827.4704504013062
1323,356,274097.7918977696,6251427.924466976,16.009035825085775,3,8,0.7721263531419316,0.6914285143216451,889.7682952880859,754.8571085929871
1324,356,274104.5948445618,6251426.366333446,16.0,3,8,0.7735488477396255,0.6885005076726277,891.3927841186523,753.1003046035767
1384,373,272571.58384258416,6251555.795166558,16.0,3,9,0.2877451717957931,0.945475121339162,336.6049861907958,907.2850728034973
1385,373,272575.58747483016,6251561.130353009,16.0,3,9,0.2892128615370982,0.9491977055867511,338.28108787536615,909.5186233520508
1386,373,272582.0344681251,6251570.688081904,16.0,3,9,0.2915762619045277,0.9558665355046588,340.98009109497065,913.5199213027954
1387,373,272584.89859873126,6251577.552769455,16.0,3,9,0.2926262222530545,0.9606563170750935,342.1791458129883,916.3937902450562
1388,374,272189.9137343952,6251514.040724519,16.0,3,9,0.14782889878895988,0.9163412888844806,176.8206024169922,889.8047733306885
1389,374,272177.99991098593,6251533.401488228,15.98285904857196,3,9,0.14909764471905865,0.9245342572530109,178.26951026916498,894.7205543518066
1390,374,271112.80844872445,6252068.504335999,15.107708323527998,3,9,0.1531904983854544,0.92340665658315,182.94354915618894,894.0439939498901
1391,374,271124.72050181846,6252062.251359588,15.107708323527998,3,9,0.15554316365363918,0.9210560758908588,185.63029289245594,892.6336455345154
1392,375,273262.5430954751,6252066.837582242,15.00511467257623,3,9,0.5807139969540143,0.8923706014951069,671.1753845214843,875.4223608970642
1393,375,273274.5765881797,6252045.663986236,15.00511467257623,3,9,0.5829275067758642,0.8849575122197468,673.703212738037,870.9745073318481
1394,375,273288.6487438923,6252040.0359553965,15.0,3,9,0.5856404179240692,0.8815601189931234,676.801357269287,868.936071395874
1395,375,273310.35736407427,6252034.817476629,15.0,3,9,0.5896194945701158,0.8797395428021748,681.3454627990722,867.8437256813049
1396,375,273354.8207535987,6252055.38447663,15.0,3,9,0.5977694015369314,0.8869147737820943,690.6526565551757,872.1488642692566
1397,375,273399.2764890399,6252069.776271631,15.0,3,9,0.6059179055502869,0.891935654481252,699.9582481384277,875.1613926887512
1667,452,256101.02012299403,6255919.77006054,19.0,4,10,0.18770240192446724,0.9556073268254597,222.3561429977416,913.3643960952759
1668,452,256102.1632765542,6255921.52032983,19.0,4,10,0.1751232581464295,0.9282432158788043,207.9907608032225,896.9459295272827
1669,452,256102.649635454,6255922.080284535,19.0,4,10,0.17654961086613896,0.931368847688039,209.6196556091307,898.8213086128235
1670,452,256102.822997022,6255922.782837115,19.0,4,10,0.17705803117902386,0.9352904518445331,210.20027160644526,901.17427110672
1671,452,256102.4924662016,6255923.782329257,19.0,4,10,0.1760886780226083,0.9408695538838703,209.09327030181868,904.5217323303223
1671,453,256097.4026289956,6255917.647699013,19.0,4,10,0.1760886780226083,0.9408695538838703,209.09327030181868,904.5217323303223
1672,453,255999.0423462161,6255966.393502239,18.20269145564557,4,10,0.1610936859651955,0.9155678470929463,191.96898937225325,889.3407082557678
1673,453,255999.60819525065,6255969.662690564,18.20269145564557,4,10,0.1620485836904227,0.9260683735211689,193.05948257446272,895.6410241127014
1674,453,255874.51598026423,6256037.570274839,17.567219931513247,4,10,0.1649903265690844,0.9357271154721576,196.4189529418944,901.4362692832947
1675,454,256224.70305453043,6255964.8969063535,17.03145575597445,4,10,0.5473505611386273,0.7152512510617574,633.0743408203125,769.1507506370544
1676,454,256228.1132259271,6255964.888029878,17.03145575597445,4,10,0.5499059406554426,0.715238591035207,635.9925842285155,769.1431546211243
1677,454,256238.0094556136,6256051.493338222,16.16291269816516,4,10,0.5547221295679096,0.7123212059338887,641.4926719665527,767.3927235603333
1678,454,256243.7348921617,6256051.082948326,16.16291269816516,4,10,0.5570719262973229,0.7120006283124287,644.1761398315429,767.2003769874573
1679,454,256250.79929480384,6256069.9585975455,16.005148426830253,4,10,0.5591014487939623,0.7093914826711019,646.493854522705,765.6348896026611
1680,455,256468.43747536992,6255992.847540981,16.005148426830253,4,10,0.6391705581477978,0.6553955038388569,737.932777404785,733.2373023033142
1681,455,256478.6165400546,6255983.198851158,16.0,4,10,0.6425900567851426,0.6483205874760946,741.8378448486328,728.9923524856567
1682,455,256478.3572579854,6255974.390573189,16.0,4,10,0.642495006688213,0.6421746810277302,741.7292976379393,725.3048086166382
1683,455,256477.34527883923,6255971.411990119,16.0,4,10,0.6421240257089483,0.6400963981946309,741.305637359619,724.0578389167786
1884,509,566383.7523539071,5758466.425265648,10.0,5,11,0.6567785760775964,0.7132728536923726,758.0411338806151,767.9637122154236
1885,509,566934.8113558892,5758980.261367476,10.0,5,11,0.6520783813530008,0.656407340367635,752.673511505127,733.844404220581
1886,509,568062.1572181573,5759487.041498011,10.0,5,11,0.6585357752865124,0.6619323690732319,760.0478553771973,737.1594214439392
1886,510,564225.7645036948,5757442.561515119,10.0,5,11,0.6585357752865124,0.6619323690732319,760.0478553771973,737.1594214439392
1887,510,564366.7133528113,5757258.584690442,10.0,5,11,0.6373684143226743,0.6376372416814168,735.8747291564941,722.5823450088501
1888,510,560918.9591371712,5754539.405198503,10.336175346170164,5,11,0.6362678975440991,0.6331576307614644,734.6179389953612,719.8945784568787
1889,510,561116.3041923937,5754207.702841572,10.336175346170164,5,11,0.637694901635058,0.6285924037297567,736.2475776672363,717.155442237854
1890,510,557671.4751075876,5751287.27323061,10.85505902057382,5,11,0.6414552678577535,0.6214727481206258,740.5419158935546,712.8836488723755
1891,511,560437.751876089,5754370.718570361,11.590806508429091,5,11,0.7523919087157775,0.796916898091634,867.231559753418,818.1501388549805
1892,511,560223.0203335205,5753849.220576705,11.590806508429091,5,11,0.7486870092602409,0.7797912081082662,863.0005645751952,807.8747248649597
1893,511,554383.9846166,5749741.738150592,12.572557035101298,5,11,0.7475280193856635,0.7743189652760823,861.6769981384277,804.5913791656494
1894,512,556570.3786868989,5751445.434761224,12.572557035101298,5,11,0.8220261508654377,0.8848092397054036,946.75386428833,870.8855438232422
1895,512,554521.4824806756,5749941.477906104,12.982782121197197,5,11,0.8201046056797541,0.877758248647054,944.5594596862792,866.6549491882324
1896,512,554367.448205733,5749841.807438517,13.0,5,11,0.8163396297528321,0.8734546979268392,940.2598571777344,864.0728187561035
2097,569,536164.7754499153,5735991.538880561,13.0,5,12,0.43844309203887777,0.3104652484258016,508.70201110839844,526.279149055481
2098,569,536128.9652748349,5736039.036909062,13.0,5,12,0.43680213754523656,0.31460792024930306,506.82804107666016,528.7647521495818
2099,569,536141.0138952688,5735862.331941829,13.0,5,12,0.4373542498373108,0.2991961081822712,507.458553314209,519.5176649093627
2100,569,536081.0988252374,5735715.587789932,13.0,5,12,0.4346087200211559,0.28639741142590835,504.32315826416004,511.83844685554504
2100,570,532942.0674463678,5735232.298655869,13.0,5,12,0.4346087200211559,0.28639741142590835,504.32315826416004,511.83844685554504
2101,570,532907.2550357076,5735183.198395392,13.0,5,12,0.28917147441002194,0.23996359904607134,338.2338237762451,483.9781594276428
2102,570,530123.1542217915,5733150.698971894,12.542901679162894,5,12,0.28793021133609903,0.24203560551007586,336.81630134582514,485.22136330604553
2102,571,529393.2734311216,5733152.863862685,12.542901679162894,5,12,0.28793021133609903,0.24203560551007586,336.81630134582514,485.22136330604553
2103,571,525034.8143387433,5730374.266831245,12.07197918790615,5,12,0.25976694778469095,0.24874826272328693,304.65385437011713,489.24895763397217
2104,571,524908.586167786,5730241.596417453,12.07197918790615,5,12,0.25672687290011265,0.24266667564709968,301.1820888519287,485.60000538825983
2104,572,533170.2822143986,5733840.219221868,12.07197918790615,5,12,0.25672687290011265,0.24266667564709968,301.1820888519287,485.60000538825983
2105,572,532760.5088771473,5733290.105402899,12.000126685728244,5,12,0.45462626041338866,0.3989635547002156,527.1831893920898,579.3781328201294
2106,572,532885.137024046,5733633.480613455,12.000126685728244,5,12,0.45748197218165076,0.4139390786488851,530.4444122314452,588.363447189331
2107,572,533357.5693769327,5733753.963408206,12.0,5,12,0.46832114050977075,0.41922034819920856,542.8227424621582,591.5322089195251
2133,580,538815.8352090869,5746361.536554806,12.0,5,13,0.5355867462692662,0.9740225156148273,619.640064239502,924.4135093688965
2134,580,538927.0206088694,5746386.936083263,12.0,5,13,0.5381342091201274,0.9751301606496173,622.5492668151855,925.0780963897705
2135,580,538934.1695225999,5746441.007260753,12.0,5,13,0.5382980039366072,0.9774881442387897,622.7363204956055,926.4928865432739
2136,580,538815.696457622,5746694.333756223,11.982859048571958,5,13,0.5372767039230534,0.9848674376805622,621.569995880127,930.9204626083374
2137,580,534436.9775344793,5751967.375048398,11.190728105192507,5,13,0.5398774790054027,0.9864290197690326,624.5400810241699,931.8574118614197
2137,581,532354.7091421233,5747897.411403686,11.190728105192507,5,13,0.5398774790054027,0.9864290197690326,624.5400810241699,931.8574118614197
2138,581,532480.483485814,5747851.170047184,11.190728105192507,5,13,0.5142961258228521,0.8839920242627461,595.3261756896972,870.3952145576477
2139,581,530555.1699571422,5748837.369548465,11.009512870729395,5,13,0.5115282489622954,0.8813195784886677,592.1652603149414,868.7917470932007
2140,581,530436.6031354506,5748949.03431078,11.009512870729395,5,13,0.510160970604357,0.883770473798116,590.6038284301757,870.2622842788696
2141,581,530580.7811637409,5749148.768062806,11.0,5,13,0.5129218828030934,0.8867730458577473,593.7567901611327,872.0638275146484
2159,587,533560.8487516356,5741202.517475582,11.0,5,14,0.6162022057848928,0.6692751844724019,711.7029190063477,741.5651106834412
2160,587,533376.009202436,5740866.989803084,11.0,5,14,0.5379385472179085,0.5078601678212483,622.3258209228514,644.716100692749
2161,587,534850.1798407024,5741064.096190663,11.234272563183197,5,14,0.5391197338204459,0.501168700059255,623.6747360229492,640.701220035553
2162,587,534804.4423345245,5740966.365316658,11.234272563183197,5,14,0.538503386302086,0.49866201480229694,622.9708671569823,639.1972088813782
2163,587,537382.9039723917,5741971.033558657,11.8413860019734,5,14,0.5362797050676495,0.49824122985204056,620.4314231872559,638.9447379112244
2163,588,536453.3972415065,5741629.642409842,11.8413860019734,5,14,0.5362797050676495,0.49824122985204056,620.4314231872559,638.9447379112244
2164,588,536349.9831032028,5741727.897130984,11.8413860019734,5,14,0.5150775709001905,0.4887422402699788,596.2185859680175,633.2453441619873
2165,588,536890.580499788,5741969.696071558,11.999017178569716,5,14,0.5125808649013005,0.48938017686208085,593.3673477172852,633.6281061172485
2165,589,535789.9435719069,5742841.424172544,11.999017178569716,5,14,0.5125808649013005,0.48938017686208085,593.3673477172852,633.6281061172485
2166,589,535984.2762260684,5742663.578942739,12.0,5,14,0.49172626234812816,0.5195816357930501,569.5513916015624,651.7489814758301
2167,589,536174.983176779,5742576.951395619,12.0,5,14,0.4960957107944788,0.5158039053281148,574.5413017272948,649.4823431968689
2168,589,536239.4830426611,5742596.192940762,12.0,5,14,0.4975735218428897,0.5166430075963337,576.2289619445801,649.9858045578003
2169,590,540324.9111957574,5748040.305334267,12.0,5,14,0.5911782259698924,0.7540546615918476,683.1255340576172,792.4327969551086
2170,590,540202.6851217386,5747826.7376862345,12.017277252772162,5,14,0.5880041439771233,0.7476118882497151,679.5007324218749,788.5671329498291
2171,590,540281.4545040627,5747809.92034856,12.017277252772162,5,14,0.5898306390658777,0.746869667371114,681.5865898132324,788.1218004226685
2172,590,540872.7001722697,5745721.625500936,12.728007053489367,5,14,0.5934483048794774,0.749078090985616,685.7179641723633,789.4468545913696
2173,591,540608.5513762868,5746247.517338205,12.728007053489367,5,14,0.5834238516678951,0.7870640714963276,674.2700386047362,812.2384428977966
2174,591,540808.7404968991,5745595.518111906,12.989824733451822,5,14,0.5853754100365313,0.7864337523778279,676.4987182617188,811.8602514266968
2174,592,539891.0481599639,5746782.854672558,12.989824733451822,5,14,0.5853754100365313,0.7864337523778279,676.4987182617188,811.8602514266968
2175,592,539883.3665021614,5746809.760570525,13.0,5,14,0.5427305852886674,0.8943188508351644,627.7983283996581,876.5913105010986
2176,592,539892.9854978921,5746818.516568373,13.0,5,14,0.5431713632025776,0.8950825293858845,628.3016967773438,877.0495176315308
2177,592,539914.2540082887,5746843.255522111,13.0,5,14,0.5441459649080986,0.8972402056058247,629.4146919250487,878.3441233634949
2178,592,539944.3629848082,5746847.560943924,13.0,5,14,0.545525669425256,0.8976157148679097,630.9903144836425,878.5694289207458
2179,592,540032.4002500424,5746887.742830645,13.0,5,14,0.5495598621000967,0.9011202891667682,635.5973625183104,880.672173500061
2201,598,538373.7877515672,5745943.466647511,13.0,5,15,0.47355611103011097,0.8187626322110494,548.8010787963867,831.2575793266296
2202,598,539015.7438972115,5745490.92432576,13.568201987151204,5,15,0.47171683904377254,0.8223387678464253,546.7006301879883,833.4032607078552
2203,598,539358.8171849456,5745276.236094206,13.958451249297712,5,15,0.472442767248471,0.8270252307256062,547.5296401977539,836.2151384353638
2203,599,539007.1360214459,5745403.21075005,13.958451249297712,5,15,0.472442767248471,0.8270252307256062,547.5296401977539,836.2151384353638
2204,599,538982.4365523751,5745416.849406361,13.958451249297712,5,15,0.4389277122484197,0.850856872399648,509.2554473876953,850.5141234397888
2205,599,538966.4887819312,5745386.051280261,14.0,5,15,0.4337028129297046,0.8501812775929768,503.28861236572266,850.1087665557861
2366,641,555874.4240413744,5995174.704898491,11.0,6,16,0.43739062641631493,0.5079874118169149,507.50009536743164,644.7924470901489
2367,641,555298.0147157568,5994979.548738547,11.0,6,16,0.4307873253229412,0.503732140858968,499.9591255187988,642.2392845153809
2368,641,555091.4594390122,5995012.5061274655,11.0,6,16,0.42842104389037017,0.504450758298238,497.25683212280273,642.6704549789429
2369,641,554898.0429428406,5995494.585437998,11.0,6,16,0.42620527932188756,0.5149622281392415,494.7264289855956,648.9773368835449
2370,641,554446.2858297166,5995787.570622501,11.0,6,16,0.42102998442908707,0.521350606282552,488.81624221801746,652.8103637695312
2370,642,548615.2652698361,5998951.917881631,11.0,6,16,0.42102998442908707,0.521350606282552,488.81624221801746,652.8103637695312
2371,642,553059.5876641831,5997193.809777429,11.712706366625374,6,16,0.3539518232729722,0.5897728999455769,412.2129821777343,693.8637399673462
2372,642,554305.3420988336,5996640.929505926,11.96732599660319,6,16,0.3565074783699316,0.5848991115887959,415.1315402984619,690.9394669532776
2373,643,557831.3381347818,5997524.876324018,11.96732599660319,6,16,0.43548546572282715,0.6225838263829548,505.32440185546864,713.550295829773
2374,643,557816.2526689394,5997421.435809609,12.0,6,16,0.43399938727009735,0.6210432728131612,503.6273002624512,712.6259636878967
2375,643,557692.3527434827,5997219.902704899,12.0,6,16,0.4311606111543191,0.6122546394666035,500.3854179382324,707.3527836799622
2406,652,560932.9139127713,5995596.409845554,13.0,6,17,0.544807407359108,0.5463570555051167,630.1700592041014,667.8142333030701
2407,652,560679.9377147178,5995475.830972136,13.0,6,17,0.5332151035502579,0.5358404358228047,616.9316482543945,661.5042614936829
2408,652,560606.7111005207,5995442.834219361,13.0,6,17,0.5298595896117949,0.5329625328381856,613.0996513366698,659.7775197029114
2409,652,560515.1529570037,5995413.55243055,13.0,6,17,0.5256640572890299,0.5304086407025654,608.3083534240722,658.2451844215393
2410,652,560494.9002527948,5995373.363163105,13.0,6,17,0.5247360035750995,0.5269034226735433,607.2485160827637,656.142053604126
2410,653,560639.0670971863,5995593.445255106,13.0,6,17,0.5247360035750995,0.5269034226735433,607.2485160827637,656.142053604126
2411,653,560643.6901634532,5995569.6485736845,13.0,6,17,0.5315541068643279,0.5440229972203572,615.0347900390625,666.4137983322144
2412,653,560663.0965447457,5995564.030613279,13.0,6,17,0.5324433789361795,0.5435330112775166,616.0503387451171,666.11980676651
2413,653,560624.6282159059,5995536.7662221175,13.0,6,17,0.5306806180189035,0.5411550720532735,614.0372657775879,664.6930432319641
2414,653,560584.4420921027,5995496.079985984,13.0,6,17,0.5288391413914133,0.5376065095265706,611.934299468994,662.5639057159424
2414,654,559669.604196446,5995886.189335986,13.0,6,17,0.5288391413914133,0.5376065095265706,611.934299468994,662.5639057159424
2415,654,559626.3455049489,5995841.350212984,13.0,6,17,0.48493561686233544,0.5677202065785726,561.7964744567871,680.6321239471436
2416,654,559547.6823047822,5995805.641044466,13.0,6,17,0.4813309784737234,0.5646057327588399,557.6799774169922,678.763439655304
2417,654,559528.5973949851,5995781.384297971,13.0,6,17,0.4804564374132038,0.5624901135762532,556.6812515258788,677.494068145752
2417,655,560919.9139991367,5996112.152634184,13.0,6,17,0.4804564374132038,0.5624901135762532,556.6812515258788,677.494068145752
2418,655,560862.3487326548,5996051.364998666,13.0,6,17,0.5415738501607223,0.5860372265179952,626.4773368835449,691.6223359107971
2419,655,560752.2418333252,5995609.369990003,13.39619591857545,6,17,0.5363993569556134,0.5798134287198384,620.5680656433104,687.8880572319031
2420,655,560629.8892677159,5995587.871466065,13.39619591857545,6,17,0.5290208238645108,0.5773457964261373,612.1417808532714,686.4074778556824
2420,656,561045.314696816,5995933.847211803,13.39619591857545,6,17,0.5290208238645108,0.5773457964261373,612.1417808532714,686.4074778556824
2421,656,560917.2499858012,5995492.004500106,13.855752518351109,6,17,0.5498815392863311,0.6117845018704732,635.9647178649901,707.0707011222839
2422,656,560908.1034230333,5995343.166052956,13.999461617430237,6,17,0.550399479640553,0.6032797535260518,636.5562057495116,701.9678521156311
2423,656,560894.8016773162,5995326.440014244,13.999461617430237,6,17,0.5491808642439165,0.6003632267316182,635.1645469665527,700.217936038971
2423,657,560722.8650874932,5995122.379142447,13.999461617430237,6,17,0.5491808642439165,0.6003632267316182,635.1645469665527,700.217936038971
2424,657,560660.2197658776,5995067.81406476,14.0,6,17,0.527686615123849,0.5553075869878132,610.6181144714355,673.184552192688
2425,657,560621.1757406354,5995014.380704758,14.0,6,17,0.5241083322180966,0.5459869106610615,606.5317153930664,667.592146396637
2426,657,560605.6598205013,5994981.317525474,14.0,6,17,0.52268633867521,0.540219517548879,604.9077987670898,664.1317105293274
2427,657,560560.5450138225,5994942.523829758,14.0,6,17,0.518551684511522,0.5334525187810262,600.1860237121582,660.0715112686157
2527,682,561384.3294251829,5995193.656774222,14.0,6,18,0.6036815977347084,0.5872590263684591,697.404384613037,692.3554158210754
2528,682,561389.781866039,5995187.380084279,14.0,6,18,0.6041812996939476,0.5861641486485799,697.9750442504882,691.698489189148
2529,682,561411.2302473914,5995168.128083112,14.0,6,18,0.6061469878081474,0.5828059156735738,700.2198600769043,689.6835494041443
2530,682,561413.8736397045,5995156.153474929,14.0,6,18,0.6063892478074375,0.5807171185811361,700.4965209960936,688.4302711486816
2531,682,561408.8848176036,5995137.454412934,14.0,6,18,0.6059320352958505,0.5774553378423054,699.9743843078613,686.4732027053833
2531,683,561488.0307717336,5995366.8700443655,14.0,6,18,0.6059320352958505,0.5774553378423054,699.9743843078613,686.4732027053833
2532,683,561341.375562755,5995138.335681381,14.343796208835409,6,18,0.6147611721593319,0.6162943681081136,710.057258605957,709.7766208648682
2533,683,561346.175497434,5995127.205299733,14.343796208835409,6,18,0.6153194474255349,0.6138303836186726,710.6948089599609,708.2982301712036
2534,684,559820.0605652482,5993960.974419861,14.888138618052391,6,18,0.3891765524334747,0.31981757481892903,452.43962287902815,531.8905448913574
2535,684,559911.1163896115,5993979.130643384,15.007379283276896,6,18,0.39261564231378177,0.31636594732602435,456.3670635223388,529.8195683956146
2537,685,560259.0436015957,5994231.21871001,15.707037588450737,6,18,0.40211929915874084,0.38731547196706134,467.2202396392821,572.3892831802368
2538,685,560265.4760135853,5994226.1038473295,15.707037588450737,6,18,0.4040440009897101,0.38440248568852736,469.418249130249,570.6414914131165
2539,685,560350.3595095851,5994239.774916637,15.987782212256764,6,18,0.40479180023674355,0.3834815224011739,470.2722358703612,570.0889134407043
2540,685,560351.9539335346,5994238.593727208,15.987782212256764,6,18,0.40537137033225346,0.3826643069585164,470.93410491943354,569.5985841751099
2541,685,560360.9025259068,5994235.738432021,16.0,6,18,0.40747119081834554,0.38024634917577105,473.33209991455067,568.1478095054626
2658,717,559368.916742654,5995211.11772041,16.0,6,19,0.2535530163820069,0.8998260696729024,297.5575447082519,879.8956418037415
2659,717,559365.1204540554,5995210.624903378,16.0,6,19,0.24908288097214557,0.9704656918843586,292.45265007019026,922.2794151306152
2660,717,559364.0305672764,5995209.593447323,16.0,6,19,0.2486833398688695,0.9697460015614826,291.996374130249,921.8476009368896
2660,718,559585.3651953249,5995203.693020494,16.0,6,19,0.2486833398688695,0.9697460015614826,291.996374130249,921.8476009368896
2661,718,559586.0891212497,5995201.56014528,16.0,6,19,0.33008768512572156,0.9641408284505206,384.96013641357405,918.4844970703125
2662,718,559098.8386805695,5995649.92537198,15.33263536328867,6,19,0.3291535686486238,0.9593261559804279,383.8933753967284,915.5956935882568
2662,719,559193.3904928216,5995649.116809416,15.33263536328867,6,19,0.3291535686486238,0.9593261559804279,383.8933753967284,915.5956935882568
2663,719,558909.1556140826,5995926.59312388,15.028634132644784,6,19,0.35108714262366075,0.955168839295705,408.94151687622065,913.1013035774231
2664,719,558914.2003549818,5995919.622151931,15.028634132644784,6,19,0.35203035324550963,0.9526881178220111,410.01866340637207,911.6128706932068
2665,719,558890.8817948345,5995939.0566342445,15.0,6,19,0.35324350714474745,0.9489850600560504,411.40408515930164,909.3910360336304
2666,719,558892.8241551325,5995933.012744609,15.0,6,19,0.3535995316380167,0.9468765219052631,411.8106651306152,908.125913143158
2697,730,559231.922858382,5995333.66204037,15.0,6,20,0.4700452701014103,0.5527804096539815,544.7916984558105,671.6682457923889
2698,730,559221.8156414856,5995333.68664278,15.0,6,20,0.4681926700571998,0.5527889927228291,542.6760292053222,671.6733956336975
2699,730,559333.2132374955,5995250.454567291,15.425361853937462,6,20,0.46762256989754636,0.5539258201917012,542.0249748229979,672.3554921150208
2700,730,559453.8238577561,5995162.117169412,16.068532422106248,6,20,0.4677418710471451,0.5556363185246785,542.1612167358397,673.3817911148071
2701,730,559453.4066421813,5995168.412647442,16.068532422106248,6,20,0.4675814834033544,0.5602426369984944,541.9780540466307,676.1455821990967
2701,731,559443.2263736132,5995132.248620387,16.068532422106248,6,20,0.4675814834033544,0.5602426369984944,541.9780540466307,676.1455821990967
2702,731,559531.2087482279,5995081.315982235,16.81031445375067,6,20,0.4621287043583163,0.5372659762700398,535.7509803771973,662.3595857620239
2703,731,559530.2679002704,5995079.939492288,16.81031445375067,6,20,0.46152388110052256,0.5355817635854084,535.0602722167968,661.3490581512451
2703,732,559632.7080899583,5995090.356902887,16.81031445375067,6,20,0.46152388110052256,0.5355817635854084,535.0602722167968,661.3490581512451
2704,732,559637.494307681,5995078.445247069,16.99956174046277,6,20,0.5277014964516233,0.5474700649579366,610.6351089477539,668.482038974762
2705,732,559639.2554184084,5995079.691814659,16.99956174046277,6,20,0.5289923138459801,0.5492091019948323,612.1092224121093,669.5254611968994
2706,732,559639.1869383067,5995079.308179549,17.0,6,20,0.5289356946527644,0.548708172639211,612.0445632934569,669.2249035835266
2707,732,559638.8200890322,5995079.084374497,17.0,6,20,0.5286667284322495,0.5483958562215169,611.7374038696289,669.0375137329102
2783,753,559707.6392716079,5995114.86189949,18.0,6,22,0.5096065534601696,0.6973625262578328,589.9706840515137,758.4175157546997
2784,753,559707.7643338606,5995115.369324204,18.0,6,22,0.5135507566916337,0.6965616186459859,594.4749641418457,757.9369711875916
2785,753,559706.6116767651,5995115.173119981,18.0,6,22,0.5118605485104428,0.6960140188535054,592.5447463989258,757.6084113121033
2786,753,559685.6164785567,5995142.693737525,17.38391390532184,6,22,0.5112242590107557,0.6948499401410421,591.8181037902831,756.9099640846252
2787,753,559672.6896526568,5995164.878153845,17.03886373368771,6,22,0.5135272071156944,0.6955173810323079,594.448070526123,757.3104286193848
2787,754,559686.04879709,5995164.069517417,17.03886373368771,6,22,0.5135272071156944,0.6955173810323079,594.448070526123,757.3104286193848
2788,754,559687.5652034746,5995163.563230936,17.03886373368771,6,22,0.5247314439763539,0.6936323245366414,607.2433090209961,756.1793947219849
2789,754,559687.294199942,5995166.81981542,17.0,6,22,0.5256780367181513,0.6943188627560933,608.3243179321288,756.591317653656
2790,754,559686.3234298333,5995187.149940338,17.0,6,22,0.5249662883644972,0.7226892312367756,607.5115013122559,773.6135387420654
2791,754,559683.3808448741,5995199.101406879,17.0,6,22,0.5228088465755749,0.7393673141797383,605.0477027893065,783.620388507843
2810,761,560149.0684578045,5995315.216326702,17.0,6,23,0.864241271010631,0.9014038523038227,994.9635314941406,880.8423113822937
2811,761,560148.7923640882,5995314.396605142,17.0,6,23,0.8640388448685146,0.9002599438031513,994.7323608398438,880.1559662818909
2811,762,560168.5743421789,5995336.061795236,17.0,6,23,0.8640388448685146,0.9002599438031513,994.7323608398438,880.1559662818909
2812,762,560241.1928244163,5995381.281432668,16.77421176441978,6,23,0.8790567601833577,0.9290888627370197,1011.8828201293945,897.4533176422119
2813,762,560535.9425829406,5995570.675030764,16.110291246872276,6,23,0.8808976355450792,0.9312940677007038,1013.9850997924805,898.7764406204224
2814,762,560539.7042260999,5995573.856039586,16.110291246872276,6,23,0.8823861691663645,0.9336899240811665,1015.6850051879883,900.2139544487
2836,771,558451.573597694,5995039.792079735,16.0,6,24,0.11373449916806186,0.5445556839307149,137.88479804992664,666.733410358429
2837,771,558454.8553713011,5995044.231738449,16.0,6,24,0.09495075613312448,0.5357861479123432,116.43376350402816,661.471688747406
2838,771,558455.2748936528,5995046.953380096,16.0,6,24,0.09510454864301528,0.5376851518948872,116.60939455032346,662.6110911369324
2839,771,558448.4181335452,5995043.105563115,16.0,6,24,0.09259093204438164,0.5350003679593404,113.73884439468384,661.0002207756042
2840,771,558448.9121294433,5995040.887963352,16.0,6,24,0.09277202577808061,0.5334530552228292,113.94565343856806,660.0718331336975
2840,772,558518.2681523456,5995032.303567316,16.0,6,24,0.09277202577808061,0.5334530552228292,113.94565343856806,660.0718331336975
2841,772,558511.9584199984,5995028.259546113,16.0,6,24,0.11588413702836169,0.5246416767438252,140.33968448638905,654.7850060462952
2842,772,557869.8004380321,5995006.663489689,15.397723958813588,6,24,0.114907969526568,0.5224602897961934,139.22490119934065,653.4761738777161
2842,773,558552.8804284236,5994674.711879197,15.397723958813588,6,24,0.114907969526568,0.5224602897961934,139.22490119934065,653.4761738777161
2843,773,558208.1572666665,5994542.874396555,15.041434277532726,6,24,0.277748902917117,0.36138634284337356,325.18924713134766,556.8318057060242
2844,773,558202.9075358708,5994535.402614405,15.041434277532726,6,24,0.27675861819612996,0.35870370467503865,324.05834197998047,555.2222228050232
2844,774,558461.9688945885,5994513.851166618,15.041434277532726,6,24,0.27675861819612996,0.35870370467503865,324.05834197998047,555.2222228050232
2845,774,558411.3943195703,5994491.540460197,15.0,6,24,0.32320121290804826,0.348741873105367,377.09578514099115,549.2451238632202
2846,774,558401.140034932,5994489.262584528,15.0,6,24,0.3213216561152095,0.3479471882184346,374.94933128356934,548.7683129310608
2847,774,558398.1474250718,5994488.400270045,15.0,6,24,0.3207731263650069,0.34764635165532426,374.3229103088379,548.5878109931946
3020,822,560002.9173662326,5993500.046556568,15.0,6,25,0.5711362341030675,0.6361716826756795,660.2375793457031,721.7030096054077
3021,822,560007.7785291597,5993497.377810104,15.0,6,25,0.5720272598667445,0.6352406342824299,661.2551307678223,721.144380569458
3022,822,560005.9502967098,5993498.451090257,15.0,6,25,0.5716921544116766,0.6356150706609089,660.8724403381348,721.3690423965454
3023,822,560148.9906718071,5993453.756980737,15.641265705359904,6,25,0.5728475867971229,0.6365403254826864,662.1919441223143,721.9241952896118
3023,823,560111.5646062,5993528.731030594,15.641265705359904,6,25,0.5728475867971229,0.6365403254826864,662.1919441223143,721.9241952896118
3024,823,560114.4067017318,5993528.529322608,15.641265705359904,6,25,0.5629605729191607,0.6772264321645101,650.9009742736815,746.335859298706
3025,823,560164.9164858692,5993492.475097775,15.956835646551037,6,25,0.5614369153558895,0.6740136822064717,649.1609573364258,744.408209323883
3026,823,560168.5729088902,5993481.577438015,16.0,6,25,0.5603095420396473,0.6689460237820942,647.8734970092773,741.3676142692566
3089,838,559995.0844471187,5993028.825454671,16.0,6,26,0.5330422897472481,0.5152781923611959,616.7342948913573,649.1669154167175
3090,838,559993.7242071858,5993027.049775703,16.0,6,26,0.5040927459396121,0.5218029340108236,583.673915863037,653.0817604064941
3091,838,559991.2613692287,5993029.292285408,16.0,6,26,0.5031898952824848,0.5233676274617513,582.6428604125977,654.0205764770508
3092,838,559989.9682392041,5993032.494750411,16.0,6,26,0.5027158473293751,0.5256021221478779,582.1014976501465,655.3612732887268
3093,838,559986.7133403134,5993035.024185726,16.0,6,26,0.5015226354114646,0.5273670156796773,580.7388496398926,656.4202094078064
3093,839,560042.4930185233,5992946.759655726,16.0,6,26,0.5015226354114646,0.5273670156796773,580.7388496398926,656.4202094078064
3094,839,560066.5479304058,5992956.273954519,16.11932827766483,6,26,0.5225746535586808,0.46436557372411086,604.7802543640136,618.6193442344666
3095,839,560059.6564798604,5992950.452073632,16.11932827766483,6,26,0.5198304765905055,0.4599531253178914,601.6464042663573,615.9718751907349
3096,839,560155.2368530895,5993001.547253855,16.784645468160214,6,26,0.5179530743333379,0.45933739741643265,599.5024108886719,615.6024384498596
3097,839,560178.9533711124,5993012.756141427,16.995698554523464,6,26,0.5182604714575666,0.4581576546033223,599.853458404541,614.8945927619934
3097,840,560174.502871827,5993027.874817333,16.995698554523464,6,26,0.5182604714575666,0.4581576546033223,599.853458404541,614.8945927619934
3098,840,560173.4728597713,5993025.7959521655,16.995698554523464,6,26,0.5142542376409687,0.4763003309567769,595.2783393859862,625.7801985740662
3099,840,560174.4107264287,5993026.666227418,17.0,6,26,0.5146080324403458,0.47724747260411576,595.6823730468749,626.3484835624695
3100,840,560176.9819516715,5993025.681054649,17.0,6,26,0.5164932010470255,0.4758726795514424,597.8352355957031,625.5236077308655
3101,840,560177.2270190148,5993025.144798985,17.0,6,26,0.5166728793008941,0.4751243432362874,598.0404281616211,625.0746059417725
3101,841,560134.4350215741,5993059.7020365205,17.0,6,26,0.5166728793008941,0.4751243432362874,598.0404281616211,625.0746059417725
3102,841,560134.028398403,5993055.790330156,17.0,6,26,0.4850005535653509,0.5178896983464558,561.8706321716307,650.7338190078735
3103,841,560133.3173204035,5993054.627251206,17.0,6,26,0.48447920603843986,0.516266640027364,561.2752532958983,649.7599840164185
3104,841,560131.957695531,5993055.238928634,17.0,6,26,0.48348235749947827,0.5171202262242635,560.1368522644042,650.2721357345581
3105,841,560131.9333664807,5993056.349189283,17.0,6,26,0.4834645199483413,0.518669577439626,560.1164817810057,651.2017464637756
3105,842,560068.3647018307,5993038.062678957,17.0,6,26,0.4834645199483413,0.518669577439626,560.1164817810057,651.2017464637756
3106,842,560067.8245422432,5993038.88762853,17.0,6,26,0.43646126995988566,0.4943022449811299,506.43877029418945,636.581346988678
3107,842,560067.4960317248,5993039.917931346,17.0,6,26,0.43622041291405556,0.49574001630147296,506.16371154785145,637.4440097808838
3108,842,560069.2575643066,5993041.055024,17.0,6,26,0.4375119317851425,0.4973268111546834,507.6386260986328,638.3960866928101
3109,842,560071.2286274167,5993042.606205974,17.0,6,26,0.43895707406012274,0.4994914611180623,509.28897857666016,639.6948766708374
3110,842,560071.3997508488,5993042.116925538,17.0,6,26,0.4390825381838503,0.49880867799123124,509.43225860595703,639.2852067947388
3110,843,560135.3884333157,5993049.848232993,17.0,6,26,0.4390825381838503,0.49880867799123124,509.43225860595703,639.2852067947388
3111,843,560134.8343323624,5993048.74758266,17.0,6,26,0.4855914474995039,0.5080616553624471,562.5454330444335,644.8369932174683
3112,843,560134.8537409306,5993050.348123219,17.0,6,26,0.48560567745602895,0.5102951844533284,562.561683654785,646.1771106719971
3113,843,560168.8523766373,5993060.729203851,17.29758889617428,6,26,0.48406839120200124,0.515308125813802,560.8061027526854,649.1848754882812
3114,843,560168.843925103,5993062.758343576,17.29758889617428,6,26,0.4840607751689316,0.518788452943166,560.7974052429199,651.2730717658997
3114,844,560204.2036435836,5993076.547974064,17.29758889617428,6,26,0.4840607751689316,0.518788452943166,560.7974052429199,651.2730717658997
3115,844,560246.4425839885,5993080.968614223,17.872570880359152,6,26,0.5187009988440732,0.5421321471532186,600.3565406799315,665.2792882919312
3116,844,560251.0846790659,5993082.080662768,17.99974666191216,6,26,0.5156138999658373,0.5430232842763264,596.8310737609862,665.8139705657959
3117,844,560250.0610390588,5993081.685916977,17.99974666191216,6,26,0.514113140607256,0.5419217546780903,595.1172065734863,665.1530528068542
3118,844,560249.7180485704,5993081.244995117,17.99974666191216,6,26,0.5136102820027313,0.5406913717587788,594.5429420471191,664.4148230552673
3556,962,133484.73342308262,5750458.949000949,11.0,7,27,0.44243965549769615,0.45889622767766314,513.266086578369,615.3377366065979
3557,962,133472.3250607372,5750647.679011308,11.0,7,27,0.4228730644319603,0.4539927204449971,490.9210395812987,612.3956322669983
3558,962,133518.8400179256,5750702.256998451,11.0,7,27,0.4234059362194375,0.45518276294072463,491.52957916259766,613.1096577644348
3559,962,133588.6758732549,5750633.591671134,11.0,7,27,0.4242059704301236,0.4536855538686116,492.4432182312012,612.211332321167
3559,963,135847.50517649352,5752810.447383213,11.0,7,27,0.4242059704301236,0.4536855538686116,492.4432182312012,612.211332321167
3560,963,135914.99669547557,5752584.056003074,11.0,7,27,0.45085612362195226,0.49621433814366656,522.8776931762695,637.7286028862
3561,963,137186.81236248137,5752324.438140438,11.44684736196669,7,27,0.45072845485707286,0.4947398742039998,522.7318954467772,636.8439245223999
3562,963,138139.99084662125,5752146.820498296,11.927580171511323,7,27,0.44967729197700884,0.4935887773831685,521.5314674377441,636.1532664299011
3563,963,138091.65851723895,5752137.375757757,11.927580171511323,7,27,0.4486241248777159,0.4931970675786336,520.3287506103516,635.9182405471802
3563,964,137655.5799086762,5751833.646250371,11.927580171511323,7,27,0.4486241248777159,0.4931970675786336,520.3287506103516,635.9182405471802
3564,964,137855.76929959923,5751852.678853926,12.0,7,27,0.4402705391317657,0.4815114339192708,510.78895568847645,628.9068603515625
3565,964,137860.60449331545,5751838.5816727895,12.0,7,27,0.4403813223496418,0.48089667161305744,510.9154701232909,628.5380029678345
3566,964,137829.6120169039,5751876.203678713,12.0,7,27,0.4396712274768515,0.4825373252232869,510.10454177856445,629.5223951339722
3595,973,136628.75524591887,5754087.800454461,12.0,7,28,0.4373636195622058,0.5759867747624715,507.46925354003906,685.5920648574829
3596,973,136594.04835226308,5754075.558295066,12.0,7,28,0.4113621820292831,0.5784487207730611,477.77561187744135,687.0692324638367
3597,973,136626.32890153708,5754074.76117697,12.0,7,28,0.41210178903021866,0.578413959344228,478.62024307250977,687.0483756065369
3598,973,136667.73311801325,5754152.322735873,12.0,7,28,0.41305043609672576,0.5817963322003682,479.7035980224609,689.077799320221
3599,973,137391.65638500312,5753769.453695913,12.266164250116404,7,28,0.41418377196517375,0.5828139623006184,480.9978675842285,689.6883773803711
3599,974,140635.01913011793,5755305.553969385,12.266164250116404,7,28,0.41418377196517375,0.5828139623006184,480.9978675842285,689.6883773803711
3600,974,140652.7435764867,5755301.869559423,12.266164250116404,7,28,0.5040395339190854,0.6631804545720418,583.6131477355956,737.9082727432251
3601,974,140675.65996083213,5754111.024997004,12.855752518351109,7,28,0.5040462981589829,0.6628496845563252,583.6208724975585,737.7098107337952
3602,974,140640.4200617207,5753890.764051674,12.999461617430237,7,28,0.502237039355597,0.6630423744519551,581.5546989440918,737.8254246711731
3602,975,140591.91553391895,5753929.565458872,12.999461617430237,7,28,0.502237039355597,0.6630423744519551,581.5546989440918,737.8254246711731
3603,975,140574.57147075623,5753921.106454303,12.999461617430237,7,28,0.49922073952162116,0.6656877835591634,578.1100845336914,739.412670135498
3604,975,140549.31389051792,5753925.118978785,13.0,7,28,0.49806084774839054,0.6661079247792562,576.785488128662,739.6647548675537
3605,975,140525.46486063462,5753969.238481285,13.0,7,28,0.4969679971083659,0.6699559291203816,575.5374526977539,741.973557472229
3606,975,140515.31773316147,5753938.011871935,13.0,7,28,0.49650301824726695,0.6672324140866597,575.0064468383789,740.3394484519958
3621,980,139480.9831967823,5753882.687201637,13.0,7,29,0.46052467760396715,0.7031148989995321,533.9191818237305,761.8689393997192
3622,980,139480.2615260784,5753890.927778987,13.0,7,29,0.4490729196685417,0.6631258447964986,520.8412742614746,737.8755068778992
3623,980,139495.00219692598,5753888.268258427,13.0,7,29,0.4497483916541532,0.6628938873608906,521.612663269043,737.7363324165344
3624,980,139955.86001523526,5753093.291074236,13.658481017067606,7,29,0.45059772965786954,0.6604096253712971,522.582607269287,736.2457752227783
3625,980,139963.19894228736,5753086.630862852,13.658481017067606,7,29,0.4511285471206371,0.6594927390416463,523.1888008117676,735.6956434249878
3625,981,140095.20541607836,5753355.889352533,13.658481017067606,7,29,0.4511285471206371,0.6594927390416463,523.1888008117676,735.6956434249878
3626,981,140223.9280443773,5753033.330378171,13.979193046552645,7,29,0.4610442714390529,0.6955151279767354,534.5125579833984,757.3090767860413
3627,981,140234.76031499926,5753011.731310532,14.0,7,29,0.46138528934084594,0.6949075539906819,534.9020004272461,756.9445323944092
3628,981,140264.0852947086,5752981.522010851,14.0,7,29,0.4640728471158056,0.6896379788716633,537.97119140625,753.782787322998
3654,990,139150.33220949257,5754133.591965184,14.0,7,30,0.40665878055392113,0.6839332421620686,472.40432739257795,750.3599452972412
3655,990,139150.99975489368,5754118.517453295,14.0,7,30,0.40671995934588256,0.6813037117322286,472.47419357299793,748.7822270393372
3656,990,139481.2751492163,5753900.651597086,14.35893844265746,7,30,0.40638923812037786,0.6809662898381551,472.09650993347157,748.5797739028931
3657,990,139455.1355848037,5753911.525728352,14.35893844265746,7,30,0.4033168953062146,0.683398946126302,468.58789443969715,750.0393676757812
3659,991,140620.72214732025,5753988.594909758,14.999980056321604,7,30,0.5375195150826314,0.8073168953259785,621.8472862243651,824.3901371955872
3660,991,140604.25661989007,5753967.3507422665,14.999980056321604,7,30,0.5345015116623112,0.799905522664388,618.4007263183594,819.9433135986328
3661,992,140763.35903620394,5753977.289698066,15.0,7,30,0.5636640037630151,0.8033769448598226,651.7042922973633,822.0261669158936
3662,992,140758.06241061343,5753971.29224548,15.0,7,30,0.5626931599685482,0.8012846072514851,650.595588684082,820.7707643508911
3663,992,140749.76893808087,5753966.925932702,15.0,7,30,0.5611730097889273,0.7997613271077474,648.859577178955,819.8567962646484
3663,993,140772.4083494548,5754227.532499989,15.0,7,30,0.5611730097889273,0.7997613271077474,648.859577178955,819.8567962646484
3664,993,140759.10363929192,5754210.745352808,15.0,7,30,0.5628840117446177,0.8848228653271992,650.8135414123534,870.8937191963196
3665,993,140758.0782655001,5754168.576206391,15.0,7,30,0.5626960660864301,0.8701112707455952,650.5989074707031,862.0667624473572
3666,993,140763.4719339315,5754138.558190449,15.0,7,30,0.5636846973265532,0.8596388538678487,651.7279243469238,855.7833123207092
3667,993,140761.9260824805,5754136.177599717,15.0,7,30,0.5634013508330711,0.8588083346684773,651.4043426513672,855.2850008010864
3667,994,140872.78126324387,5753931.508302746,15.0,7,30,0.5634013508330711,0.8588083346684773,651.4043426513672,855.2850008010864
3668,994,140870.11272180008,5753916.359983628,15.0,7,30,0.5832313965164424,0.7821203311284383,674.0502548217772,809.272198677063
3669,994,140870.00583799506,5753905.03979956,15.0,7,30,0.5832118052734802,0.7781710465749104,674.0278816223143,806.9026279449463
3670,994,140872.48603431953,5753895.911075196,15.0,7,30,0.5836664123000698,0.7749862988789876,674.5470428466797,804.9917793273926
3671,994,140871.53337431836,5753894.744920945,15.0,7,30,0.583491794699754,0.7745794614156086,674.3476295471191,804.7476768493652
3671,995,140635.0476252094,5753838.128931632,15.0,7,30,0.583491794699754,0.7745794614156086,674.3476295471191,804.7476768493652
3672,995,140628.58047160596,5753834.967521901,15.0,7,30,0.5389597971259816,0.7537248571713765,623.492088317871,792.2349143028259
3673,995,140603.52428345432,5753824.273469178,15.0,7,30,0.5343671287630151,0.7499940117200216,618.2472610473633,789.9964070320129
3674,995,140580.29113391036,5753817.892834051,15.0,7,30,0.5301086138509827,0.7477679928143819,613.3840370178223,788.6607956886292
3675,995,140563.79551660124,5753804.462188988,15.008647456281032,7,30,0.5269754680359635,0.7444820721944173,609.8059844970703,786.6892433166504
3675,996,140631.70078571062,5753798.533897833,15.008647456281032,7,30,0.5269754680359635,0.7444820721944173,609.8059844970703,786.6892433166504
3676,996,140604.8436529667,5753540.051814036,15.7178567712185,7,30,0.5277077095312329,0.7414644797643025,610.642204284668,784.8786878585815
3677,996,140591.3328489589,5753531.656674502,15.7178567712185,7,30,0.5236345848978713,0.7366473396619161,605.990695953369,781.9884037971497
3678,996,140613.12107697688,5753452.199703693,15.987803702139717,7,30,0.5270940677088322,0.7282532056172688,609.9414253234863,776.9519233703613
3678,997,140581.7601747691,5753496.762462167,15.987803702139717,7,30,0.5270940677088322,0.7282532056172688,609.9414253234863,776.9519233703613
3679,997,140585.2293149066,5753488.011945975,16.0,7,30,0.5167145670608546,0.7550914963086446,598.088035583496,793.0548977851868
3680,997,140583.51876398627,5753488.821211511,16.0,7,30,0.5160874969696204,0.7556561549504598,597.3719215393065,793.3936929702759
3845,1040,140141.4806599472,5752705.904084961,16.0,7,31,0.4485095837487856,0.475557788213094,520.1979446411132,625.3346729278564
3846,1040,140141.02086823358,5752705.393277416,16.0,7,31,0.45982685857395367,0.4740254958470662,533.1222724914551,624.4152975082397
3847,1040,140145.94476730714,5752705.969127583,16.0,7,31,0.461631908516959,0.4744272907574971,535.1836395263672,624.6563744544983
3848,1040,140151.98246895932,5752693.0940832505,16.102526122266458,7,31,0.46281104079478663,0.4732896049817403,536.5302085876464,623.9737629890442
3849,1040,140150.01715132283,5752691.052383273,16.102526122266458,7,31,0.4620375123834025,0.47176010211308794,535.6468391418457,623.0560612678528
3850,1040,140164.97300136922,5752633.798001915,16.775716899141283,7,31,0.46199978295641886,0.47046126921971637,535.6037521362304,622.2767615318298
3850,1041,140185.34966273414,5752632.7232886255,16.775716899141283,7,31,0.46199978295641886,0.47046126921971637,535.6037521362304,622.2767615318298
3851,1041,140187.48575395532,5752618.70620824,16.99426772440245,7,31,0.47584302538121853,0.4677202661832173,551.4127349853516,620.6321597099304
3852,1041,140188.27184284356,5752617.572461816,16.99426772440245,7,31,0.4764170838738489,0.4661444147427876,552.0683097839354,619.6866488456726
3853,1041,140189.66934965283,5752586.071950173,17.717885472873153,7,31,0.4773010447647441,0.4627633293469747,553.0777931213378,617.6579976081848
3853,1042,140178.21287582678,5752586.959939287,17.717885472873153,7,31,0.4773010447647441,0.4627633293469747,553.0777931213378,617.6579976081848
3854,1042,140179.76439104878,5752585.45203589,17.717885472873153,7,31,0.4653565495318998,0.4613404711087544,539.4371795654296,616.8042826652527
3855,1042,140182.21329178324,5752577.269233207,17.98962038297493,7,31,0.46637439226728383,0.4596020778020223,540.5995559692382,615.7612466812134
3856,1042,140181.97367503445,5752576.678536328,18.0,7,31,0.4659416312302891,0.4586702783902486,540.1053428649901,615.2021670341492
3857,1042,140182.38497949767,5752576.357397989,18.0,7,31,0.4665447509017382,0.4577739914258321,540.794105529785,614.6643948554993
4486,1204,-188383.57743472245,6125610.352307956,12.0,8,32,0.4240000369043567,0.5325705011685689,492.2080421447754,659.5423007011414
4487,1204,-188452.10772214195,6125623.197226405,12.0,8,32,0.4224298814549755,0.5331306536992391,490.41492462158203,659.8783922195435
4488,1204,-187928.6168476024,6125395.247149784,12.25823414964095,8,32,0.4232306171423916,0.534026296933492,491.3293647766112,660.4157781600952
4488,1205,-187053.98983525188,6125653.557115363,12.25823414964095,8,32,0.4232306171423916,0.534026296933492,491.3293647766112,660.4157781600952
4489,1205,-186546.5939222297,6125193.227066994,12.789032677209216,8,32,0.4475702061962121,0.5482088526089985,519.1251754760742,668.9253115653992
4490,1205,-186574.8944056376,6125165.280323808,12.789032677209216,8,32,0.44644979754179026,0.5461029966672261,517.8456687927245,667.6617980003357
4491,1205,-186301.18919443572,6124863.304956673,13.180550672974771,8,32,0.44667241619263764,0.5407057483990987,518.0998992919922,664.4234490394592
4491,1206,-185867.0254139864,6125212.218663285,13.180550672974771,8,32,0.44667241619263764,0.5407057483990987,518.0998992919922,664.4234490394592
4492,1206,-185879.65773459617,6125182.177585632,13.180550672974771,8,32,0.46856370114194523,0.5722248156865437,543.0997467041014,683.3348894119263
4493,1206,-185745.06928794272,6124760.290894741,13.820457910274476,8,32,0.4668641232358595,0.5657404144605,541.1588287353516,679.4442486763
4494,1206,-185770.92908930389,6124729.70029457,13.820457910274476,8,32,0.46477146783351064,0.5610287388165791,538.7690162658691,676.6172432899475
4495,1206,-185755.66343898137,6124660.506661003,13.998507363762512,8,32,0.4627082744538262,0.5612650950749715,536.4128494262695,676.7590570449829
4495,1207,-185500.37578540857,6124784.668721595,13.998507363762512,8,32,0.4627082744538262,0.5612650950749715,536.4128494262695,676.7590570449829
4496,1207,-185511.54413850885,6124782.434181814,14.0,8,32,0.4850517613666487,0.582630713780721,561.9291114807128,689.5784282684326
4497,1207,-185512.2619821712,6124760.580475751,14.0,8,32,0.4849859728704609,0.5788186510403951,561.8539810180664,687.2911906242371
4498,1207,-185477.46214607623,6124727.9269266,14.0,8,32,0.48817528692936935,0.5731227119763692,565.4961776733398,683.8736271858215
4574,1228,-183240.00687023863,6125778.551142591,14.0,8,33,0.6646826655559906,0.6140537579854329,767.0676040649414,708.4322547912598
4575,1228,-183246.145991704,6125778.041872696,14.0,8,33,0.6926695828679982,0.6413000663121541,799.0286636352539,724.7800397872925
4576,1228,-183250.6088689433,6125769.231749546,14.0,8,33,0.6922605718288655,0.6397632678349813,798.5615730285645,723.8579607009888
4577,1228,-183261.1851717973,6125767.355815756,14.0,8,33,0.6912912813043008,0.6394360383351644,797.4546432495116,723.6616230010986
4578,1228,-183674.4526657941,6125703.434882673,14.629551177738636,8,33,0.6933649968349369,0.6395674665768941,799.822826385498,723.7404799461365
4578,1229,-183507.6339098597,6125764.528891318,14.629551177738636,8,33,0.6933649968349369,0.6395674665768941,799.822826385498,723.7404799461365
4579,1229,-183700.4311131885,6125734.846732661,14.953483795013488,8,33,0.7171931091415485,0.6582095702489217,827.0345306396484,734.925742149353
4579,1230,-184060.7154914999,6125843.781264491,14.953483795013488,8,33,0.7171931091415485,0.6582095702489217,827.0345306396484,734.925742149353
4580,1230,-184057.4739210536,6125840.14021467,14.953483795013488,8,33,0.6538254592548108,0.6937779148419697,754.668674468994,756.2667489051819
4581,1230,-184058.21495370904,6125804.0006067455,15.0,8,33,0.6560957886917996,0.6839916070302327,757.2613906860352,750.3949642181396
4582,1230,-184066.06421605448,6125791.049282871,15.0,8,33,0.6546570599183518,0.6794732650121053,755.6183624267578,747.6839590072632
4601,1236,-183882.5226900254,6126151.856544798,15.0,8,34,0.6233661872075443,0.7564279874165852,719.8841857910156,793.8567924499512
4602,1236,-183871.91905116,6126146.240429573,15.0,8,34,0.6193146580363739,0.7417225082715352,715.257339477539,785.0335049629211
4603,1236,-183970.974021988,6125930.954667279,15.65279041852049,8,34,0.6200539142989444,0.7392694671948751,716.1015701293945,783.561680316925
4603,1237,-184049.7693050837,6125798.759285621,15.65279041852049,8,34,0.6200539142989444,0.7392694671948751,716.1015701293945,783.561680316925
4604,1237,-184046.3849177588,6125790.091085527,15.65279041852049,8,34,0.5983222153057358,0.6620061834653218,691.2839698791504,737.2037100791931
4605,1237,-184059.5917383801,6125740.71662918,15.963061604492417,8,34,0.6008459782642157,0.6577861030896505,694.1661071777344,734.6716618537903
4606,1237,-184054.1142056113,6125729.123977046,16.0,8,34,0.6037022912982466,0.6527613600095112,697.4280166625977,731.6568160057068
4676,1256,-187178.1087370603,6126074.625563527,16.0,8,35,0.10558887621984796,0.7354990323384603,128.58249664306638,781.2994194030762
4677,1256,-187181.7685164515,6126072.39028078,16.0,8,35,0.10424723934166903,0.7339393814404805,127.05034732818604,780.3636288642883
4678,1256,-187187.94696760332,6126076.022057845,16.0,8,35,0.1019822837174878,0.7364734252293904,124.46376800537107,781.8840551376343
4679,1256,-187193.23218040908,6126079.507758098,16.0,8,35,0.10004477993619418,0.7389055450757344,122.25113868713376,783.3433270454407
4680,1256,-187184.98008776395,6126081.88588859,16.0,8,35,0.10306991086114724,0.7405648668607075,125.70583820343015,784.3389201164246
4680,1257,-187094.4457462181,6126122.529993095,16.0,8,35,0.10306991086114724,0.7405648668607075,125.70583820343015,784.3389201164246
4681,1257,-187419.833607822,6126185.994457494,15.676472337868278,8,35,0.139657609308246,0.7633358558019002,167.48898983001695,798.0015134811401
4682,1257,-187439.02805708305,6126176.337304861,15.676472337868278,8,35,0.13403465952430627,0.757951267560323,161.06758117675776,794.7707605361938
4683,1257,-188280.9167765212,6126336.617168124,15.097807931173165,8,35,0.13200523723862842,0.754021938641866,158.74998092651367,792.4131631851196
4683,1258,-188124.46938033745,6126377.010473072,15.097807931173165,8,35,0.13200523723862842,0.754021938641866,158.74998092651367,792.4131631851196
4684,1258,-188282.2988736926,6126407.703238332,15.000811646126516,8,35,0.16398177840037428,0.7665422757466633,195.26719093322745,799.925365447998
4685,1258,-188281.0693084305,6126408.743642334,15.000811646126516,8,35,0.16420727811636301,0.7669054468472798,195.52471160888658,800.1432681083679
4686,1258,-188288.53859258333,6126416.7264068425,15.0,8,35,0.16309886972457419,0.7695768197377523,194.25890922546373,801.7460918426514
4687,1258,-188291.9316066722,6126410.505994913,15.0,8,35,0.16247694797148413,0.7674066980679829,193.54867458343486,800.4440188407898
4717,1267,-186136.91601050185,6125743.730338577,15.878946944857804,8,36,0.5996011577011616,0.5305825551350911,692.7445220947266,658.3495330810547
4718,1267,-186135.3955367324,6125746.690201119,15.878946944857804,8,36,0.6001136866634655,0.5324815591176351,693.3298301696776,659.488935470581
4719,1267,-186156.5852556284,6125746.568315936,15.999877110699664,8,36,0.6004635732353463,0.5317566116650899,693.7294006347655,659.053966999054
4720,1267,-186150.994291694,6125739.366269447,15.999877110699664,8,36,0.6025129876078322,0.5267318685849507,696.0698318481444,656.0391211509705
4761,1280,-186750.6777218924,6125220.5079559935,16.0,8,37,0.43021396830704084,0.31565720041592915,499.3043518066406,529.3943202495575
4762,1280,-186750.3865933697,6125220.273848683,16.0,8,37,0.42131904294737155,0.3295381148656208,489.1463470458983,537.7228689193724
4763,1280,-186751.149541451,6125223.217296435,16.0,8,37,0.4210393541539821,0.33159188230832404,488.82694244384754,538.9551293849944
4764,1280,-186669.86420562337,6125255.5755843725,16.388814291498797,8,37,0.4220038345523974,0.32913256486256903,489.9283790588379,537.4795389175414
4764,1281,-186705.8527816732,6125278.73153196,16.388814291498797,8,37,0.4220038345523974,0.32913256486256903,489.9283790588379,537.4795389175414
4765,1281,-186702.62404008376,6125277.958077697,16.388814291498797,8,37,0.40627970753951986,0.34958043893178303,471.9714260101317,549.7482633590698
4766,1281,-186616.23242786856,6125302.964889324,16.902477482831205,8,37,0.40655736706094003,0.34561645587285356,472.2885131835936,547.3698735237122
4767,1281,-186601.6107876076,6125306.251119986,16.999999261340328,8,37,0.40766184217249224,0.3439435084660848,473.5498237609862,546.3661050796509
4768,1281,-186599.6703056669,6125305.846948307,16.999999261340328,8,37,0.4090845622448494,0.34337949355443315,475.17457008361805,546.0276961326599
4768,1282,-186603.23868209665,6125310.74236918,16.999999261340328,8,37,0.4090845622448494,0.34337949355443315,475.17457008361805,546.0276961326599
4769,1282,-186599.4442792776,6125307.897746632,17.0,8,37,0.40925021096411585,0.34624130328496294,475.36374092102034,547.7447819709778
4770,1282,-186598.3757145876,6125306.809320621,17.0,8,37,0.410033660260683,0.3447224219640096,476.2584400177,546.8334531784058
5118,1376,235457.6500172114,6346803.353861267,10.869307865229596,9,38,0.5139730456831576,0.45901799996693926,594.957218170166,615.4107999801636
5119,1376,235221.55978781864,6346660.695837567,10.99974666191216,9,38,0.5156898598746118,0.4607300003369649,596.9178199768066,616.438000202179
5120,1376,235349.74226425056,6346637.4277127925,10.99974666191216,9,38,0.5171580506707238,0.4602227409680684,598.5944938659667,616.1336445808411
5121,1376,235400.0365279186,6346652.02489374,11.0,9,38,0.5177429820526711,0.4605501850446065,599.2624855041504,616.3301110267639
5137,1381,226515.5616133668,6354811.507778984,11.0,9,39,0.48447705150276893,0.6203708966573079,561.2727928161621,712.2225379943848
5138,1381,226453.4760640213,6354511.141871373,11.0,9,39,0.4152518704977219,0.6319138367970784,482.21763610839844,719.1483020782471
5139,1381,226401.6819762897,6354397.213029476,11.0,9,39,0.4146585213950134,0.6294296820958455,481.54003143310536,717.6578092575073
5140,1381,226260.34823613125,6354208.040175731,11.0,9,39,0.4130394128909669,0.625304873784383,479.69100952148426,715.1829242706299
5141,1382,223216.91649500767,6352302.573631786,11.102526122266458,9,39,0.3711618283166567,0.592992087205251,431.86680793762196,695.7952523231506
5142,1382,223047.74081221505,6351917.721206155,11.102526122266458,9,39,0.3690810228604985,0.5839825471242268,429.49052810668934,690.3895282745361
5143,1382,226141.5351295004,6349920.672981254,11.775716899141283,9,39,0.36774242989027334,0.5841200908025105,427.9618549346922,690.4720544815063
5144,1383,231876.16636077108,6349602.529070282,11.994942407472047,9,39,0.4813371915533329,0.5909310777982075,557.6870727539061,694.5586466789246
5145,1383,231827.55244933465,6349595.290311395,11.994942407472047,9,39,0.480227254944382,0.590616508324941,556.4195251464843,694.3699049949646
5146,1383,231821.3969485685,6349560.891997296,12.0,9,39,0.48011025864689655,0.5895808537801106,556.2859153747559,693.7485122680664
5147,1383,231811.3088668802,6349513.485612773,12.0,9,39,0.4798791220643265,0.587513514359792,556.0219573974608,692.5081086158752
5160,1387,229830.2134406009,6349270.829579146,12.0,9,40,0.43448856707838485,0.5769315560658772,504.1859436035155,686.1589336395264
5161,1387,229784.210213548,6349234.956804599,12.0,9,40,0.4334345481859197,0.5753671844800313,502.9822540283203,685.2203106880188
5162,1387,229716.3053740719,6349196.783704683,12.0,9,40,0.43187872290402485,0.5737024982770283,501.20550155639637,684.221498966217
5163,1387,229647.06435035312,6349315.733898535,12.0,9,40,0.430292283173409,0.57888978322347,499.3937873840331,687.333869934082
5163,1388,229810.82455435584,6349418.817997946,12.0,9,40,0.430292283173409,0.57888978322347,499.3937873840331,687.333869934082
5164,1388,229427.9782459316,6350052.733544261,12.0,9,40,0.42527261590373067,0.6110295136769612,493.66132736206043,706.6177082061768
5165,1388,229132.6159218685,6350236.944091836,12.0,9,40,0.4185053195719542,0.6190627296765645,485.93307495117176,711.4376378059387
5165,1389,230600.93150980584,6351693.913594835,12.0,9,40,0.4185053195719542,0.6190627296765645,485.93307495117176,711.4376378059387
5166,1389,230572.678218241,6350320.066223466,12.266164250116404,9,40,0.4470662452711115,0.6559156378110249,518.5496520996094,733.549382686615
5167,1389,230612.57868014963,6349964.816274155,12.266164250116404,9,40,0.44816565972911077,0.6372847994168599,519.8051834106445,722.370879650116
5168,1389,230930.2911486208,6348473.285738924,12.855752518351109,9,40,0.4486092936554221,0.6097350796063741,520.3118133544921,705.8410477638245
5169,1389,230800.6771266816,6348340.819743862,12.999461617430237,9,40,0.44007733239810226,0.614007302125295,510.5683135986328,708.404381275177
5169,1390,231381.600420866,6348196.104806655,12.999461617430237,9,40,0.44007733239810226,0.614007302125295,510.5683135986328,708.404381275177
5170,1390,231243.8203469561,6348351.685762242,12.999461617430237,9,40,0.4603762150645882,0.614954658349355,533.7496376037598,708.972795009613
5171,1390,231296.0823033516,6348222.193863543,13.0,9,40,0.4627661963895406,0.6037189920743306,536.4789962768554,702.2313952445984
5172,1390,231315.36293899105,6348223.516243099,13.0,9,40,0.4636497063311094,0.6038343270619709,537.487964630127,702.3005962371826
5298,1420,232726.58234640403,6349528.301386211,13.0,9,41,0.4773379725040362,0.6563340624173482,553.1199645996094,733.8004374504089
5299,1420,232712.92199473132,6349538.298575661,13.0,9,41,0.5276910244061525,0.7185067017873128,610.6231498718262,771.1040210723877
5300,1420,232713.3659315584,6349519.508484748,13.0,9,41,0.5277113672313256,0.7168678720792134,610.6463813781738,770.1207232475281
5301,1420,232748.7507582996,6349530.296641691,13.0,9,41,0.529332830692966,0.7178087910016377,612.4980926513672,770.6852746009827
5302,1420,232767.20185885543,6349560.178332328,13.008647456281032,9,41,0.5304355521126929,0.7214155038197835,613.7574005126953,772.8493022918701
5302,1421,232921.77837305385,6349666.839273718,13.008647456281032,9,41,0.5304355521126929,0.7214155038197835,613.7574005126953,772.8493022918701
5303,1421,232925.4477677952,6349686.875571115,13.008647456281032,9,41,0.537730559367432,0.7325321873029073,622.0882987976073,779.5193123817444
5304,1421,232513.9259821128,6348902.771590226,13.702255765261407,9,41,0.5381231859143686,0.7314760406812032,622.536678314209,778.8856244087219
5305,1421,232532.5636660119,6348870.006114514,13.702255765261407,9,41,0.5395127612112282,0.7268263777097066,624.1235733032225,776.095826625824
5306,1421,232380.39131961664,6348583.594763569,13.985533729475708,9,41,0.5370134497273406,0.7148610432942708,621.2693595886229,768.9166259765625
5306,1422,231579.7672908961,6348839.064396534,13.985533729475708,9,41,0.5370134497273406,0.7148610432942708,621.2693595886229,768.9166259765625
5307,1422,231572.46776457696,6348779.988354701,14.0,9,41,0.463469426811472,0.7507402022679647,537.2820854187011,790.4441213607788
5308,1422,231588.1630089465,6348790.229723073,14.0,9,41,0.46490785495203557,0.7525266607602437,538.9247703552246,791.5159964561462
5309,1422,231574.5398342496,6348785.424872329,14.0,9,41,0.463659326583408,0.75168852408727,537.498950958252,791.0131144523621
5309,1423,231646.176039297,6348868.821507909,14.0,9,41,0.463659326583408,0.75168852408727,537.498950958252,791.0131144523621
5310,1423,231598.4714188876,6348857.560984688,14.0,9,41,0.4658525937910464,0.7642716248830159,540.003662109375,798.5629749298096
5311,1423,231590.8566995209,6348875.029311104,14.0,9,41,0.4651547246555522,0.7673187216122944,539.2066955566406,800.3912329673767
5312,1423,231561.8564716284,6348898.453881068,14.0,9,41,0.46249692953614135,0.7714047988255818,536.1714935302734,802.8428792953491
5313,1423,231542.8546633063,6348893.63672912,14.0,9,41,0.460755463448172,0.7705645163853962,534.1827392578124,802.3387098312378
5313,1424,231807.19717494625,6348902.571094442,14.0,9,41,0.460755463448172,0.7705645163853962,534.1827392578124,802.3387098312378
5314,1424,231799.51903603284,6348908.892068724,14.0,9,41,0.48427808263882227,0.7732255895932515,561.045570373535,803.9353537559509
5315,1424,231784.7728979829,6348908.88284282,14.0,9,41,0.482926637612792,0.7732239802678426,559.5022201538085,803.9343881607056
5316,1424,231797.0106836165,6348820.360910102,14.0,9,41,0.4840481986932704,0.7577826102574666,560.7830429077148,794.66956615448
5316,1425,232321.39411212492,6348274.630858544,14.0,9,41,0.4840481986932704,0.7577826102574666,560.7830429077148,794.66956615448
5317,1425,232329.48174449083,6348222.800345577,14.0,9,41,0.5328477802710858,0.6535468180974324,616.5121650695801,732.1280908584595
5318,1425,232311.651010902,6348172.952171825,14.0,9,41,0.5312136401228227,0.644851525624593,614.6459770202636,726.9109153747559
5318,1426,232653.81641371475,6348288.210774003,14.0,9,41,0.5312136401228227,0.644851525624593,614.6459770202636,726.9109153747559
5319,1426,232644.92564933063,6348280.470240643,14.0,9,41,0.5617573900105866,0.6636064966519674,649.5269393920898,738.1638979911804
5320,1426,232622.5702591164,6348275.846217616,14.0,9,41,0.5597085769038692,0.6627999027570088,647.1871948242186,737.6799416542053
5321,1427,233661.91986016743,6348988.81361384,14.0,9,41,0.6549622524014287,0.7871667464574178,755.9668922424316,812.3000478744507
5322,1427,233662.747594596,6348991.107788607,14.0,9,41,0.6550381120992416,0.7875669320424398,756.0535240173339,812.5401592254639
5323,1428,233942.21894844703,6349108.342579396,14.0,9,41,0.6806509315236854,0.8080168445905049,785.3033638000487,824.810106754303
5324,1428,233611.0651523148,6348880.745606564,14.21815928421628,9,41,0.6768961270093499,0.8032520612080891,781.0153770446776,821.9512367248535
5325,1428,232980.3030657037,6348443.133102665,14.833896546887376,9,41,0.6747345765710085,0.7997074683507283,778.5468864440918,819.824481010437
5326,1428,232953.8021386949,6348400.690849148,14.833896546887376,9,41,0.6704053628256775,0.7865108927090962,773.6029243469238,811.9065356254578
5327,1429,231907.7348308036,6348290.041895622,14.998724160067878,9,41,0.5009865568732212,0.7760466297467549,580.1266479492186,805.627977848053
5328,1429,231908.2727957681,6348273.346847722,15.0,9,41,0.5010971897746552,0.7704183896382649,580.2529907226562,802.251033782959
5329,1429,231896.7993250164,6348234.205950489,15.0,9,41,0.49899416253779677,0.7567632635434468,577.851333618164,794.0579581260681
5330,1429,231887.0936741292,6348213.964624896,15.0,9,41,0.4972151674447669,0.7497016509373983,575.8197212219238,789.820990562439
5331,1429,231859.585719105,6348187.876228949,15.0,9,41,0.4921731030252058,0.7406001647313435,570.061683654785,784.3600988388062
5369,1440,232536.0686109617,6347835.751025514,15.0,9,42,0.6328063604084289,0.7027538736661275,730.6648635864258,761.6523241996765
5370,1440,232577.82710214704,6347818.372190366,15.0,9,42,0.6404604736435016,0.6966909011205037,739.4058609008788,758.0145406723022
5371,1440,232601.9087614884,6347815.825533363,15.0,9,42,0.6448745159676947,0.6958024462064106,744.4466972351074,757.4814677238464
5372,1440,232612.7950547128,6347820.698040735,15.0,9,42,0.6468699166319624,0.697502322991689,746.7254447937011,758.5013937950134
5373,1440,232596.9590946596,6347706.7284383485,15.555392160132303,9,42,0.6517006862393192,0.7022502621014912,752.2421836853026,761.3501572608948
5373,1441,232563.01564624652,6347727.078059115,15.555392160132303,9,42,0.6517006862393192,0.7022502621014912,752.2421836853026,761.3501572608948
5374,1441,232577.55114611992,6347728.394549395,15.555392160132303,9,42,0.6464728808027222,0.7133582552274068,746.2720298767089,768.0149531364441
5375,1441,232564.9984080968,6347657.244283501,15.953483795013488,9,42,0.6480466939521963,0.7130814512570699,748.0693244934082,767.848870754242
5376,1441,232570.1011571851,6347655.4258230375,15.953483795013488,9,42,0.6498579569748111,0.7118528922398885,750.1377868652343,767.1117353439331
5396,1448,232388.83330303832,6347636.893322631,16.0,9,43,0.5103417511788014,0.6500569423039754,590.8102798461913,730.0341653823853
5397,1448,232387.2453541296,6347637.693977323,16.0,9,43,0.5318938721291029,0.6843597133954366,615.4228019714355,750.615828037262
5398,1448,232390.5289558324,6347643.593327798,16.0,9,43,0.5330976061979651,0.6884759386380513,616.7974662780762,753.0855631828308
5399,1448,232397.60515577235,6347648.630671319,16.0,9,43,0.5356916671458977,0.6919907053311666,619.7598838806151,755.1944231987
5400,1448,232453.31330971743,6347567.496829952,16.647051905762687,9,43,0.5360318833599992,0.6893991549809774,620.1484107971191,753.6394929885864
5400,1449,232720.6919355136,6347638.207170399,16.647051905762687,9,43,0.5360318833599992,0.6893991549809774,620.1484107971191,753.6394929885864
5401,1449,232718.8749054004,6347634.934729102,16.647051905762687,9,43,0.6884818670002257,0.7630844791730245,794.2462921142578,797.8506875038147
5402,1449,232686.0657323468,6347591.63797989,16.97599639217243,9,43,0.6896356459048081,0.7608088930447896,795.5639076232909,796.4853358268738
5402,1450,232724.719659921,6347609.735986577,16.97599639217243,9,43,0.6896356459048081,0.7608088930447896,795.5639076232909,796.4853358268738
5403,1450,232723.49123664977,6347609.390599697,17.0,9,43,0.7187200736665474,0.789288051923116,828.7783241271973,813.5728311538696
5542,1492,232507.2349698078,6347750.819347885,17.0,9,44,0.48806575634851135,0.43283094962437946,565.37109375,599.6985697746277
5543,1492,232506.0761962798,6347750.261103818,17.0,9,44,0.4568640713933888,0.4258706172307332,529.73876953125,595.5223703384399
5544,1492,232501.6638906617,6347751.332231259,17.0,9,44,0.453629061136062,0.42736535867055253,526.0443878173828,596.4192152023315
5545,1492,232521.2911284627,6347755.086029619,17.250275244803348,9,44,0.45224013721045175,0.4270514329274495,524.4582366943359,596.2308597564697
5546,1492,232520.1093750501,6347753.210819133,17.250275244803348,9,44,0.45120956768296433,0.4239388902982076,523.2813262939453,594.3633341789246
5546,1493,232547.91516871288,6347769.02370883,17.250275244803348,9,44,0.45120956768296433,0.4239388902982076,523.2813262939453,594.3633341789246
5547,1493,232575.3839505986,6347768.860707556,17.84867109117985,9,44,0.47273287798185065,0.44374754031499225,547.8609466552734,606.2485241889954
5548,1493,232574.6591257564,6347767.44207639,17.84867109117985,9,44,0.47177586330006294,0.4401824553807576,546.7680358886719,604.1094732284546
5549,1493,232581.090832231,6347768.483991304,17.99926152917147,9,44,0.4724509344418287,0.44069797595342,547.5389671325684,604.418785572052
5550,1493,232580.8769579181,6347767.734511356,18.0,9,44,0.4720969392205286,0.43859533866246536,547.1347045898436,603.1572031974792
5857,1569,543843.4219938788,5750809.859932514,10.0,10,45,0.5040548160907057,0.529541536172231,583.6305999755859,657.7249217033386
5858,1569,543383.3284906842,5750611.977825502,10.0,10,45,0.5171763892766681,0.5651744683583577,598.615436553955,679.1046810150146
5859,1569,543251.8707047646,5750483.917359093,10.0,10,45,0.5164234041123799,0.5637783249219258,597.7555274963378,678.2669949531555
5860,1569,543095.7011644384,5749955.713449616,10.0,10,45,0.5155288709650524,0.5580197294553121,596.7339706420898,674.8118376731873
5861,1569,541277.152306908,5747052.903298706,10.502432816287133,10,45,0.5130188369082902,0.5587078770001729,593.8675117492675,675.2247262001038
5861,1570,543506.9242993229,5747781.7360596815,10.502432816287133,10,45,0.5130188369082902,0.5587078770001729,593.8675117492675,675.2247262001038
5862,1570,543386.1287222032,5747976.401756942,10.502432816287133,10,45,0.5301315621611532,0.5729704697926838,613.410243988037,683.7822818756104
5863,1570,541996.6217077494,5745852.082642635,10.942435240080467,10,45,0.5305260927163573,0.5727584679921468,613.8607978820801,683.6550807952881
5864,1570,541826.2454717335,5745607.22284183,11.0,10,45,0.5303813880880326,0.57246728738149,613.6955451965332,683.480372428894
5897,1580,536046.284207595,5744547.744642062,11.0,10,46,0.4641665944702361,0.5493659575780232,538.0782508850097,669.619574546814
5898,1580,536081.8647601787,5744617.207087475,11.0,10,46,0.46457420255590853,0.5508805473645527,538.5437393188475,670.5283284187317
5899,1580,536213.8124074246,5744835.533797496,11.0,10,46,0.4660857846983259,0.5556410392125447,540.2699661254882,673.3846235275269
5900,1580,536364.0860999656,5744775.274096091,11.017277252772164,10,46,0.46769201609382693,0.556237777074178,542.1042823791504,673.7426662445068
5900,1581,537718.7906894158,5746384.725886411,11.017277252772164,10,46,0.46769201609382693,0.556237777074178,542.1042823791504,673.7426662445068
5901,1581,537410.0505090632,5742981.277929509,11.696955883732285,10,46,0.48128833870962906,0.5894136985143025,557.6312828063964,693.6482191085815
5902,1581,537416.1481092373,5742918.950877641,11.696955883732285,10,46,0.48140157709606046,0.5872106393178304,557.7606010437011,692.3263835906982
5903,1581,537391.5313082127,5741975.680945714,11.983875385624144,10,46,0.48172936715094294,0.5886637528737385,558.1349372863768,693.1982517242432
5904,1581,537374.4379852919,5742026.632451185,12.0,10,46,0.4813866456628054,0.5930540998776753,557.7435493469238,695.8324599266052
6070,1625,538248.042824353,5736286.1575089535,12.0,10,47,0.3277420220984677,0.3473734100659688,382.2813892364502,548.4240460395813
6071,1625,537895.198335283,5736067.036141077,12.0,10,47,0.3610940589169903,0.383162768681844,420.369415283203,569.8976612091064
6072,1625,537024.7657425337,5736263.499513667,12.641265705359904,10,47,0.3590051363729552,0.3734559615453084,417.9838657379149,564.0735769271851
6073,1625,536932.6170693947,5736121.479740545,12.641265705359904,10,47,0.3557121540744333,0.3637962539990743,414.2232799530029,558.2777523994446
6073,1626,535537.534447054,5738145.880236424,12.641265705359904,10,47,0.3557121540744333,0.3637962539990743,414.2232799530029,558.2777523994446
6074,1626,535533.4460836197,5737824.095318721,12.974863450492784,10,47,0.3047913820229979,0.4939684708913167,356.0717582702636,636.38108253479
6075,1626,535566.7509802707,5737832.31883252,13.0,10,47,0.30623915483571595,0.49590878089268997,357.7251148223877,637.545268535614
6076,1626,535635.3228184277,5737874.571012074,13.0,10,47,0.3093813697427458,0.4995939215024312,361.31352424621576,639.7563529014587
6095,1633,535470.6445982625,5737277.913483577,13.0,10,48,0.43003779743682263,0.35068035920461016,499.10316467285145,550.4082155227661
6096,1633,535488.0171802983,5737234.960135329,13.0,10,48,0.4374824196569973,0.4071418245633443,507.6049232482909,584.2850947380066
6097,1633,535489.1412370917,5737211.862162362,13.0,10,48,0.43753392809117947,0.40512727101643875,507.66374588012695,583.0763626098633
6098,1633,535578.0499743731,5737201.878504237,13.0,10,48,0.4416080548341554,0.40425651868184403,512.3163986206055,582.5539112091064
6099,1633,535642.6471564563,5737209.948094836,13.0,10,48,0.4445681363187612,0.40496033032735185,515.6968116760253,582.9761981964111
6099,1634,537577.1160946201,5737954.047996191,13.0,10,48,0.4445681363187612,0.40496033032735185,515.6968116760253,582.9761981964111
6100,1634,537537.9103653501,5737887.242513635,13.10252612226646,10,48,0.535589652387148,0.46987590392430617,619.643383026123,621.9255423545837
6101,1634,537080.6902594939,5737523.963821881,13.775716899141283,10,48,0.5358947947647441,0.4662802418073018,619.9918556213378,619.7681450843811
6102,1634,537101.3878559099,5737492.578529424,13.775716899141283,10,48,0.5375185630784978,0.46159377892812087,621.8461990356445,616.9562673568726
6103,1634,537000.618408998,5737405.609005261,13.994942407472047,10,48,0.5386164743720754,0.4590963204701741,623.1000137329102,615.4577922821045
6103,1635,536911.3573905668,5737586.300228341,13.994942407472047,10,48,0.5386164743720754,0.4590963204701741,623.1000137329102,615.4577922821045
6104,1635,536917.3314369514,5737563.396937892,14.0,10,48,0.5312077276760976,0.4868814309438069,614.6392250061035,632.1288585662842
6105,1635,536918.4866567979,5737546.220765098,14.0,10,48,0.5313136005568629,0.48388529618581133,614.7601318359375,630.3311777114868
6106,1635,536882.4260838521,5737535.671866596,14.0,10,48,0.5280087432594098,0.48204519351323444,610.9859848022461,629.2271161079407
6107,1635,536870.284520979,5737539.64638599,14.0,10,48,0.5268960007435385,0.48273849089940385,609.715232849121,629.6430945396423
6184,1657,535938.6132916743,5738261.7261960935,14.0,10,49,0.5367284497529946,0.5304367502530415,620.9438896179199,658.262050151825
6185,1657,535936.8036477122,5738258.090574903,14.0,10,49,0.5420454429452766,0.566394015153249,627.0158958435059,679.8364090919495
6186,1657,535907.5945833434,5738142.767787894,14.226229556181892,10,49,0.5429058542602325,0.566866405804952,627.9984855651855,680.1198434829712
6187,1657,535917.8697702857,5738143.614316544,14.226229556181892,10,49,0.5440074232539028,0.567039140065511,629.256477355957,680.2234840393066
6187,1658,535888.3369621121,5737986.102150461,14.226229556181892,10,49,0.5440074232539028,0.567039140065511,629.256477355957,680.2234840393066
6188,1658,535821.2916318725,5737784.573090728,14.837666858961263,10,49,0.5416340268430692,0.5300727208455404,626.546058654785,658.0436325073242
6189,1658,535821.4727341868,5737777.661070052,14.837666858961263,10,49,0.5416636892876565,0.5279179414113362,626.5799331665038,656.7507648468018
6190,1658,535772.5864910146,5737677.632669159,15.325602724625313,10,49,0.5399066403951828,0.5255508383115132,624.5733833312987,655.330502986908
6191,1658,535772.5175613691,5737676.10825515,15.325602724625313,10,49,0.5398908070632746,0.5248843630154927,624.5553016662597,654.9306178092957
6192,1659,535577.8652276396,5737598.57332739,15.88278896955965,10,49,0.48444062481828404,0.5220056017239888,561.2311935424804,653.2033610343933
6193,1659,535585.7584612867,5737585.313133705,15.999950372641091,10,49,0.4844985968594793,0.5209448417027791,561.2973976135254,652.5669050216675
6194,1659,535585.2461668089,5737578.257073461,15.999950372641091,10,49,0.48431080151773376,0.5160217007001241,561.082935333252,649.6130204200745
6195,1659,535584.7270696354,5737576.79259567,16.0,10,49,0.4841193484758954,0.5150029977162679,560.8642959594725,649.0017986297607
6196,1659,535581.2989971119,5737578.1471121255,16.0,10,49,0.4828626529139102,0.5159481008847554,559.4291496276854,649.5688605308533
6225,1667,535253.6278218909,5737386.179828908,16.0,10,50,0.3619325741368708,0.44587431748708084,421.3269996643065,607.5245904922485
6226,1667,535254.7067059253,5737383.764179741,16.0,10,50,0.37977481013630393,0.44698561032613116,441.7028331756591,608.1913661956787
6227,1667,535251.554863798,5737378.83370294,16.0,10,50,0.3786193777508576,0.44354540904362993,440.3833293914794,606.127245426178
6227,1668,535426.5816732852,5737231.819693354,16.0,10,50,0.3786193777508576,0.44354540904362993,440.3833293914794,606.127245426178
6228,1668,535424.6047329328,5737231.736352689,16.0,10,50,0.4420576513126726,0.3409093936284383,512.8298377990722,544.545636177063
6229,1668,535435.9657612095,5737226.55511098,16.258234149640952,10,50,0.44257203417776336,0.33988221486409503,513.4172630310057,543.929328918457
6230,1668,535453.4600054881,5737217.433480669,16.852237213339496,10,50,0.44280282002196836,0.3364367564519246,513.6808204650879,541.8620538711548
6231,1668,535451.2304823039,5737211.737319788,16.852237213339496,10,50,0.44132731382567075,0.32926168640454595,511.995792388916,537.5570118427275
6231,1669,535467.0685916314,5737267.265742787,16.852237213339496,10,50,0.44132731382567075,0.32926168640454595,511.995792388916,537.5570118427275
6232,1669,535469.0206881869,5737258.420525259,16.99936683046468,10,50,0.4518399447359262,0.3949339111646016,524.0012168884277,576.960346698761
6233,1669,535469.5038591777,5737254.877838229,16.99936683046468,10,50,0.45219404016818765,0.38999231656392414,524.4055938720703,573.9953899383545
6234,1669,535470.5334593608,5737253.298698827,17.0,10,50,0.4529433676323832,0.38781758149464923,525.2613258361816,572.6905488967896
6235,1669,535471.5171457351,5737250.662243026,17.0,10,50,0.4536645859218938,0.38413844903310135,526.0849571228027,570.4830694198608
