# timestamps [seconds],pts
150846.951915,0
150847.345594,25799
150847.525326,37578
150847.646023,45488
150847.795961,55314
150847.952943,65602
150848.091240,74665
150848.210284,82467
150848.330536,90347
150848.444748,97832
150848.570784,106092
150848.682489,113413
150848.788249,120344
150848.945559,130653
150849.062975,138348
150849.198358,147220
150849.320776,155243
150849.463015,164564
150849.604202,173817
150849.714453,181042
150849.799801,186636
150849.870951,191299
150849.946267,196234
150850.036024,202117
150850.127894,208137
150850.207263,213339
150850.303825,219667
150850.402926,226162
150850.531522,234589
150850.653246,242566
150850.763113,249766
150850.867731,256623
150850.958222,262553
150851.053024,268766
150851.155903,275508
150851.263795,282579
150851.363070,289085
150851.459760,295421
150851.562225,302136
150851.707264,311641
150851.831274,319768
150851.940792,326946
150852.056098,334502
150852.163696,341554
150852.283957,349435
150852.425792,358730
150852.538935,366145
150852.631268,372196
150852.727770,378520
150852.839134,385818
150852.937591,392271
150853.029102,398268
150853.136399,405300
150853.236058,411831
150853.333535,418219
150853.457627,426351
150853.589990,435026
150853.694493,441874
150853.787871,447994
150853.885874,454417
150853.991681,461351
150854.093078,467996
150854.197341,474828
150854.392228,487600
150854.544574,497584
150854.729191,509683
150854.912053,521667
150855.056931,531162
150855.201731,540651
150855.323356,548622
150855.446583,556698
150855.572496,564949
150855.693038,572849
150855.855033,583465
150855.983374,591876
150856.124271,601110
150856.306690,613065
150856.484660,624728
150856.607199,632759
150856.718413,640047
150856.831412,647452
150856.967683,656383
150857.116327,666124
150857.259366,675498
150857.428638,686592
150857.554948,694869
150857.668684,702323
150857.783984,709879
150857.885489,716531
150857.987734,723232
150858.096191,730340
150858.219776,738439
150858.315472,744710
150858.417484,751396
150858.547745,759932
150858.691468,769351
150858.837381,778914
150858.974670,787911
150859.086035,795209
150859.197832,802536
150859.307442,809719
150859.414829,816757
150859.519047,823586
150859.615300,829894
150859.742389,838223
150859.854390,845563
150859.971682,853250
150860.092540,861170
150860.228500,870080
150860.408611,881884
150860.541191,890573
150860.652485,897866
150860.755168,904596
150860.901488,914185
150861.020373,921976
150861.123533,928736
150861.227327,935539
150861.345268,943268
150861.499583,953381
150861.655300,963586
150861.824884,974700
150861.979018,984801
150862.121747,994154
150862.227356,1001076
150862.327739,1007654
150862.423829,1013951
150862.535587,1021275
150862.698074,1031924
150862.831946,1040697
150863.000016,1051712
150863.167477,1062686
150863.276940,1069860
150863.375220,1076301
150863.457185,1081672
150863.539643,1087076
150863.633006,1093195
150863.727983,1099419
150863.853916,1107672
150863.964782,1114938
150864.093667,1123384
150864.231580,1132422
150864.392928,1142996
150864.537070,1152443
150864.677861,1161669
150864.779228,1168312
150864.889107,1175513
150865.019692,1184071
150865.141160,1192032
150865.230779,1197905
150865.324874,1204071
150865.454187,1212546
150865.603599,1222338
150865.807584,1235706
150865.982725,1247184
150866.115696,1255898
150866.218385,1262628
150866.313920,1268888
150866.405290,1274876
150866.506974,1281540
150866.645502,1290619
150866.762945,1298315
150866.879584,1305959
150867.022407,1315319
150867.180531,1325682
150867.314576,1334466
150867.421797,1341493
150867.520601,1347968
150867.620544,1354518
150867.715455,1360738
150867.822973,1367784
150867.932496,1374962
150868.036157,1381755
150868.135621,1388274
150868.249049,1395707
150868.368874,1403560
150868.529140,1414063
150868.650402,1422010
150868.756785,1428982
150868.872465,1436563
150868.987763,1444119
150869.124283,1453066
150869.239151,1460594
150869.348276,1467745
150869.442389,1473913
150869.552997,1481161
150869.660896,1488233
150869.753212,1494282
150869.914593,1504859
150870.068709,1514959
150870.161487,1521039
150870.296882,1529912
150870.416167,1537729
150870.517179,1544349
150870.609837,1550421
150870.735087,1558630
150870.856624,1566595
150870.972367,1574180
150871.125506,1584216
150871.334441,1597908
150871.458846,1606061
150871.570379,1613371
150871.667643,1619745
150871.776014,1626847
150871.913235,1635840
150872.019474,1642802
150872.124655,1649695
150872.208920,1655217
150872.371718,1665886
150872.586088,1679935
150872.778608,1692552
150872.941040,1703197
150873.082189,1712447
150873.204710,1720476
150873.330127,1728696
150873.461344,1737295
150873.585274,1745417
150873.756644,1756647
150873.909926,1766693
150874.049451,1775837
150874.179807,1784379
150874.281571,1791049
150874.381904,1797624
150874.474327,1803681
150874.597785,1811772
150874.702528,1818636
150874.794221,1824645
150874.897671,1831425
150875.002546,1838298
150875.126758,1846438
150875.283722,1856724
150875.421601,1865760
150875.541113,1873593
150875.669504,1882007
150875.795412,1890258
150875.900427,1897140
150875.996392,1903429
150876.087849,1909423
150876.190529,1916152
150876.285608,1922383
150876.410403,1930562
150876.528248,1938284
150876.639080,1945548
150876.788331,1955329
150876.915673,1963674
150877.034078,1971434
150877.131866,1977843
150877.235849,1984657
150877.313718,1989760
150877.403889,1995670
150877.500688,2002013
150877.608824,2009100
150877.708291,2015619
150877.813948,2022543
150877.920114,2029500
150878.028782,2036622
150878.141467,2044007
150878.251416,2051212
150878.367769,2058837
150878.479926,2066188
150878.591921,2073527
150878.730263,2082594
150878.838273,2089672
150878.944710,2096647
150879.039198,2102840
150879.159598,2110730
150879.310945,2120649
150879.438806,2129028
150879.573153,2137832
150879.691679,2145600
150879.855654,2156346
150879.994804,2165465
150880.104146,2172631
150880.224144,2180495
150880.359068,2189337
150880.469623,2196582
150880.580167,2203827
150880.702522,2211846
150880.827216,2220017
150880.949681,2228043
150881.117309,2239029
150881.252473,2247887
150881.383589,2256479
150881.532928,2266266
150881.671834,2275369
150881.795913,2283501
150881.918412,2291529
150882.082984,2302314
150882.255065,2313591
150882.410347,2323768
150882.596372,2335959
150882.982074,2361236
150883.146705,2372025
150883.280257,2380777
150883.438041,2391118
150883.607804,2402243
150883.778365,2413421
150883.894338,2421021
150884.014318,2428884
150884.101667,2434608
150884.201335,2441140
150884.298396,2447501
150884.420862,2455527
150884.526659,2462460
150884.634159,2469505
150884.765204,2478093
150884.956918,2490657
150885.126286,2501757
150885.259220,2510469
150885.380037,2518386
150885.499694,2526228
150885.638118,2535300
150885.740075,2541982
150885.840360,2548554
150885.959474,2556360
150886.104652,2565874
150886.243359,2574964
150886.407022,2585690
150886.551628,2595167
150886.697250,2604710
150886.814338,2612383
150886.934952,2620288
150887.047044,2627634
150887.173661,2635932
150887.292320,2643708
150887.399476,2650730
150887.481650,2656116
150887.582543,2662728
150887.702836,2670611
150887.826086,2678688
150887.960208,2687478
150888.123487,2698178
150888.248621,2706379
150888.359802,2713665
150888.461690,2720343
150888.550385,2726155
150888.634200,2731648
150888.753952,2739496
150888.886332,2748172
150889.055332,2759247
150889.182159,2767559
150889.295336,2774976
150889.470278,2786440
150889.581734,2793745
150889.684277,2800465
150889.786184,2807143
150889.894994,2814274
150890.004754,2821467
150890.131837,2829796
150890.258590,2838102
150890.388671,2846627
150890.550240,2857216
150890.709144,2867630
150890.845125,2876541
150890.947338,2883240
150891.035037,2888987
150891.136655,2895646
150891.257644,2903575
150891.375151,2911276
150891.485023,2918477
150891.610376,2926692
150891.754746,2936153
150891.887968,2944884
150891.994286,2951851
150892.134266,2961025
150892.280665,2970619
150892.401638,2978547
150892.523038,2986503
150892.629213,2993461
150892.714763,2999068
150892.827579,3006461
150892.920831,3012572
150893.017314,3018895
150893.141172,3027012
150893.279763,3036095
150893.413796,3044879
150893.559763,3054445
150893.675110,3062004
150893.788888,3069461
150893.911091,3077469
150894.016509,3084378
150894.097645,3089695
150894.182188,3095235
150894.248665,3099592
150894.358024,3106759
150894.564675,3120302
150894.689009,3128450
150894.793116,3135273
150894.947731,3145405
150895.091642,3154837
150895.226162,3163652
150895.337754,3170965
150895.441048,3177735
150895.539876,3184212
150895.638427,3190670
150895.767811,3199149
150895.923558,3209356
150896.028726,3216248
150896.129047,3222823
150896.266308,3231818
150896.398110,3240456
150896.527369,3248927
150896.636140,3256055
150896.732007,3262338
150896.820502,3268137
150896.931313,3275399
150897.070619,3284529
150897.216006,3294057
150897.370960,3304212
150897.483581,3311592
150897.613806,3320127
150897.724553,3327384
150897.822296,3333790
150897.927979,3340716
150898.027414,3347232
150898.131967,3354084
150898.233059,3360709
150898.327427,3366894
150898.438101,3374147
150898.577554,3383286
150898.686046,3390396
150898.785548,3396917
150898.872671,3402626
150898.996644,3410751
150899.123801,3419084
150899.256342,3427770
150899.387317,3436354
150899.491281,3443167
150899.616401,3451367
150899.766584,3461209
150899.884118,3468911
150899.999342,3476463
150900.097522,3482897
150900.190869,3489014
150900.302592,3496336
150900.438914,3505270
150900.597972,3515694
150900.720239,3523707
150900.836100,3531300
150900.941278,3538192
150901.050742,3545366
150901.173124,3553386
150901.293026,3561244
150901.424638,3569869
150901.550667,3578129
150901.679853,3586595
150901.823557,3596013
150902.010504,3608264
150902.128842,3616019
150902.234755,3622960
150902.326103,3628947
150902.413236,3634657
150902.526711,3642094
150902.706028,3653845
150902.861617,3664042
150902.981522,3671900
150903.171091,3684323
150903.315690,3693799
150903.456055,3702998
150903.584407,3711410
150903.683884,3717929
150903.783466,3724455
150903.942541,3734880
150904.095576,3744909
150904.239034,3754311
150904.348456,3761482
150904.459585,3768765
150904.578870,3776582
150904.713998,3785438
150904.814717,3792038
150904.913913,3798539
150905.010562,3804873
150905.107501,3811226
150905.207604,3817786
150905.330979,3825871
150905.444581,3833316
150905.578460,3842090
150905.687644,3849246
150905.793130,3856159
150905.928495,3865030
150906.046722,3872778
150906.155149,3879883
150906.237666,3885291
150906.344839,3892315
150906.458537,3899766
150906.569042,3907008
150906.694636,3915239
150906.809892,3922792
150906.915903,3929739
150907.043889,3938127
150907.145997,3944819
150907.284350,3953886
150907.440933,3964147
150907.574607,3972908
150907.726820,3982883
150907.850848,3991011
150907.969008,3998755
150908.153447,4010842
150908.319590,4021730
150908.449880,4030269
150908.592079,4039588
150908.755982,4050329
150908.897834,4059625
150909.018751,4067550
150909.150276,4076169
150909.266263,4083770
150909.405111,4092870
150909.658842,4109498
150909.849923,4122020
150910.065059,4136119
150910.208489,4145519
150910.348884,4154720
150910.475986,4163049
150910.631681,4173253
150910.765607,4182030
150910.922080,4192284
150911.136580,4206342
150911.286145,4216143
150911.441600,4226331
150911.577248,4235221
150911.708519,4243824
150911.853103,4253299
150911.991895,4262395
150912.117932,4270654
150912.257359,4279792
150912.415329,4290144
150912.544870,4298634
150912.682168,4307632
150912.842105,4318113
150913.040935,4331143
150913.187460,4340746
150913.303778,4348369
150913.445105,4357631
150913.592612,4367298
150913.766236,4378676
150913.882338,4386285
150914.006184,4394401
150914.170672,4405181
150914.336777,4416066
150914.504156,4427036
150914.654214,4436870
150914.786188,4445519
150914.936440,4455365
150915.124487,4467689
150915.314662,4480152
150915.444355,4488652
150915.559887,4496223
150915.683038,4504294
150915.790141,4511313
150915.899027,4518448
150916.021638,4526484
150916.125489,4533290
150916.222581,4539653
150916.344404,4547636
150916.497537,4557672
150916.648497,4567565
150916.807499,4577985
150917.010389,4591282
150917.151560,4600533
150917.290811,4609659
150917.419184,4618072
150917.571255,4628038
150917.704655,4636780
150917.826151,4644743
150917.960327,4653536
150918.088247,4661919
150918.239731,4671847
150918.399943,4682346
150918.532521,4691035
150918.687073,4701163
150918.810646,4709261
150918.923704,4716671
150919.058794,4725524
150919.257881,4738571
150919.423679,4749437
150919.555044,4758046
150919.685174,4766574
150919.832895,4776255
150919.935636,4782988
150920.026485,4788941
150920.122546,4795237
150920.231037,4802347
150920.354234,4810420
150920.462580,4817521
150920.590398,4825897
150920.709589,4833709
150920.846602,4842688
150921.006364,4853158
150921.154672,4862877
150921.298097,4872277
150921.410911,4879670
150921.504032,4885772
150921.588650,4891318
150921.681767,4897420
150921.790931,4904574
150921.935293,4914035
150922.096506,4924600
150922.203634,4931621
150922.318151,4939126
150922.455207,4948108
150922.589878,4956933
150922.718697,4965376
150922.843004,4973522
150922.971129,4981919
150923.074087,4988666
150923.187954,4996128
150923.343911,5006349
150923.518194,5017771
150923.615529,5024149
150923.731983,5031781
150923.828959,5038137
150923.990879,5048748
150924.139962,5058518
150924.242838,5065260
150924.359819,5072926
150924.536762,5084522
150924.658870,5092525
150924.847517,5104888
150924.979883,5113562
150925.124068,5123012
150925.263166,5132127
150925.406400,5141514
150925.560235,5151596
150925.669004,5158724
150925.775031,5165672
150925.889149,5173151
150925.996959,5180216
150926.103126,5187174
150926.210999,5194244
150926.332523,5202208
150926.431189,5208674
150926.581904,5218551
150926.751789,5229684
150926.898886,5239324
150927.033945,5248175
150927.191611,5258508
150927.310658,5266310
150927.434516,5274427
150927.570972,5283369
150927.677101,5290325
150927.774950,5296737
150927.936317,5307312
150928.078632,5316639
150928.215741,5325624
150928.313518,5332032
150928.446250,5340731
150928.579485,5349462
150928.716833,5358463
150928.856682,5367628
150929.020399,5378358
150929.163539,5387738
150929.365854,5400997
150929.542735,5412589
150929.675199,5421270
150929.786472,5428562
150929.878750,5434610
150929.963592,5440170
150930.102157,5449251
150930.280721,5460953
150930.426118,5470481
150930.567379,5479739
150930.720173,5489752
150930.850639,5498302
150930.958025,5505340
150931.048949,5511299
150931.144521,5517562
150931.226805,5522954
150931.330644,5529760
150931.446814,5537373
150931.597431,5547243
150931.709680,5554600
150931.814231,5561451
150931.936579,5569469
150932.094302,5579806
150932.220372,5588068
150932.329673,5595231
150932.452538,5603283
150932.589962,5612289
150932.712435,5620315
150932.823503,5627594
150932.946960,5635685
150933.085382,5644756
150933.197145,5652081
150933.301527,5658921
150933.418983,5666619
150933.550452,5675235
150933.667132,5682881
150933.768972,5689555
150933.894766,5697799
150933.998188,5704577
150934.122418,5712718
150934.238096,5720299
150934.362290,5728438
150934.440534,5733566
150934.523258,5738987
150934.625286,5745674
150934.765080,5754835
150934.897082,5763486
150935.010618,5770927
150935.117504,5777931
150935.223742,5784894
150935.327806,5791714
150935.438669,5798979
150935.592002,5809028
150935.744047,5818992
150935.858316,5826480
150935.975162,5834138
150936.137475,5844775
150936.292474,5854933
150936.404837,5862297
150936.490770,5867928
150936.583430,5874001
150936.689421,5880947
150936.814702,5889157
150936.974993,5899662
150937.120080,5909170
150937.245107,5917364
150937.380574,5926242
150937.552508,5937509
150937.682824,5946050
150937.835616,5956063
150937.928702,5962163
150938.022826,5968332
150938.139778,5975996
150938.275068,5984862
150938.362601,5990599
150938.482914,5998484
150938.599521,6006125
150938.707691,6013214
150938.865052,6023527
150939.006498,6032797
150939.115587,6039946
150939.208014,6046003
150939.326591,6053774
150939.436775,6060995
150939.666836,6076072
150939.832086,6086902
150939.967157,6095753
150940.115757,6105492
150940.250183,6114301
150940.354573,6121143
150940.470143,6128717
150940.558796,6134526
150940.649606,6140478
150940.771045,6148436
150940.951626,6160271
150941.134455,6172252
150941.287293,6182268
150941.457609,6193430
150941.632148,6204869
150941.779203,6214506
150941.920644,6223775
150942.031858,6231064
150942.140799,6238203
150942.267891,6246532
150942.429052,6257094
150942.592975,6267836
150942.742773,6277653
150942.918858,6289193
150943.091754,6300524
150943.244929,6310562
150943.362484,6318266
150943.477076,6325776
150943.592228,6333322
150943.755146,6343999
150943.929271,6355411
150944.079989,6365288
150944.288247,6378936
150944.451734,6389650
150944.602608,6399538
150944.722225,6407377
150944.823173,6413992
150944.936817,6421440
150945.128272,6433987
150945.258994,6442554
150945.450658,6455115
150945.563441,6462506
150945.710353,6472134
150945.848581,6481193
150945.980196,6489818
150946.122178,6499123
150946.264686,6508462
150946.439144,6519895
150946.637909,6532921
150946.841215,6546245
150946.980257,6555357
150947.152213,6566626
150947.295297,6576003
150947.438949,6585417
150947.560148,6593360
150947.675599,6600926
150947.781737,6607882
150947.904200,6615907
150948.076946,6627228
150948.225340,6636953
150948.376831,6646881
150948.557504,6658722
150948.730766,6670077
150948.871435,6679295
150948.981755,6686525
150949.104635,6694578
150949.236605,6703227
150949.405592,6714301
150949.585203,6726072
150949.741730,6736330
150949.915395,6747711
150950.092585,6759323
150950.258223,6770178
150950.394659,6779120
150950.570898,6790670
150950.776012,6804112
150951.013267,6819660
150951.150653,6828664
150951.271317,6836572
150951.387814,6844206
150951.498886,6851485
150951.611276,6858851
150951.719608,6865950
150951.818179,6872410
150951.917487,6878918
150952.030908,6886351
150952.147130,6893968
150952.269601,6901994
150952.403899,6910795
150952.505674,6917465
150952.623241,6925170
150952.716565,6931286
150952.847034,6939836
150952.950274,6946602
150953.040256,6952499
150953.141828,6959155
150953.245572,6965954
150953.373385,6974331
150953.482570,6981486
150953.614075,6990104
150953.739629,6998332
150953.841172,7004987
150953.951250,7012201
150954.066867,7019778
150954.199147,7028447
150954.315791,7036091
150954.446507,7044658
150954.581838,7053527
150954.738695,7063806
150954.883433,7073292
150955.003894,7081186
150955.145139,7090442
150955.275741,7099001
150955.429876,7109103
150955.575171,7118625
150955.702273,7126954
150955.811424,7134107
150955.909806,7140555
150956.019495,7147743
150956.120371,7154354
150956.231379,7161629
150956.374828,7171030
150956.507090,7179698
150956.625041,7187428
150956.759744,7196256
150956.885972,7204528
150957.005856,7212385
150957.121220,7219945
150957.220979,7226483
150957.308022,7232187
150957.387075,7237368
150957.469874,7242794
150957.588775,7250586
150957.729146,7259785
150957.911733,7271751
150958.021510,7278945
150958.132854,7286242
150958.246864,7293714
150958.371806,7301902
150958.478256,7308878
150958.586161,7315950
150958.690549,7322791
150958.798748,7329882
150958.940119,7339146
150959.099942,7349620
150959.221671,7357598
150959.326483,7364467
150959.440798,7371958
150959.543101,7378663
150959.650519,7385703
150959.762082,7393014
150959.852327,7398928
150959.965564,7406349
150960.098986,7415093
150960.225346,7423374
150960.373744,7433099
150960.527907,7443202
150960.668165,7452394
150960.785626,7460092
150960.924263,7469177
150961.075729,7479104
150961.215115,7488238
150961.352934,7497270
150961.481115,7505671
150961.596118,7513207
150961.714786,7520984
150961.810927,7527285
150961.927639,7534934
150962.046762,7542740
150962.207861,7553298
150962.372407,7564081
150962.518072,7573628
150962.629151,7580907
150962.732269,7587665
150962.834127,7594340
150962.924936,7600291
150963.039564,7607804
150963.175197,7616692
150963.287836,7624074
150963.389962,7630767
150963.498148,7637857
150963.625609,7646210
150963.726641,7652831
150963.836462,7660028
150964.143637,7680159
150964.268071,7688314
150964.376904,7695446
150964.510314,7704189
150964.683815,7715560
150964.836141,7725542
150965.005020,7736610
150965.161615,7746872
150965.285662,7755002
150965.382874,7761372
150965.486801,7768183
150965.605751,7775979
150965.747439,7785264
150965.900757,7795312
150966.026262,7803537
150966.142346,7811144
150966.236768,7817332
150966.354404,7825042
150966.476848,7833066
150966.615406,7842146
150966.717770,7848855
150966.814661,7855205
150966.916530,7861881
150967.058312,7871172
150967.173214,7878702
150967.276163,7885449
150967.405554,7893929
150967.524021,7901692
150967.617870,7907843
150967.744147,7916118
150967.883549,7925254
150968.039405,7935468
150968.159935,7943367
150968.288928,7951821
150968.410156,7959765
150968.537339,7968100
150968.657546,7975978
150968.793023,7984857
150968.900837,7991922
150969.017742,7999583
150969.191273,8010956
150969.351837,8021478
150969.460794,8028619
150969.593017,8037284
150969.706529,8044723
150969.805834,8051231
150969.927923,8059232
150970.071036,8068611
150970.181137,8075827
150970.287761,8082814
150970.407585,8090667
150970.596101,8103021
150970.704700,8110138
150970.839144,8118949
150970.964090,8127137
150971.075885,8134464
150971.195548,8142306
150971.334382,8151404
150971.480672,8160992
150971.646671,8171870
150971.953669,8191989
150972.122845,8203076
150972.220215,8209458
150972.324041,8216262
150972.436591,8223638
150972.565431,8232081
150972.728152,8242745
150972.850009,8250731
150972.952863,8257472
150973.049172,8263783
150973.210399,8274349
150973.394170,8286393
150973.536294,8295707
150973.643260,8302717
150973.766289,8310780
150973.882749,8318412
150974.029715,8328043
150974.185383,8338245
150974.323821,8347317
150974.458330,8356132
150974.607481,8365907
150974.786923,8377667
150974.927685,8386892
150975.070502,8396251
150975.205138,8405074
150975.317462,8412436
150975.520219,8425723
150975.680004,8436195
150975.810739,8444763
150975.936705,8453018
150976.124822,8465346
150976.255487,8473909
150976.385717,8482444
150976.473088,8488170
150976.557353,8493692
150976.670378,8501099
150976.824396,8511193
150976.984548,8521688
150977.128375,8531114
150977.272860,8540583
150977.519991,8556778
150977.681440,8567359
150977.842810,8577934
150977.972592,8586440
150978.086518,8593906
150978.259170,8605220
150978.479210,8619641
150978.636793,8629968
150978.779319,8639308
150978.983578,8652695
150979.148922,8663530
150979.263994,8671072
150979.381092,8678746
150979.567659,8690972
150979.778926,8704818
150979.935786,8715097
150980.069694,8723873
150980.218119,8733600
150980.381082,8744280
150980.529079,8753979
150980.689157,8764470
150980.859049,8775604
150981.009187,8785443
150981.160876,8795384
150981.269994,8802535
150981.377724,8809595
150981.472038,8815776
150981.614478,8825111
150981.786258,8836368
150981.949314,8847054
150982.098120,8856806
150982.248165,8866639
150982.407862,8877105
150982.589083,8888981
150982.722295,8897711
150982.848759,8905999
150983.124653,8924080
150983.264674,8933256
150983.381549,8940916
150983.491228,8948103
150983.625346,8956893
150983.751234,8965143
150983.889775,8974222
150984.007485,8981936
150984.123250,8989523
150984.286153,9000199
150984.423455,9009197
150984.583703,9019699
150984.716565,9028406
150984.838477,9036395
150984.953138,9043910
150985.122927,9055037
150985.323558,9068185
150985.503593,9079984
150985.711000,9093576
150985.876934,9104451
150986.012387,9113328
150986.132746,9121215
150986.237074,9128052
150986.395162,9138413
150986.560558,9149252
150986.716172,9159450
150986.838711,9167481
150986.967922,9175949
150987.125703,9186289
150987.272067,9195881
150987.410205,9204934
150987.564454,9215042
150987.730523,9225926
150987.888544,9236281
150988.019058,9244835
150988.154502,9253711
150988.282230,9262082
150988.439381,9272381
150988.598997,9282841
150988.778256,9294589
150988.910881,9303280
150989.030276,9311105
150989.177316,9320741
150989.314090,9329705
150989.449391,9338572
150989.590412,9347813
150989.782878,9360427
150989.924651,9369718
150990.071012,9379310
150990.210961,9388481
150990.332255,9396430
150990.493733,9407013
150990.694621,9420178
150990.827067,9428858
150990.976099,9438624
150991.166381,9451095
150991.295379,9459548
150991.418380,9467609
150991.539885,9475572
150991.627944,9481343
150991.748764,9489261
150991.882652,9498035
150992.038033,9508218
150992.182595,9517692
150992.310898,9526100
150992.458530,9535776
150992.614499,9545997
150992.761904,9555657
150992.878083,9563271
150992.989237,9570555
150993.127757,9579633
150993.251460,9587740
150993.393417,9597043
150993.525486,9605698
150993.634358,9612833
150993.778788,9622299
150993.931168,9632285
150994.053977,9640333
150994.188327,9649138
150994.325602,9658134
150994.454712,9666595
150994.591769,9675577
150994.751512,9686046
150994.878217,9694350
150994.998543,9702235
150995.154647,9712466
150995.291185,9721414
150995.416261,9729610
150995.552446,9738535
150995.753123,9751687
150995.945023,9764263
150996.103258,9774633
150996.207169,9781443
150996.295242,9787214
150996.399636,9794056
150996.575538,9805584
150996.743988,9816623
150996.892100,9826330
150996.996141,9833148
150997.098663,9839867
150997.207361,9846990
150997.386800,9858750
150997.535809,9868515
150997.656415,9876419
150997.835415,9888150
150997.997140,9898748
150998.124582,9907100
150998.246559,9915094
150998.377752,9923692
150998.486862,9930842
150998.618350,9939459
150998.773768,9949645
150998.913067,9958774
150999.035499,9966797
150999.146264,9974056
150999.307355,9984613
150999.466667,9995054
150999.604189,10004066
150999.724327,10011940
150999.838006,10019389
150999.994500,10029645
151000.204959,10043438
151000.347564,10052783
151000.498251,10062659
151000.649817,10072592
151000.811689,10083200
151000.952583,10092433
151001.083439,10101009
151001.222649,10110132
151001.391869,10121222
151001.546284,10131341
151001.652283,10138288
151001.760678,10145392
151001.931646,10156596
151002.074183,10165937
151002.183236,10173084
151002.307212,10181209
151002.457402,10191052
151002.571693,10198542
151002.721302,10208346
151002.873108,10218295
151003.009546,10227236
151003.137216,10235603
151003.315512,10247288
151003.503247,10259591
151003.629902,10267891
151003.765041,10276748
151003.906699,10286031
151004.129729,10300648
151004.287249,10310971
151004.416492,10319441
151004.535037,10327209
151004.667497,10335890
151004.806580,10345005
151004.959502,10355027
151005.086565,10363354
151005.207503,10371279
151005.304427,10377631
151005.450956,10387234
151005.602575,10397171
151005.793899,10409709
151006.027095,10424991
151006.255360,10439951
151006.395276,10449120
151006.510733,10456687
151006.611282,10463276
151006.741771,10471828
151006.965402,10486483
151007.120916,10496675
151007.254402,10505423
151007.422582,10516445
151007.573237,10526318
151007.683392,10533537
151007.804947,10541503
151007.920290,10549062
151008.027513,10556089
151008.228895,10569286
151008.389964,10579842
151008.530524,10589054
151008.659544,10597509
151008.784703,10605711
151008.939864,10615880
151009.077232,10624882
151009.216106,10633983
151009.375742,10644445
151009.511767,10653359
151009.663034,10663273
151009.774069,10670549
151009.884441,10677783
151009.997851,10685215
151010.130576,10693913
151010.247951,10701605
151010.392169,10711057
151010.545277,10721090
151010.678821,10729842
151010.808067,10738312
151010.967336,10748750
151011.091664,10756898
151011.215901,10765040
151011.329718,10772499
151011.470903,10781751
151011.679973,10795453
151011.824329,10804913
151011.929282,10811791
151012.051754,10819817
151012.170768,10827617
151012.288070,10835304
151012.407666,10843142
151012.550648,10852512
151012.705148,10862638
151012.914707,10876371
151013.049903,10885231
151013.158286,10892334
151013.248923,10898274
151013.400278,10908193
151013.558509,10918563
151013.707575,10928332
151013.851800,10937783
151013.984093,10946453
151014.120290,10955379
151014.291179,10966578
151014.459711,10977623
151014.592004,10986293
151014.712523,10994191
151014.830231,11001905
151014.987070,11012183
151015.188138,11025360
151015.331495,11034755
151015.428526,11041114
151015.547752,11048928
151015.713895,11059816
151015.843280,11068295
151015.968607,11076508
151016.123497,11086659
151016.277932,11096780
151016.437171,11107216
151016.593817,11117482
151016.736249,11126816
151016.870507,11135614
151017.001643,11144208
151017.164253,11154865
151017.312940,11164609
151017.451034,11173659
151017.579124,11182054
151017.724862,11191605
151017.886909,11202224
151018.001104,11209708
151018.135605,11218523
151018.314257,11230231
151018.490363,11241772
151018.642389,11251735
151018.752320,11258939
151018.870165,11266662
151018.999069,11275110
151019.122671,11283210
151019.220110,11289596
151019.319524,11296111
151019.424633,11302999
151019.600359,11314515
151019.772052,11325767
151019.899862,11334143
151020.034747,11342983
151020.149702,11350516
151020.279346,11359013
151020.406870,11367370
151020.565986,11377798
151020.682869,11385458
151020.828522,11395003
151020.956167,11403368
151021.093707,11412382
151021.278941,11424521
151021.387150,11431613
151021.492465,11438514
151021.589790,11444893
151021.700469,11452146
151021.856477,11462370
151022.062660,11475882
151022.183286,11483787
151022.279990,11490125
151022.394475,11497628
151022.543492,11507393
151022.648964,11514306
151022.750058,11520931
151022.843733,11527070
151022.929557,11532694
151023.074154,11542170
151023.221477,11551825
151023.359348,11560861
151023.487156,11569237
151023.624833,11578259
151023.774936,11588096
151023.913722,11597192
151024.028548,11604717
151024.170291,11614006
151024.308293,11623050
151024.409853,11629705
151024.531723,11637692
151024.687211,11647882
151024.806341,11655689
151024.911237,11662564
151025.051147,11671733
151025.185657,11680548
151025.356526,11691746
151025.517728,11702310
151025.642628,11710495
151025.742609,11717048
151025.834738,11723085
151025.936581,11729760
151026.094735,11740124
151026.215866,11748063
151026.335331,11755892
151026.495143,11766365
151026.639099,11775799
151026.754822,11783383
151026.860440,11790305
151026.961612,11796935
151027.070934,11804099
151027.189694,11811882
151027.298839,11819035
151027.430599,11827670
151027.559438,11836114
151027.708414,11845877
151027.857435,11855643
151027.971815,11863139
151028.089651,11870861
151028.203137,11878298
151028.315870,11885686
151028.438782,11893741
151028.564485,11901979
151028.747902,11914000
151028.892499,11923476
151029.014709,11931485
151029.534775,11965567
151029.687335,11975565
151029.806923,11983402
151029.962654,11993608
151030.134218,12004852
151030.284387,12014693
151030.418161,12023460
151030.570894,12033469
151030.725735,12043617
151030.845690,12051478
151030.971335,12059712
151031.090549,12067525
151031.236666,12077101
151031.399231,12087754
151031.563723,12098534
151031.689501,12106777
151031.806672,12114456
151031.987764,12126324
151032.239300,12142808
151032.403038,12153539
151032.545425,12162870
151032.688946,12172276
151032.835870,12181904
151032.979658,12191328
151033.092923,12198750
151033.232972,12207929
151033.379693,12217544
151033.523935,12226997
151033.636318,12234362
151033.722875,12240034
151033.809625,12245720
151033.899413,12251604
151034.005374,12258548
151034.122140,12266200
151034.239909,12273918
151034.353938,12281391
151034.454368,12287973
151034.579051,12296144
151034.695595,12303782
151034.832471,12312752
151034.955527,12320816
151035.037261,12326173
151035.140821,12332959
151035.239492,12339426
151035.340889,12346071
151035.467353,12354359
151035.609714,12363688
151035.754634,12373186
151035.841649,12378888
151035.919971,12384021
151036.031321,12391318
151036.165386,12400104
151036.305697,12409300
151036.415574,12416500
151036.561274,12426049
151036.708961,12435728
151036.856550,12445400
151037.015364,12455808
151037.137735,12463827
151037.260642,12471882
151037.398017,12480885
151037.518804,12488801
151037.648451,12497297
151037.757876,12504468
151037.873906,12512072
151038.018659,12521559
151038.249408,12536681
151038.393919,12546151
151038.482925,12551984
151038.626240,12561376
151038.789464,12572073
151038.936305,12581696
151039.079324,12591069
151039.215157,12599971
151039.347640,12608653
151039.466546,12616446
151039.599032,12625128
151039.742732,12634546
151039.854866,12641894
151039.961251,12648866
151040.086550,12657078
151040.291048,12670480
151040.420723,12678978
151040.520609,12685524
151040.618792,12691958
151040.719585,12698564
151040.858615,12707675
151041.013651,12717835
151041.161843,12727547
151041.249668,12733303
151041.391184,12742577
151041.558407,12753536
151041.774586,12767703
151041.918253,12777118
151042.029078,12784381
151042.153020,12792504
151042.298013,12802006
151042.539175,12817811
151042.723002,12829858
151042.896829,12841249
151043.034201,12850252
151043.214995,12862100
151043.358280,12871491
151043.533845,12882996
151043.724990,12895523
151043.915221,12907990
151044.031499,12915610
151044.200299,12926672
151044.363815,12937388
151044.530193,12948292
151044.631123,12954906
151044.736019,12961781
151044.879798,12971203
151045.033219,12981258
151045.222360,12993653
151045.364694,13002981
151045.472447,13010043
151045.644009,13021286
151045.841485,13034227
151045.988295,13043849
151046.111149,13051900
151046.256803,13061445
151046.396621,13070608
151046.555024,13080989
151046.665475,13088228
151046.792947,13096582
151046.880795,13102339
151046.995564,13109860
151047.179884,13121939
151047.318797,13131043
151047.422179,13137818
151047.516573,13144004
151047.641244,13152175
151047.768417,13160509
151047.919224,13170392
151048.068800,13180195
151048.169199,13186774
151048.276939,13193835
151048.412923,13202747
151048.570683,13213085
151048.682360,13220404
151048.785133,13227139
151048.890146,13234021
151048.990929,13240626
151049.098453,13247673
151049.200713,13254374
151049.361438,13264908
151049.501153,13274064
151049.623932,13282110
151049.756923,13290826
151049.881409,13298984
151049.983075,13305647
151050.092994,13312850
151050.205040,13320193
151050.306882,13326867
151050.418990,13334214
151050.574195,13344386
151050.706968,13353087
151050.822831,13360680
151050.924641,13367352
151051.050967,13375631
151051.176462,13383855
151051.302761,13392132
151051.405178,13398844
151051.515878,13406099
151051.622871,13413111
151051.743647,13421026
151051.913076,13432129
151052.081824,13443188
151052.175777,13449345
151052.270565,13455557
151052.394146,13463656
151052.506848,13471042
151052.629369,13479071
151052.712852,13484543
151052.837948,13492741
151052.960086,13500745
151053.090501,13509292
151053.229997,13518434
151053.347158,13526112
151053.482324,13534970
151053.589440,13541990
151053.714710,13550199
151053.832004,13557886
151053.966618,13566708
151054.080002,13574139
151054.237990,13584492
151054.344416,13591467
151054.454782,13598700
151054.593735,13607806
151054.740971,13617455
151054.856280,13625012
151054.965745,13632186
151055.107598,13641482
151055.277998,13652649
151055.377588,13659176
151055.486114,13666288
151055.635024,13676047
151055.766977,13684695
151055.893694,13692999
151056.029243,13701882
151056.191617,13712523
151056.348750,13722821
151056.556246,13736419
151056.709354,13746453
151056.855470,13756029
151056.990905,13764905
151057.121950,13773493
151057.267146,13783008
151057.429272,13793633
151057.598923,13804751
151057.719372,13812645
151057.836705,13820334
151057.975481,13829429
151058.094419,13837223
151058.210245,13844814
151058.331488,13852760
151058.462901,13861372
151058.620333,13871689
151058.760285,13880861
151058.898248,13889902
151058.995367,13896267
151059.132669,13905265
151059.317765,13917395
151059.457215,13926534
151059.622506,13937367
151059.767014,13946837
151059.911441,13956302
151060.035526,13964434
151060.177996,13973771
151060.277191,13980271
151060.382612,13987180
151060.534415,13997129
151060.676835,14006462
151060.815245,14015533
151060.976975,14026132
151061.088053,14033411
151061.200747,14040797
151061.326250,14049022
151061.463161,14057994
151061.615699,14067991
151061.751221,14076872
151061.928689,14088502
151062.068493,14097664
151062.210394,14106964
151062.322899,14114337
151062.438905,14121939
151062.556785,14129665
151062.730962,14141079
151062.902880,14152346
151063.043013,14161530
151063.189979,14171161
151063.352120,14181787
151063.507699,14191983
151063.619714,14199324
151063.722007,14206027
151063.832215,14213250
151063.948335,14220860
151064.087578,14229985
151064.249938,14240625
151064.375881,14248879
151064.502101,14257151
151064.614894,14264543
151064.747015,14273201
151064.861859,14280728
151064.960535,14287194
151065.066032,14294108
151065.178261,14301463
151065.330065,14311412
151065.565136,14326817
151065.720693,14337011
151065.842517,14344995
151065.954963,14352364
151066.064383,14359535
151066.166188,14366207
151066.287480,14374156
151066.396728,14381315
151066.554590,14391661
151066.684902,14400201
151066.866281,14412087
151066.987102,14420005
151067.107446,14427892
151067.272522,14438710
151067.452831,14450527
151067.608595,14460735
151067.774490,14471607
151067.926939,14481598
151068.066374,14490736
151068.238306,14502003
151068.433010,14514763
151068.594611,14525354
151068.844578,14541735
151069.030165,14553898
151069.167897,14562924
151069.293417,14571150
151069.428683,14580014
151069.571782,14589392
151069.698321,14597685
151069.845351,14607321
151069.960814,14614888
151070.221496,14631971
151070.370307,14641724
151070.486915,14649366
151070.623161,14658295
151070.751512,14666706
151070.900597,14676476
151071.086253,14688643
151071.250943,14699436
151071.448374,14712375
151071.604702,14722620
151071.788557,14734669
151071.941487,14744691
151072.064338,14752742
151072.187638,14760823
151072.401413,14774832
151072.594078,14787459
151072.718302,14795600
151072.859788,14804872
151073.004904,14814382
151073.131295,14822665
151073.254266,14830724
151073.391907,14839744
151073.496520,14846600
151073.636377,14855766
151073.781920,14865304
151073.956460,14876742
151074.072961,14884377
151074.186804,14891838
151074.392000,14905285
151074.562755,14916476
151074.701954,14925598
151074.812996,14932875
151074.920629,14939929
151075.045664,14948123
151075.164984,14955943
151075.314259,14965726
151075.450185,14974634
151075.584567,14983440
151075.733423,14993196
151075.894163,15003730
151076.015479,15011680
151076.140381,15019866
151076.241237,15026475
151076.366582,15034690
151076.488880,15042705
151076.624512,15051593
151076.728385,15058400
151076.829536,15065029
151076.988770,15075465
151077.166335,15087102
151077.255154,15092922
151077.389585,15101732
151077.537811,15111446
151077.663813,15119704
151077.795239,15128317
151077.962103,15139252
151078.125998,15149993
151078.282409,15160243
151078.448925,15171156
151078.590827,15180456
151078.710883,15188323
151078.828784,15196050
151078.948812,15203916
151079.099205,15213772
151079.262565,15224478
151079.385574,15232539
151079.484702,15239036
151079.598868,15246518
151079.725347,15254806
151079.872958,15264480
151080.000934,15272867
151080.122633,15280843
151080.226364,15287641
151080.412655,15299849
151080.574949,15310485
151080.750204,15321970
151080.882147,15330617
151081.031156,15340383
151081.188489,15350693
151081.313940,15358915
151081.445830,15367558
151081.607898,15378179
151081.779879,15389450
151081.920760,15398683
151082.081914,15409244
151082.212270,15417787
151082.379268,15428731
151082.539254,15439216
151082.665852,15447512
151082.783575,15455227
151082.889707,15462183
151082.991207,15468835
151083.110670,15476664
151083.239636,15485115
151083.352368,15492503
151083.468400,15500107
151083.609649,15509364
151083.823058,15523350
151084.006873,15535396
151084.126701,15543249
151084.234475,15550312
151084.349581,15557856
151084.470008,15565748
151084.596154,15574015
151084.734540,15583084
151084.878591,15592524
151085.041110,15603175
151085.175211,15611963
151085.305156,15620479
151085.432369,15628816
151085.559144,15637124
151085.675976,15644781
151085.803266,15653123
151085.946525,15662511
151086.161815,15676620
151086.300096,15685683
151086.414135,15693156
151086.540972,15701468
151086.653843,15708865
151086.758253,15715708
151086.866046,15722772
151086.981846,15730361
151087.085841,15737176
151087.244161,15747552
151087.399678,15757744
151087.534699,15766592
151087.660687,15774849
151087.766512,15781784
151087.879268,15789174
151088.017246,15798216
151088.122382,15805106
151088.223019,15811701
151088.357085,15820487
151088.491405,15829290
151088.703009,15843157
151088.861691,15853557
151088.999581,15862593
151089.121667,15870594
151089.258631,15879570
151089.366007,15886607
151089.531153,15897430
151089.652112,15905357
151089.777471,15913572
151089.874448,15919928
151090.016286,15929223
151090.180866,15940009
151090.289730,15947143
151090.386057,15953456
151090.536848,15963338
151090.721196,15975419
151090.856765,15984304
151090.977182,15992195
151091.186530,16005915
151091.331443,16015412
151091.497050,16026265
151091.646419,16036054
151091.746881,16042638
151091.925244,16054327
151092.057189,16062974
151092.218953,16073575
151092.298554,16078791
151092.375958,16083864
151092.488417,16091234
151092.595999,16098285
151092.735366,16107418
151092.903184,16118416
151093.036004,16127120
151093.142831,16134121
151093.260420,16141827
151093.413197,16151840
151093.547840,16160663
151093.649973,16167357
151093.756096,16174312
151093.884491,16182726
151093.991237,16189721
151094.173975,16201697
151094.347692,16213082
151094.479793,16221739
151094.569540,16227621
151094.668474,16234104
151094.791709,16242180
151094.919878,16250580
151095.033495,16258026
151095.138330,16264896
151095.271190,16273603
151095.447786,16285176
151095.619081,16296402
151095.799148,16308203
151095.944882,16317754
151096.097077,16327728
151096.260914,16338465
151096.482517,16352988
151096.594820,16360347
151096.693183,16366793
151096.798400,16373689
151096.909412,16380964
151097.036889,16389318
151097.156361,16397148
151097.258748,16403858
151097.368526,16411052
151097.505661,16420039
151097.642292,16428993
151097.760398,16436733
151097.874513,16444212
151097.981829,16451245
151098.093989,16458595
151098.212616,16466370
151098.342146,16474858
151098.457113,16482393
151098.566855,16489585
151098.747191,16501403
151098.887236,16510581
151099.005738,16518347
151099.132259,16526638
151099.246161,16534103
151099.352418,16541066
151099.462503,16548281
151099.570230,16555341
151099.687293,16563012
151099.827237,16572184
151099.945737,16579950
151100.048492,16586684
151100.191491,16596055
151100.296180,16602916
151100.431481,16611783
151100.539567,16618866
151100.637231,16625267
151100.719478,16630657
151100.808016,16636459
151100.911812,16643261
151101.067499,16653464
151101.206071,16662546
151101.312495,16669520
151101.410662,16675953
151101.523965,16683379
151101.638238,16690868
151101.785239,16700501
151101.890793,16707419
151102.001082,16714647
151102.165868,16725446
151102.279690,16732905
151102.417105,16741911
151102.548902,16750548
151102.688738,16759712
151102.790199,16766361
151102.936087,16775922
151103.064901,16784364
151103.164024,16790860
151103.286521,16798888
151103.400697,16806370
151103.497165,16812692
151103.602371,16819587
151103.729359,16827909
151103.857379,16836299
151103.973796,16843928
151104.072991,16850429
151104.194564,16858397
151104.307354,16865788
151104.492613,16877929
151104.625924,16886666
151104.722685,16893007
151104.822680,16899560
151104.933917,16906850
151105.042280,16913952
151105.148569,16920917
151105.266792,16928665
151105.379324,16936040
151105.496216,16943700
151105.657817,16954291
151105.788182,16962834
151105.909933,16970813
151106.037739,16979189
151106.159421,16987163
151106.254713,16993408
151106.353378,16999874
151106.461636,17006969
151106.585874,17015111
151106.719447,17023865
151106.831707,17031222
151106.931961,17037792
151107.054884,17045848
151107.186669,17054484
151107.305645,17062281
151107.413038,17069319
151107.537944,17077505
151107.633239,17083750
151107.748267,17091288
151107.938613,17103763
151108.085632,17113398
151108.248349,17124061
151108.375131,17132370
151108.802410,17160372
151108.919922,17168073
151109.122809,17181369
151109.279714,17191652
151109.423252,17201059
151109.535951,17208444
151109.630174,17214619
151109.746327,17222231
151109.845161,17228708
151109.953799,17235828
151110.052592,17242302
151110.235848,17254312
151110.363016,17262646
151110.494772,17271281
151110.631411,17280235
151110.781220,17290053
151110.895413,17297537
151111.011707,17305158
151111.150175,17314232
151111.342903,17326863
151111.463138,17334742
151111.590258,17343073
151111.698218,17350148
151111.808857,17357399
151111.934438,17365629
151112.087608,17375667
151112.216203,17384095
151112.338540,17392112
151112.498816,17402616
151112.674937,17414158
151112.801893,17422478
151112.914487,17429857
151113.026968,17437228
151113.147346,17445117
151113.272895,17453345
151113.383060,17460565
151113.587207,17473943
151113.725043,17482976
151113.862995,17492017
151113.989176,17500286
151114.117652,17508706
151114.215358,17515109
151114.321743,17522081
151114.442027,17529964
151114.561951,17537823
151114.785661,17552484
151114.942643,17562772
151115.054024,17570071
151115.202450,17579798
151115.331294,17588242
151115.479310,17597942
151115.591365,17605286
151115.688349,17611642
151115.825017,17620598
151115.951451,17628884
151116.100673,17638663
151116.225266,17646829
151116.313272,17652596
151116.417259,17659411
151116.570554,17669457
151116.698110,17677816
151116.813381,17685371
151116.939776,17693654
151117.088604,17703407
151117.219626,17711994
151117.351747,17720652
151117.564593,17734601
151117.726224,17745194
151117.914827,17757554
151118.134018,17771919
151118.343501,17785647
151118.471862,17794059
151118.590346,17801824
151118.718047,17810193
151118.875459,17820509
151119.061221,17832683
151119.214164,17842706
151119.438054,17857379
151119.640246,17870629
151119.775005,17879461
151119.892453,17887158
151120.032383,17896328
151120.171379,17905437
151120.371758,17918569
151120.574539,17931858
151120.708457,17940634
151120.912553,17954010
151121.031371,17961797
151121.137102,17968726
151121.259758,17976764
151121.387062,17985107
151121.518156,17993698
151121.665549,18003358
151121.802965,18012363
151121.930843,18020744
151122.123246,18033353
151122.314442,18045883
151122.417895,18052662
151122.507133,18058511
151122.599927,18064592
151122.722676,18072636
151122.850568,18081018
151123.000562,18090848
151123.180944,18102669
151123.305028,18110801
151123.471098,18121684
151123.641684,18132864
151123.754160,18140235
151123.915555,18150812
151124.073793,18161182
151124.224977,18171090
151124.362831,18180124
151124.561030,18193113
151124.731353,18204275
151124.895333,18215021
151125.170451,18233051
151125.299093,18241482
151125.430397,18250087
151125.563002,18258777
151125.707456,18268244
151125.838131,18276808
151125.966559,18285224
151126.123861,18295533
151126.281079,18305836
151126.397223,18313448
151126.498642,18320094
151126.601820,18326856
151126.712404,18334103
151126.829952,18341807
151126.958030,18350200
151127.073884,18357793
151127.209285,18366666
151127.380525,18377888
151127.571494,18390404
151127.748385,18401996
151127.890000,18411277
151127.992878,18418019
151128.114735,18426005
151128.250580,18434908
151128.421796,18446128
151128.618058,18458990
151128.737063,18466789
151128.867504,18475338
151129.031701,18486098
151129.184348,18496102
151129.297091,18503491
151129.410704,18510936
151129.528108,18518630
151129.673105,18528133
151129.845122,18539406
151129.993296,18549116
151130.119405,18557381
151130.284237,18568183
151130.455025,18579376
151130.585957,18587956
151130.702274,18595579
151130.842951,18604799
151130.975093,18613458
151131.119585,18622928
151131.258730,18632047
151131.389016,18640585
151131.521343,18649257
151131.636663,18656814
151131.749348,18664199
151131.881568,18672864
151132.010074,18681286
151132.126747,18688932
151132.223502,18695273
151132.322291,18701747
151132.459153,18710716
151132.633116,18722117
151132.752298,18729928
151132.869387,18737601
151133.003497,18746390
151133.205933,18759657
151133.326109,18767532
151133.452150,18775792
151133.576051,18783912
151133.695290,18791727
151133.847781,18801720
151134.047045,18814779
151134.230679,18826813
151134.380465,18836630
151134.553321,18847958
151134.688143,18856793
151134.800889,18864182
151134.891082,18870093
151135.000069,18877235
151135.147098,18886871
151135.285845,18895964
151135.488053,18909215
151135.647068,18919636
151135.794760,18929315
151135.930977,18938242
151136.042836,18945573
151136.163769,18953498
151136.284723,18961425
151136.415126,18969971
151136.615165,18983081
151136.768729,18993144
151136.885272,19000782
151137.029248,19010218
151137.209286,19022016
151137.344478,19030876
151137.444438,19037427
151137.559280,19044953
151137.727180,19055956
151137.860591,19064700
151137.983034,19072724
151138.131250,19082437
151138.228051,19088781
151138.357284,19097250
151138.478955,19105224
151138.592329,19112654
151138.689969,19119053
151138.841411,19128978
151138.976457,19137828
151139.078243,19144498
151139.218025,19153659
151139.340525,19161687
151139.491460,19171579
151139.618268,19179889
151139.769901,19189826
151139.932228,19200464
151140.081207,19210228
151140.211135,19218742
151140.324496,19226172
151140.444117,19234011
151140.559368,19241564
151140.690574,19250163
151140.853865,19260864
151140.962717,19267997
151141.127168,19278775
151141.274155,19288407
151141.419003,19297900
151141.542373,19305985
151141.648211,19312921
151141.751006,19319658
151141.850035,19326148
151141.987596,19335163
151142.142494,19345314
151142.317309,19356771
151142.466366,19366539
151142.615479,19376311
151142.759642,19385759
151142.879741,19393630
151142.999602,19401485
151143.110342,19408742
151143.211468,19415369
151143.345827,19424175
151143.498416,19434174
151143.640676,19443497
151143.762719,19451496
151143.897109,19460303
151144.040085,19469673
151144.172733,19478366
151144.295157,19486389
151144.402161,19493401
151144.536810,19502226
151144.695922,19512653
151144.825989,19521177
151144.944894,19528969
151145.068912,19537097
151145.202656,19545862
151145.381971,19557613
151145.503739,19565593
151145.661637,19575941
151145.792730,19584532
151145.900411,19591589
151146.027252,19599902
151146.178757,19609831
151146.307568,19618272
151146.428526,19626199
151146.547580,19634001
151146.688929,19643265
151147.053117,19667132
151147.270803,19681398
151147.423577,19691410
151147.559297,19700304
151147.717885,19710697
151147.830043,19718048
151148.066425,19733539
151148.200273,19742311
151148.305897,19749233
151148.388514,19754647
151148.476137,19760389
151148.591560,19767954
151148.710966,19775779
151148.832693,19783756
151148.954064,19791710
151149.211251,19808565
151149.417236,19822064
151149.632130,19836147
151149.762764,19844708
151149.887572,19852888
151149.991281,19859684
151150.130950,19868838
151150.463588,19890637
151150.618123,19900764
151150.766879,19910513
151150.915576,19920258
151151.039116,19928354
151151.149508,19935589
151151.258062,19942703
151151.425471,19953674
151151.571048,19963214
151151.749907,19974936
151151.868147,19982685
151151.999174,19991272
151152.156865,20001606
151152.273089,20009223
151152.400229,20017555
151152.524431,20025694
151152.646419,20033689
151152.759798,20041119
151152.875175,20048680
151153.023019,20058369
151153.146701,20066475
151153.271125,20074629
151153.433783,20085289
151153.562406,20093718
151153.747988,20105880
151153.880158,20114542
151153.970040,20120432
151154.079422,20127601
151154.200204,20135516
151154.319133,20143310
151154.459576,20152514
151154.581936,20160533
151154.694313,20167898
151154.873873,20179665
151155.050419,20191235
151155.178065,20199600
151155.295060,20207268
151155.404256,20214424
151155.509604,20221328
151155.674889,20232160
151155.815559,20241378
151155.955684,20250562
151156.152592,20263466
151156.314226,20274059
151156.446336,20282716
151156.559177,20290111
151156.670415,20297401
151156.762300,20303423
151156.861465,20309922
151156.975555,20317399
151157.157882,20329348
151157.282755,20337531
151157.370909,20343308
151157.489625,20351088
151157.638541,20360848
151157.802629,20371601
151158.020945,20385908
151158.247330,20400745
151158.492783,20416830
151158.673236,20428656
151158.933969,20445743
151159.136656,20459027
151159.342681,20472528
151159.546901,20485912
151159.752194,20499366
151159.975069,20513972
151160.160033,20526094
151160.293803,20534860
151160.496302,20548131
151160.710893,20562194
151160.865321,20572315
151160.995001,20580813
151161.143961,20590575
151161.346999,20603881
151161.491606,20613358
151161.625678,20622145
151161.814816,20634540
151161.960693,20644100
151162.127545,20655034
151162.236613,20662182
151162.370055,20670927
151162.511470,20680195
151162.643333,20688837
151162.760008,20696483
151162.944842,20708596
151163.123407,20720298
151163.306208,20732278
151163.455155,20742039
151163.643319,20754371
151163.796712,20764423
151163.946014,20774208
151164.117626,20785454
151164.274654,20795745
151164.437508,20806418
151164.650547,20820379
151164.781662,20828972
151164.897353,20836554
151165.045631,20846271
151165.214051,20857309
151165.364476,20867167
151165.538381,20878564
151165.660949,20886596
151165.815725,20896739
151165.976865,20907300
151166.115141,20916362
151166.251260,20925282
151166.480474,20940304
151166.596790,20947926
151166.748067,20957840
151166.904003,20968060
151167.041316,20977058
151167.188256,20986688
151167.352536,20997454
151167.527629,21008929
151167.633114,21015842
151167.772782,21024995
151167.952031,21036742
151168.113182,21047303
151168.281939,21058363
151168.409795,21066742
151168.558162,21076465
151168.733079,21087928
151168.902435,21099027
151169.022161,21106873
151169.134350,21114225
151169.244047,21121414
151169.374088,21129937
151169.595746,21144463
151169.730430,21153289
151169.851065,21161195
151169.982440,21169805
151170.182032,21182885
151170.308771,21191191
151170.395754,21196891
151170.516842,21204827
151170.648228,21213437
151170.799405,21223345
151170.964344,21234154
151171.121539,21244456
151171.248478,21252775
151171.390257,21262066
151171.797488,21288754
151171.922843,21296969
151172.034801,21304306
151172.199896,21315126
151172.346650,21324743
151172.492398,21334295
151172.614937,21342326
151172.722569,21349379
151172.868166,21358921
151173.003854,21367813
151173.118285,21375313
151173.261723,21384713
151173.371589,21391913
151173.473194,21398572
151173.580742,21405620
151173.691240,21412861
151173.819120,21421242
151173.913110,21427401
151174.011154,21433827
151174.167119,21444048
151174.304011,21453019
151174.485802,21464933
151174.604144,21472688
151174.723079,21480483
151174.812068,21486315
151174.903770,21492324
151175.029915,21500591
151175.155347,21508811
151175.278986,21516914
151175.423235,21526367
151175.610480,21538639
151175.733323,21546689
151175.829082,21552965
151175.955188,21561229
151176.062632,21568270
151176.186945,21576417
151176.312099,21584619
151176.474925,21595290
151176.669810,21608062
151176.870200,21621194
151176.974881,21628055
151177.094140,21635870
151177.198418,21642704
151177.319411,21650633
151177.447466,21659025
151177.584631,21668015
151177.746114,21678597
151177.958643,21692525
151178.078348,21700370
151178.245885,21711350
151178.404365,21721736
151178.547256,21731100
151178.647969,21737700
151178.742323,21743884
151178.863292,21751812
151179.009394,21761386
151179.142809,21770130
151179.262512,21777974
151179.363618,21784600
151179.507601,21794036
151179.700870,21806702
151179.818824,21814432
151179.925546,21821426
151180.006174,21826710
151180.129710,21834806
151180.240705,21842080
151180.373905,21850810
151180.521957,21860512
151180.693473,21871753
151180.823494,21880273
151180.986344,21890946
151181.141415,21901108
151181.282005,21910322
151181.402066,21918190
151181.517890,21925781
151181.651803,21934557
151181.795081,21943946
151181.949932,21954095
151182.083368,21962839
151182.209588,21971111
151182.357276,21980790
151182.522348,21991608
151182.666962,22001085
151182.769295,22007791
151182.848156,22012960
151182.955704,22020008
151183.067740,22027350
151183.202218,22036163
151183.342219,22045338
151183.465770,22053435
151183.620405,22063569
151183.778716,22073944
151183.921804,22083321
151184.047348,22091549
151184.165957,22099322
151184.262832,22105670
151184.366717,22112479
151184.500826,22121267
151184.662240,22131846
151184.817236,22142003
151184.948215,22150587
151185.100248,22160551
151185.234840,22169371
151185.368835,22178152
151185.496770,22186537
151185.614708,22194266
151185.730791,22201873
151185.933764,22215175
151186.114323,22227008
151186.223783,22234181
151186.324051,22240752
151186.448551,22248912
151186.598751,22258755
151186.722604,22266872
151186.808286,22272487
151186.898522,22278400
151187.031026,22287084
151187.165230,22295879
151187.286647,22303836
151187.397679,22311113
151187.527348,22319611
151187.663258,22328517
151187.814305,22338416
151187.949571,22347281
151188.112208,22357939
151188.229315,22365614
151188.338433,22372765
151188.448376,22379970
151188.579453,22388560
151188.741343,22399170
151188.883924,22408514
151189.011825,22416896
151189.193830,22428823
151189.393154,22441886
151189.506066,22449286
151189.620688,22456798
151189.754434,22465563
151189.873138,22473342
151190.004502,22481951
151190.182186,22493595
151190.352944,22504786
151190.495220,22514110
151190.620400,22522314
151190.822762,22535575
151190.963078,22544771
151191.086566,22552864
151191.216660,22561390
151191.369557,22571410
151191.500297,22579978
151191.735080,22595364
151191.882999,22605058
151192.028133,22614569
151192.246533,22628882
151192.461196,22642950
151192.617250,22653177
151192.810767,22665859
151192.935740,22674049
151193.048130,22681415
151193.149563,22688062
151193.292406,22697424
151193.470677,22709107
151193.690802,22723532
151193.848723,22733882
151193.990531,22743175
151194.145739,22753347
151194.274031,22761754
151194.418689,22771235
151194.527964,22778396
151194.639321,22785694
151194.762013,22793734
151194.878504,22801369
151195.029992,22811296
151195.171244,22820553
151195.275328,22827374
151195.371027,22833646
151195.532677,22844240
151195.677020,22853699
151195.809250,22862365
151195.915327,22869317
151196.040898,22877546
151196.205008,22888301
151196.359825,22898447
151196.483585,22906557
151196.580584,22912914
151196.685625,22919798
151196.778600,22925891
151196.887700,22933041
151196.995261,22940090
151197.122876,22948453
151197.209351,22954121
151197.324170,22961645
151197.452536,22970058
151197.581588,22978515
151197.736621,22988675
151197.849017,22996041
151197.950577,23002697
151198.054901,23009534
151198.180196,23017745
151198.308651,23026163
151198.485203,23037734
151198.614452,23046204
151198.740827,23054486
151198.882929,23063799
151199.015423,23072481
151199.142746,23080826
151199.236035,23086939
151199.337737,23093604
151199.428373,23099544
151199.552064,23107650
151199.719409,23118617
151199.882980,23129337
151200.006871,23137456
151200.114070,23144481
151200.316338,23157737
151200.491227,23169198
151200.593988,23175933
151200.693964,23182485
151200.820351,23190767
151200.963194,23200129
151201.096218,23208846
151201.263545,23219812
151201.379231,23227394
151201.469936,23233338
151201.595583,23241572
151201.734911,23250703
151201.917436,23262665
151202.038613,23270606
151202.149213,23277854
151202.274556,23286069
151202.420087,23295606
151202.580038,23306089
151202.705468,23314309
151202.818565,23321720
151202.964091,23331257
151203.184161,23345680
151203.296160,23353020
151203.401231,23359905
151203.507750,23366886
151203.613849,23373839
151203.736818,23381898
151203.912829,23393433
151204.020261,23400474
151204.118720,23406926
151204.266982,23416642
151204.416937,23426470
151204.587779,23437666
151204.707904,23445538
151204.826410,23453305
151204.939958,23460746
151205.033890,23466902
151205.145231,23474198
151205.269699,23482355
151205.406949,23491350
151205.549542,23500695
151205.701070,23510625
151205.855153,23520723
151205.993954,23529820
151206.114593,23537726
151206.228281,23545176
151206.358660,23553721
151206.576632,23568005
151206.716282,23577157
151206.824471,23584247
151206.945650,23592189
151207.084773,23601306
151207.232510,23610988
151207.390736,23621358
151207.525316,23630177
151207.698975,23641558
151207.883932,23653679
151208.042243,23664054
151208.173036,23672626
151208.296022,23680686
151208.494614,23693700
151208.672225,23705340
151208.846914,23716788
151208.985836,23725893
151209.107322,23733854
151209.286781,23745615
151209.450627,23756353
151209.593542,23765719
151209.732589,23774831
151209.920706,23787159
151210.101721,23799022
151210.225507,23807134
151210.340668,23814681
151210.494368,23824754
151210.669584,23836237
151210.810467,23845470
151210.904842,23851655
151211.016496,23858972
151211.194822,23870658
151211.345516,23880534
151211.498965,23890590
151211.616121,23898268
151211.726955,23905532
151211.832492,23912448
151211.984433,23922406
151212.117263,23931111
151212.290414,23942458
151212.422387,23951107
151212.559755,23960109
151212.696255,23969055
151212.813844,23976761
151212.921362,23983807
151213.035301,23991274
151213.169771,24000087
151213.310471,24009307
151213.488028,24020944
151213.642396,24031060
151213.790146,24040743
151213.926795,24049698
151214.061881,24058551
151214.208440,24068156
151214.336615,24076556
151214.533966,24089489
151214.693908,24099971
151214.829245,24108840
151214.960297,24117429
151215.114319,24127523
151215.271978,24137855
151215.406100,24146645
151215.557215,24156548
151215.729095,24167812
151215.869550,24177017
151216.021873,24186999
151216.191790,24198135
151216.332362,24207347
151216.469241,24216317
151216.627005,24226657
151216.797861,24237854
151216.974415,24249424
151217.108633,24258220
151217.232805,24266358
151217.391138,24276734
151217.534498,24286129
151217.680557,24295701
151217.793306,24303090
151217.944556,24313002
151218.073094,24321426
151218.244281,24332645
151218.386420,24341960
151218.504199,24349678
151218.634657,24358228
151218.756892,24366239
151218.885214,24374648
151219.035251,24384481
151219.231673,24397353
151219.359037,24405700
151219.527171,24416719
151219.680423,24426762
151219.818466,24435809
151219.937284,24443596
151220.073548,24452526
151220.274755,24465712
151220.467618,24478351
151220.603470,24487254
151220.746870,24496652
151220.890833,24506086
151221.012949,24514089
151221.111042,24520518
151221.214076,24527270
151221.345564,24535887
151221.546017,24549024
151221.711661,24559879
151221.826462,24567403
151221.940885,24574902
151222.073926,24583620
151222.201927,24592009
151222.341191,24601136
151222.496436,24611310
151222.624521,24619704
151222.741446,24627366
151222.855028,24634810
151222.982005,24643131
151223.087426,24650040
151223.190616,24656803
151223.291014,24663382
151223.382361,24669369
151223.497474,24676913
151223.650145,24686918
151223.800649,24696781
151223.916383,24704366
151224.011023,24710568
151224.114969,24717380
151224.252414,24726388
151224.370968,24734157
151224.510613,24743309
151224.639561,24751759
151224.755201,24759338
151224.896151,24768575
151225.037979,24777870
151225.170194,24786534
151225.274009,24793338
151225.378522,24800187
151225.480914,24806897
151225.618918,24815942
151225.772516,24826008
151225.904206,24834638
151226.072350,24845657
151226.171490,24852154
151226.304557,24860875
151226.430742,24869144
151226.572255,24878418
151226.690376,24886160
151226.797288,24893166
151226.911627,24900659
151227.098922,24912934
151227.260783,24923541
151227.371540,24930800
151227.480077,24937913
151227.632141,24947878
151227.793330,24958442
151227.920103,24966750
151228.019530,24973266
151228.111892,24979319
151228.229666,24987037
151228.345935,24994657
151228.466669,25002569
151228.610350,25011985
151228.726163,25019575
151228.834015,25026643
151228.960285,25034918
151229.083562,25042997
151229.194664,25050278
151229.283090,25056073
151229.421677,25065155
151229.539569,25072881
151229.647299,25079941
151229.792476,25089456
151229.945421,25099479
151230.095596,25109321
151230.211441,25116913
151230.375634,25127673
151230.587307,25141545
151230.759774,25152848
151230.906446,25162460
151231.064709,25172831
151231.229128,25183607
151231.355053,25191859
151231.550259,25204652
151231.732276,25216580
151231.894356,25227202
151232.048281,25237290
151232.201901,25247357
151232.336911,25256205
151232.451603,25263722
151232.623535,25274989
151232.851493,25289928
151232.990338,25299028
151233.137873,25308696
151233.289755,25318650
151233.507667,25332931
151233.666791,25343359
151233.800202,25352102
151233.965094,25362908
151234.157489,25375517
151234.303144,25385062
151234.447841,25394545
151234.671860,25409226
151234.819966,25418932
151234.968430,25428662
151235.232139,25445944
151235.516950,25464609
151235.764039,25480802
151235.946286,25492746
151236.117035,25503936
151236.430881,25524504
151236.605669,25535958
151236.793962,25548298
151236.952612,25558695
151237.067083,25566197
151237.186430,25574018
151237.365983,25585785
151237.562493,25598664
151237.704043,25607940
151237.805008,25614557
151237.920186,25622105
151238.033718,25629545
151238.213827,25641349
151238.378501,25652141
151238.549999,25663380
151238.755775,25676865
151238.907944,25686838
151239.082241,25698260
151239.218268,25707175
151239.340192,25715165
151239.475381,25724025
151239.725124,25740392
151240.115507,25765976
151240.263000,25775641
151240.422530,25786096
151240.574078,25796028
151240.730362,25806270
151240.894445,25817023
151241.054109,25827487
151241.239699,25839649
151241.408011,25850680
151241.595406,25862961
151241.779462,25875023
151241.934928,25885211
151242.129974,25897994
151242.288557,25908386
151242.429709,25917637
151242.601697,25928908
151242.733275,25937531
151242.865175,25946175
151243.007893,25955528
151243.180899,25966866
151243.303052,25974871
151243.414761,25982192
151243.539381,25990359
151243.706592,26001317
151243.857365,26011198
151244.001264,26020629
151244.151156,26030452
151244.349569,26043455
151244.567675,26057748
151244.714861,26067394
151244.824231,26074562
151244.950519,26082838
151245.116837,26093738
151245.280986,26104495
151245.420248,26113622
151245.598643,26125313
151245.759420,26135849
151245.951915,26148465
151246.091765,26157630
151246.229158,26166634
151246.369174,26175810
151246.498667,26184296
151246.660182,26194881
151246.828255,26205895
151246.966612,26214963
151247.114731,26224670
151247.252087,26233671
151247.371449,26241494
151247.485448,26248965
151247.591777,26255933
151247.711981,26263810
151247.887585,26275319
151248.039131,26285250
151248.160540,26293207
151248.277440,26300868
151248.411906,26309680
151248.590312,26321372
151248.709236,26329166
151248.876233,26340110
151249.060503,26352186
151249.224180,26362912
151249.409694,26375070
151249.549395,26384225
151249.684564,26393084
151249.817785,26401814
151249.956653,26410915
151250.142541,26423097
151250.290169,26432772
151250.420839,26441335
151250.571935,26451238
151250.754403,26463196
151250.885447,26471784
151251.017197,26480418
151251.156958,26489577
151251.369884,26503531
151251.533197,26514234
151251.712069,26525956
151251.853978,26535256
151252.019976,26546135
151252.226485,26559668
151252.404944,26571364
151252.614993,26585129
151252.769118,26595230
151252.900599,26603847
151253.012556,26611184
151253.142280,26619685
151253.282825,26628896
151253.438488,26639097
151253.676168,26654673
151253.838695,26665325
151253.969721,26673911
151254.106831,26682897
151254.204762,26689315
151254.300530,26695591
151254.406475,26702534
151254.532214,26710774
151254.736355,26724153
151254.910901,26735592
151255.047965,26744574
151255.197495,26754374
151255.370425,26765707
151255.493194,26773752
151255.607123,26781219
151255.730566,26789308
151255.947038,26803495
151256.101882,26813643
151256.256644,26823785
151256.407179,26833650
151256.540752,26842404
151256.736051,26855203
151256.872365,26864136
151256.992609,26872016
151257.119621,26880340
151257.250324,26888906
151257.422865,26900213
151257.652821,26915283
151257.842110,26927688
151258.027589,26939844
151258.213312,26952015
151258.353857,26961226
151258.483061,26969693
151258.626225,26979075
151258.765911,26988230
151258.903337,26997236
151259.049068,27006786
151259.234629,27018947
151259.421860,27031217
151259.610180,27043559
151259.756860,27053172
151259.917895,27063725
151260.071710,27073805
151260.274923,27087123
151260.450791,27098648
151260.617791,27109593
151260.795739,27121255
151261.046025,27137657
151261.183445,27146663
151261.305110,27154636
151261.416108,27161910
151261.582419,27172810
151261.799965,27187066
151261.995458,27199878
151262.141864,27209473
151262.266850,27217664
151262.403316,27226607
151262.534884,27235229
151262.686729,27245181
151262.820233,27253930
151262.981435,27264494
151263.120504,27273608
151263.257891,27282612
151263.365301,27289651
151263.492480,27297985
151263.661733,27309077
151263.803140,27318345
151263.919285,27325956
151264.033035,27333411
151264.136338,27340181
151264.248853,27347554
151264.369840,27355483
151264.503215,27364224
151264.626160,27372281
151264.736631,27379521
151264.857330,27387431
151264.963537,27394391
151265.070516,27401402
151265.196645,27409668
151265.327978,27418275
151265.445907,27426003
151265.556101,27433225
151265.675706,27441063
151265.791102,27448626
151265.943958,27458643
151266.079536,27467528
151266.267515,27479847
151266.427955,27490362
151266.560567,27499053
151266.688349,27507427
151266.817553,27515894
151266.943358,27524139
151267.071673,27532548
151267.203087,27541160
151267.346502,27550559
151267.468760,27558571
151267.622293,27568633
151267.764771,27577970
151267.859701,27584191
151267.961765,27590880
151268.064774,27597631
151268.163731,27604116
151268.264210,27610701
151268.362335,27617131
151268.529247,27628070
151268.728158,27641106
151268.848737,27649008
151268.946763,27655432
151269.056933,27662652
151269.194439,27671663
151269.306700,27679020
151269.421855,27686567
151269.547244,27694784
151269.758298,27708616
151269.955424,27721534
151270.112548,27731832
151270.208622,27738128
151270.336229,27746491
151270.449627,27753922
151270.592367,27763277
151270.683467,27769247
151270.772740,27775097
151270.898759,27783356
151271.012445,27790806
151271.170713,27801178
151271.329180,27811564
151271.462092,27820274
151271.581070,27828071
151271.733205,27838041
151271.899264,27848924
151272.045913,27858535
151272.178370,27867215
151272.280388,27873901
151272.397467,27881574
151272.506363,27888710
151272.639056,27897406
151272.794687,27907606
151272.911029,27915230
151273.058378,27924887
151273.278338,27939302
151273.433338,27949460
151273.541995,27956580
151273.651358,27963747
151273.761058,27970937
151273.888589,27979294
151274.018129,27987784
151274.158305,27996970
151274.311933,28007038
151274.499266,28019315
151274.656121,28029595
151274.786277,28038124
151274.873660,28043851
151274.972786,28050347
151275.072195,28056862
151275.187905,28064445
151275.355129,28075404
151275.569481,28089452
151275.699040,28097942
151275.810458,28105244
151275.942066,28113869
151276.085421,28123264
151276.199376,28130732
151276.317307,28138460
151276.444671,28146807
151276.632955,28159146
151276.815309,28171097
151276.946913,28179722
151277.078316,28188333
151277.221288,28197703
151277.394416,28209049
151277.559612,28219875
151277.674515,28227405
151277.780729,28234366
151277.886053,28241268
151278.009257,28249342
151278.143019,28258109
151278.300005,28268397
151278.430085,28276921
151278.572457,28286252
151278.725736,28296297
151278.925843,28309411
151279.021757,28315697
151279.116054,28321876
151279.226954,28329144
151279.382799,28339357
151279.534652,28349309
151279.674309,28358462
151279.785378,28365740
151279.920010,28374564
151280.110977,28387079
151280.251191,28396268
151280.355828,28403125
151280.449692,28409276
151280.556036,28416246
151280.666089,28423458
151280.795266,28431924
151280.958127,28442597
151281.108578,28452456
151281.237596,28460912
151281.402559,28471722
151281.528613,28479983
151281.617456,28485806
151281.708294,28491759
151281.806915,28498222
151281.911473,28505074
151282.011418,28511624
151282.150325,28520727
151282.302518,28530701
151282.472493,28541841
151282.579890,28548879
151282.726891,28558513
151282.881823,28568666
151282.987947,28575621
151283.096033,28582704
151283.182379,28588363
151283.286904,28595213
151283.415758,28603657
151283.572515,28613931
151283.716544,28623369
151283.856809,28632562
151283.980394,28640661
151284.107230,28648973
151284.228569,28656925
151284.306620,28662040
151284.391135,28667579
151284.495971,28674449
151284.650378,28684568
151284.758721,28691669
151284.902667,28701102
151285.033562,28709680
151285.176171,28719026
151285.303446,28727367
151285.447396,28736801
151285.600704,28746848
151285.740246,28755993
151285.868179,28764377
151285.984308,28771987
151286.089262,28778866
151286.210073,28786783
151286.360484,28796640
151286.504506,28806079
151286.627741,28814155
151286.787422,28824619
151287.006962,28839007
151287.139366,28847684
151287.244450,28854571
151287.358711,28862059
151287.457021,28868502
151287.575763,28876283
151287.711353,28885169
151287.833056,28893145
151287.985509,28903136
151288.119800,28911937
151288.261921,28921251
151288.405006,28930628
151288.520797,28938216
151288.634621,28945676
151288.741839,28952702
151288.834938,28958803
151288.933810,28965283
151289.067744,28974060
151289.258556,28986565
151289.410648,28996533
151289.540476,29005041
151289.672642,29013702
151289.766550,29019857
151289.846437,29025092
151289.928255,29030454
151290.028475,29037022
151290.180515,29046986
151290.356469,29058517
151290.518758,29069153
151290.686785,29080164
151290.845858,29090589
151291.004701,29100999
151291.134960,29109535
151291.265526,29118092
151291.388531,29126153
151291.545406,29136434
151291.666537,29144372
151291.799225,29153068
151291.935170,29161977
151292.039261,29168799
151292.140308,29175421
151292.300428,29185914
151292.474493,29197322
151292.651012,29208890
151292.824443,29220256
151292.947210,29228301
151293.070512,29236382
151293.206519,29245295
151293.385538,29257027
151293.517783,29265694
151293.664458,29275306
151293.840658,29286853
151293.962333,29294827
151294.067566,29301724
151294.172232,29308583
151294.271662,29315099
151294.404445,29323801
151294.547307,29333164
151294.673030,29341403
151294.794367,29349355
151294.927660,29358090
151295.029739,29364780
151295.146694,29372444
151295.251545,29379316
151295.347192,29385584
151295.464250,29393255
151295.581852,29400962
151295.667843,29406598
151295.768301,29413181
151295.917332,29422948
151296.069897,29432946
151296.186657,29440598
151296.285313,29447064
151296.424414,29456180
151296.566326,29465480
151296.683884,29473184
151296.802477,29480956
151296.907473,29487837
151297.024609,29495514
151297.170768,29505092
151297.295932,29513295
151297.472354,29524856
151297.638775,29535763
151297.777614,29544862
151297.903443,29553108
151298.008491,29559992
151298.117283,29567122
151298.253443,29576045
151298.380616,29584379
151298.509431,29592821
151298.634229,29601000
151298.745564,29608296
151298.846649,29614921
151298.957199,29622166
151299.063493,29629132
151299.183282,29636982
151299.320550,29645978
151299.479104,29656369
151299.617437,29665434
151299.733686,29673053
151299.818702,29678624
151299.930373,29685943
151300.051994,29693913
151300.214043,29704533
151300.374247,29715032
151300.626724,29731578
151300.775561,29741332
151300.900030,29749489
151301.019842,29757341
151301.138695,29765130
151301.264714,29773389
151301.411573,29783013
151301.605171,29795701
151301.815046,29809455
151302.018706,29822802
151302.153526,29831637
151302.269236,29839220
151302.384993,29846806
151302.486228,29853441
151302.613550,29861785
151302.816408,29875079
151303.002213,29887256
151303.172594,29898422
151303.326740,29908524
151303.447411,29916432
151303.585918,29925509
151303.700353,29933008
151303.819996,29940849
151303.943529,29948945
151304.095802,29958924
151304.239904,29968368
151304.383670,29977790
151304.578191,29990537
151304.732614,30000658
151304.846909,30008148
151304.954266,30015184
151305.076755,30023211
151305.234346,30033539
151305.344302,30040745
151305.453903,30047927
151305.614239,30058435
151305.762700,30068164
151305.898328,30077053
151306.031469,30085778
151306.172305,30095008
151306.314801,30104346
151306.448319,30113096
151306.580574,30121764
151306.676219,30128032
151306.800710,30136190
151306.953143,30146180
151307.138987,30158359
151307.310774,30169617
151307.533239,30184197
151307.669750,30193143
151307.812153,30202475
151307.936520,30210626
151308.050964,30218126
151308.174273,30226207
151308.304999,30234774
151308.454930,30244600
151308.686539,30259778
151308.838635,30269746
151308.949261,30276996
151309.066597,30284685
151309.192448,30292933
151309.302750,30300161
151309.405409,30306889
151309.512276,30313893
151309.665236,30323917
151309.905822,30339684
151310.081404,30351191
151310.239255,30361535
151310.376940,30370559
151310.512191,30379422
151310.653300,30388670
151310.787628,30397473
151310.978830,30410003
151311.231229,30426544
151311.387824,30436807
151311.511102,30444886
151311.646064,30453731
151311.751287,30460626
151311.883442,30469287
151312.017357,30478063
151312.231484,30492096
151312.397537,30502978
151312.535960,30512050
151312.671282,30520918
151312.783866,30528296
151312.926734,30537659
151313.077298,30547526
151313.298754,30562040
151313.441065,30571366
151313.559679,30579139
151313.672440,30586529
151313.799382,30594848
151313.927409,30603238
151314.056418,30611693
151314.193078,30620649
151314.327239,30629441
151314.492768,30640289
151314.623111,30648831
151314.733347,30656056
151314.830417,30662417
